frequency,monetary,product_breadth,total_units,primary_country,average_order_value,average_basket_units,cancellation_rate,recency_days,tenure_days,partition,masked_customer_id,cluster,distance_to_centroid,assignment_margin,persona
1,77183.6,1,74215,United Kingdom,77183.6,74215.0,0.5,326,0,discovery,035aa6dd9298,1,3.436748046571211,0.5494008293837718,Established mid-value customers
1,334.4,17,197,Norway,334.4,197.0,0.0,311,0,discovery,78e909fe3321,3,0.5032703561658874,1.5207220066940526,Long-recency customers
8,2506.04,59,536,Norway,313.255,67.0,0.10526315789473684,37,260,discovery,6542d9ec09a4,0,0.8581858277265567,0.3643330731332325,High-value frequent customers
1,89.0,4,20,Bahrain,89.0,20.0,0.0,205,0,discovery,c0549693522f,3,0.9130146978569987,1.0534636765620276,Long-recency customers
1,459.4,13,240,Bahrain,459.4,240.0,0.0,215,0,discovery,bb651c1504ac,3,0.6170044552800423,1.0979868487942572,Long-recency customers
3,2811.43,53,1591,Portugal,937.1433333333333,530.3333333333334,0.0,23,303,discovery,52e1b53e71a6,0,1.0449279978567823,0.02314889764657857,High-value frequent customers
1,6207.67,131,2708,Switzerland,6207.67,2708.0,0.0,34,0,discovery,8369fe44da84,1,2.0543144155740287,0.27409280146468173,Established mid-value customers
2,1168.06,13,248,Austria,584.03,124.0,0.0,2,149,discovery,86f4fdfa4a0d,0,1.7758793001658937,0.15909863079810194,High-value frequent customers
4,6310.03,214,1609,Cyprus,1577.5075,402.25,0.02390438247011952,58,274,discovery,f131e0fe1098,1,1.3138965117218409,0.09400715912705482,Established mid-value customers
3,2662.06,105,1165,Austria,887.3533333333334,388.3333333333333,0.0,53,148,discovery,188f12f5446d,1,0.715686210803881,0.7271451087599637,Established mid-value customers
1,189.9,10,91,Belgium,189.9,91.0,0.0,288,0,discovery,69ece6752dff,3,0.37507323488576894,1.611141737214545,Long-recency customers
4,1313.1,70,1506,Belgium,328.275,376.5,0.0,8,105,discovery,c508b915d14b,0,0.8490091652898858,0.61987043178358,High-value frequent customers
1,168.9,11,173,Denmark,168.9,173.0,0.0,5,0,discovery,6f0a3882847b,2,1.234747975063474,1.5037515761841473,Recent occasional customers
4,3541.94,143,2352,Cyprus,885.4849999999999,588.0,0.0,52,309,discovery,6d46a3cd6242,1,0.9561171494903878,0.29142038079125576,Established mid-value customers
2,1887.96,63,591,Switzerland,943.98,295.5,0.0,45,15,discovery,afbae5d418f3,1,0.7815735794519166,0.8426739420900341,Established mid-value customers
3,1298.04,34,794,Denmark,432.68,264.6666666666667,0.0,72,225,discovery,7877419940e8,1,0.18915370069118936,1.5571832177810898,Established mid-value customers
1,364.6,14,197,Austria,364.6,197.0,0.0,312,0,discovery,33f7f9f305da,3,0.554678615075322,1.47763978641031,Long-recency customers
2,457.5,14,178,Finland,228.75,89.0,0.05555555555555555,11,88,discovery,aa907b297e74,2,0.9515507482369197,0.5681271991339509,Recent occasional customers
2,1628.12,72,944,Switzerland,814.06,472.0,0.0,316,39,discovery,136ef816f795,1,1.5445173819446005,0.24836408482432026,Established mid-value customers
1,4008.62,219,2529,Switzerland,4008.62,2529.0,0.0,130,0,discovery,668712626b82,1,1.9077287329450086,0.36676066302846366,Established mid-value customers
2,852.24,39,407,Belgium,426.12,203.5,0.024390243902439025,82,89,discovery,444e7234eab3,1,0.6154262695324414,0.7040743923507887,Established mid-value customers
5,1845.31,70,808,Norway,369.062,161.6,0.04395604395604396,5,115,discovery,a27973b07079,0,0.6286437266158953,1.178378834816918,High-value frequent customers
5,1850.56,84,1532,Belgium,370.11199999999997,306.4,0.01,185,168,discovery,47b5c1b92aee,1,1.1152477070456697,1.1110756636216301,Established mid-value customers
6,2780.66,57,1462,Australia,463.4433333333333,243.66666666666666,0.0,16,311,discovery,b09ce37b24c5,0,0.32583837056729914,1.1020249470466614,High-value frequent customers
1,439.66,92,293,Cyprus,439.66,293.0,0.0,22,0,discovery,8dc5e690a5f2,2,0.5384716476232735,1.3298435285188828,Recent occasional customers
4,1582.6000000000001,47,816,Australia,395.65,204.0,0.0,73,260,discovery,5f50990b966f,1,0.4375465264566241,1.1191958286883041,Established mid-value customers
2,1272.48,26,819,Belgium,636.24,409.5,0.0,64,154,discovery,349a2b4e7159,1,0.5897185416254286,0.8605197082083641,Established mid-value customers
12,3018.63,91,2118,Belgium,251.5525,176.5,0.018867924528301886,20,352,discovery,540e8f5e01f8,0,0.5419573502325441,1.1442071645135188,High-value frequent customers
2,2409.9,110,1263,Belgium,1204.9499999999998,631.5,0.0,36,100,discovery,4eb4b8d0f77f,1,0.9613752885426514,0.7018370557081557,Established mid-value customers
1,1635.6599999999999,85,1394,Switzerland,1635.6599999999999,1394.0,0.0,46,0,discovery,6e6a39d5fa1c,2,1.4578714425692187,0.14119871269630502,Recent occasional customers
4,1108.65,47,1178,Belgium,277.1625,294.5,0.0,120,142,discovery,7f1016ae8388,1,0.5788017773272393,1.4357529863898932,Established mid-value customers
1,225.6,11,94,Belgium,225.6,94.0,0.0,324,0,discovery,f47dd7fa99e3,3,0.42761639159614334,1.6469802773484334,Long-recency customers
1,427.7,5,96,Denmark,427.7,96.0,0.16666666666666666,50,0,discovery,33f0984bfa35,2,0.6236621557819015,0.7519539850707422,Recent occasional customers
2,3415.3,92,1818,Denmark,1707.65,909.0,0.027777777777777776,23,161,discovery,a3257353bd9b,1,1.2955521566734252,0.22968423651419445,Established mid-value customers
5,1708.1200000000001,57,1416,Belgium,341.62399999999997,283.2,0.0,50,215,discovery,353ff9f41f72,1,0.6775044445202529,0.5194340705554714,Established mid-value customers
5,2888.55,81,1409,Belgium,577.71,281.8,0.07079646017699115,33,228,discovery,2a4035db33e3,0,0.8367651227564689,0.2174063799273661,High-value frequent customers
2,693.3299999999999,26,211,Switzerland,346.66499999999996,105.5,0.07142857142857142,309,0,discovery,59f7385a647e,3,1.247700015636161,0.2725052167278621,Long-recency customers
3,1226.88,43,829,Denmark,408.96000000000004,276.3333333333333,0.0,75,95,discovery,47bb9b4b23e8,1,0.17013020743588844,1.5926666648403445,Established mid-value customers
3,758.1,29,286,France,252.70000000000002,95.33333333333333,0.05,67,271,discovery,bdbd8a52c269,1,0.25141567042929724,1.252378646881355,Established mid-value customers
3,562.41,16,300,Austria,187.47,100.0,0.0,218,93,discovery,357488e1fa0e,1,1.147624608469349,0.35183158678741355,Established mid-value customers
21,124914.53,444,77374,Australia,5948.310952380953,3684.4761904761904,0.07969151670951156,25,313,discovery,e06153eb8052,0,2.3382147858854694,1.0587897459499627,High-value frequent customers
9,3649.1,158,1552,Belgium,405.4555555555555,172.44444444444446,0.030303030303030304,4,354,discovery,f80cb4e62639,0,0.536221980506276,1.7127019840250197,High-value frequent customers
1,668.58,34,407,Switzerland,668.58,407.0,0.0,113,0,discovery,638ee5d934d5,3,1.0893445158774813,0.21948338516944088,Long-recency customers
1,600.39,29,345,Cyprus,600.39,345.0,0.0,64,0,discovery,aca7febe0eb3,2,0.9120165431034267,0.43632699440433986,Recent occasional customers
3,803.5600000000001,39,370,Australia,267.8533333333333,123.33333333333333,0.0,96,229,discovery,15a73d9a6db2,1,0.37075418504385177,1.2992409725815468,Established mid-value customers
8,1859.31,97,1339,Belgium,232.41375,167.375,0.007936507936507936,1,353,discovery,a014dc726816,0,1.0568624009427257,1.4475067018783208,High-value frequent customers
2,1760.96,30,740,Australia,880.4800000000001,370.0,0.0,163,0,discovery,d23f6a7e9f61,1,1.0360472562706045,0.7935983426638213,Established mid-value customers
3,825.8,26,533,Germany,275.26666666666665,177.66666666666666,0.11428571428571428,22,350,discovery,16cc49258902,1,0.827478525102361,0.5823915878909566,Established mid-value customers
9,7956.46,258,3536,Finland,884.0511111111111,392.8888888888889,0.02,26,258,discovery,183e04fbcc1f,0,0.888770152073544,0.9988913993682162,High-value frequent customers
4,3750.4,82,1557,Denmark,937.6,389.25,0.0,10,356,discovery,335270dc2bf6,0,0.5960081943101925,1.030931232994659,High-value frequent customers
1,256.4,11,117,Norway,256.4,117.0,0.0,44,0,discovery,5b4633cedb2e,2,0.4882365947748782,0.8817656658536248,Recent occasional customers
5,5059.32,107,1801,Norway,1011.8639999999999,360.2,0.0,43,130,discovery,24bed0f6e37d,0,1.074528528572652,0.2156364001580382,High-value frequent customers
2,806.14,46,394,Australia,403.07,197.0,0.07407407407407407,85,176,discovery,751236e925f7,1,0.6368685003449511,0.672218091133317,Established mid-value customers
2,7829.89,31,2055,Denmark,3914.945,1027.5,0.0,80,188,discovery,64d3dab0c4a7,1,1.5343319902052994,0.5968755211266346,Established mid-value customers
1,509.01,16,211,Norway,509.01,211.0,0.0,100,0,discovery,a3483eede3cc,3,0.9870886186816414,0.1311905934306159,Long-recency customers
18,4951.41,118,2922,France,275.0783333333333,162.33333333333334,0.004975124378109453,2,330,discovery,a8735478a7cf,0,1.0197903093540412,1.731593058104801,High-value frequent customers
2,2906.85,84,1180,Norway,1453.425,590.0,0.0,15,126,discovery,b37890cdced7,1,1.4177174512462016,0.036044885854119135,Established mid-value customers
1,173.55,11,121,France,173.55,121.0,0.0,367,0,discovery,aa39ad4bffa3,3,0.6011547215567845,1.6331204096225538,Long-recency customers
1,172.06,12,182,Spain,172.06,182.0,0.0,4,0,discovery,99be231dbf48,2,1.3218170998656944,1.4747464384228575,Recent occasional customers
5,5005.46,138,1153,Norway,1001.092,230.6,0.0,22,150,discovery,d159b972ec75,0,0.6819821673414093,0.7980017612627051,High-value frequent customers
1,133.4,4,62,Spain,133.4,62.0,0.0,23,0,discovery,6d7bb94fa253,2,0.8227833251270781,1.073711931608817,Recent occasional customers
1,1002.3100000000001,57,351,RSA,1002.3100000000001,351.0,0.0,58,0,discovery,7c551289e5c0,2,1.1814242048398114,0.35905271602832123,Recent occasional customers
1,476.49,26,190,Belgium,476.49,190.0,0.0,244,0,discovery,179acf0eb166,3,0.6539550878700304,1.1817862488033768,Long-recency customers
1,449.45,22,243,Spain,449.45,243.0,0.0,45,0,discovery,9d1d83bbc569,2,0.6003740282021696,0.8642957668703087,Recent occasional customers
4,4067.29,118,1553,Belgium,1016.8225,388.25,0.0,23,165,discovery,3880e649e9df,0,0.7961031812374684,0.4922585859660247,High-value frequent customers
2,197.88,7,128,Spain,98.94,64.0,0.0,157,17,discovery,9288b0e772da,3,0.8432561066326384,0.6702741088898859,Long-recency customers
2,430.57,21,185,Switzerland,215.285,92.5,0.043478260869565216,17,0,discovery,41c9b4932e6e,2,0.7737385468837157,0.5602184331478004,Recent occasional customers
1,707.09,43,473,Austria,707.09,473.0,0.0,135,0,discovery,caf30bba94f3,3,1.0530548073668204,0.4052816931414116,Long-recency customers
6,2466.86,85,2089,Spain,411.1433333333334,348.1666666666667,0.0,74,223,discovery,e49fec5c5ece,1,0.9492452592416855,0.4483456049453932,Established mid-value customers
3,3181.04,105,1633,Switzerland,1060.3466666666666,544.3333333333334,0.031007751937984496,45,210,discovery,3cfd040885f9,1,0.8710190617027421,0.47498389150653464,Established mid-value customers
7,2363.23,53,843,Switzerland,337.6042857142857,120.42857142857143,0.07352941176470588,67,173,discovery,626da768b457,1,1.0288189943214305,0.2829522264354709,Established mid-value customers
2,947.4,35,506,Switzerland,473.70000000000005,253.0,0.0,72,213,discovery,0214afbd4fa2,1,0.5776230386472917,0.7405745980751256,Established mid-value customers
2,826.88,35,287,Switzerland,413.44,143.5,0.0,95,60,discovery,166f1f7d6750,1,0.6670645559702864,0.7138423787000949,Established mid-value customers
2,1189.59,51,536,Spain,594.7950000000001,268.0,0.1388888888888889,19,285,discovery,fb1661b92720,1,1.0731205333313574,0.24255366409934953,Established mid-value customers
4,1344.78,65,776,Belgium,336.195,194.0,0.056818181818181816,54,188,discovery,a04211198c84,1,0.38280635110967487,1.0155202482060173,Established mid-value customers
2,742.1899999999999,46,479,Belgium,371.095,239.5,0.0784313725490196,18,152,discovery,d6e629b6a93f,2,1.0275737545235064,0.10194759065578118,Recent occasional customers
2,729.5400000000001,36,366,Germany,364.77000000000004,183.0,0.05,188,129,discovery,148a49eab456,1,1.100342135026243,0.1416569222062456,Established mid-value customers
30,19788.65,150,8200,Germany,659.6216666666667,273.3333333333333,0.1339622641509434,3,362,discovery,57de3fb73729,0,1.5492409954430753,1.647439324136152,High-value frequent customers
7,6572.11,219,4148,Germany,938.8728571428572,592.5714285714286,0.1329923273657289,33,337,discovery,2f7e20d2d02e,0,0.9232059645979774,0.7084813439487415,High-value frequent customers
5,3928.0499999999997,140,2414,Germany,785.61,482.8,0.06179775280898876,30,162,discovery,8a7f27d70842,0,0.7949731842474728,0.45019839089254576,High-value frequent customers
18,7324.09,253,4833,Germany,406.8938888888889,268.5,0.07252747252747253,18,312,discovery,627daa438fbd,0,0.8857678440570197,1.3081495139269177,High-value frequent customers
1,723.38,36,535,Germany,723.38,535.0,0.0,54,0,discovery,be70d39739fc,2,0.9459451604800324,0.5978770402099256,Recent occasional customers
11,6816.42,177,2408,Germany,619.6745454545454,218.9090909090909,0.11742424242424243,16,346,discovery,35335cad5be9,0,0.6744997003158376,1.3602299974610141,High-value frequent customers
6,13219.74,191,3653,Germany,2203.29,608.8333333333334,0.025974025974025976,23,279,discovery,abc595b42c80,0,1.0977850483980223,0.9314672630476684,High-value frequent customers
1,680.99,36,236,Greece,680.99,236.0,0.0,4,0,discovery,a786395a5b10,2,1.4145919497747952,0.9621339272841245,Recent occasional customers
4,3281.63,129,1707,Germany,820.4075,426.75,0.0,29,308,discovery,c163bd163f37,0,0.88603623396308,0.19486500448446942,High-value frequent customers
10,5579.82,150,3294,Germany,557.9820000000001,329.4,0.004608294930875576,23,343,discovery,bae1c90cb328,0,0.6955622378275432,1.1049001632172015,High-value frequent customers
6,4527.32,256,2187,Spain,754.5533333333333,364.5,0.011527377521613832,33,304,discovery,2fb9b8e13ef0,0,0.8278510137323302,0.5427446840172166,High-value frequent customers
3,1298.66,46,529,France,432.8866666666667,176.33333333333334,0.0,10,66,discovery,97e5cdf7d747,0,1.0987106012429229,0.2152772379011405,High-value frequent customers
1,334.93,15,105,France,334.93,105.0,0.0,337,0,discovery,0741d7d9b1b5,3,0.5606883666007012,1.5415038670074632,Long-recency customers
10,5417.93,131,3064,France,541.793,306.4,0.0,6,324,discovery,d5485e53ba7d,0,0.5450297712438555,1.7131881543795648,High-value frequent customers
1,460.40000000000003,25,260,France,460.40000000000003,260.0,0.0,39,0,discovery,e4c51e79902f,2,0.5656339499907613,1.0044580465593569,Recent occasional customers
2,263.21000000000004,19,192,Germany,131.60500000000002,96.0,0.0,64,42,discovery,bf3b02ece62d,2,0.84353356575101,0.42234223826674555,Recent occasional customers
2,433.74,20,207,France,216.87,103.5,0.043478260869565216,166,32,discovery,001f935eb764,3,0.9749242748599515,0.22323030454532822,Long-recency customers
7,1246.1000000000001,63,707,France,178.01428571428573,101.0,0.08333333333333333,16,350,discovery,ec7a4397c427,0,0.7008716982646498,0.6172688159960239,High-value frequent customers
1,1043.1,14,1236,Germany,1043.1,1236.0,0.0,82,0,discovery,944b3425e9e2,2,1.3481022353262784,0.1773869408786457,Recent occasional customers
3,403.70000000000005,21,159,Germany,134.56666666666666,53.0,0.0,22,36,discovery,f43718ae5c55,1,1.1111137612304312,0.061124305803248236,Established mid-value customers
11,4257.82,34,2678,Germany,387.07454545454544,243.45454545454547,0.06153846153846154,24,310,discovery,4ef96d1ffd73,0,0.6562749935729048,1.058468223693687,High-value frequent customers
1,2169.39,149,1783,Germany,2169.39,1783.0,0.06875,337,0,discovery,a3cd491e4dc2,3,1.846278864213715,0.3427662503911384,Long-recency customers
5,3723.87,102,820,Spain,744.774,164.0,0.0,96,214,discovery,1744079763ff,1,1.1073653981574638,0.5299646661819413,Established mid-value customers
2,482.04999999999995,6,90,Germany,241.02499999999998,45.0,0.4,19,12,discovery,f472f62483b3,2,0.7872255163705781,0.4451223381169165,Recent occasional customers
1,73.5,23,23,France,73.5,23.0,0.0,233,0,discovery,00a9ccc47200,3,1.0952269388057168,1.0745485070671716,Long-recency customers
3,1304.81,19,894,Spain,434.93666666666667,298.0,0.043478260869565216,135,164,discovery,8db0942b6740,1,0.6278443425167596,1.3400069604603315,Established mid-value customers
2,397.88,57,271,France,198.94,135.5,0.0,27,3,discovery,3cb145396118,2,0.6539971233855901,0.5156521563322309,Recent occasional customers
1,176.5,7,55,France,176.5,55.0,0.0,285,0,discovery,fcdf9afbeb92,3,0.4048494656391211,1.585754886006392,Long-recency customers
2,982.5699999999999,29,353,Spain,491.28499999999997,176.5,0.0,143,183,discovery,e16613e249f0,1,0.866780925156215,0.609248876013064,Established mid-value customers
2,132.18,31,96,Israel,66.09,48.0,0.0,67,0,discovery,4f6f9cb4105a,2,1.1270207095363742,0.2576053308298807,Recent occasional customers
1,612.29,35,462,France,612.29,462.0,0.027777777777777776,113,0,discovery,a06f8b0b2353,3,1.0319994211181143,0.24127137189655778,Long-recency customers
1,383.7,16,131,Italy,383.7,131.0,0.0,354,0,discovery,128035c3b8a3,3,0.6671087380843237,1.492348261539012,Long-recency customers
5,2481.6,232,1361,Germany,496.32,272.2,0.0071174377224199285,29,162,discovery,f02ca5107075,0,0.7661187927166503,0.2668074738157272,High-value frequent customers
5,2056.89,84,1318,Germany,411.378,263.6,0.0,1,110,discovery,709a2845c4b3,0,1.0886155595726819,1.3066983901972309,High-value frequent customers
1,330.84,17,175,Germany,330.84,175.0,0.0,64,0,discovery,d82472465102,2,0.6979382783203317,0.42642995205264345,Recent occasional customers
2,192.72,11,194,Germany,96.36,97.0,0.0,40,12,discovery,588b8a56b01d,2,0.7435950464349819,0.8226244539747862,Recent occasional customers
11,1789.77,84,865,France,162.70636363636365,78.63636363636364,0.03636363636363636,20,312,discovery,5beb8169adcc,0,0.6326324083009275,0.874197940396834,High-value frequent customers
3,1316.66,64,632,Germany,438.8866666666666,210.66666666666666,0.0,1,94,discovery,473ffe4ad6e9,0,1.4782991996261114,0.8107351584713944,High-value frequent customers
3,348.71000000000004,18,234,Germany,116.23666666666668,78.0,0.0,82,244,discovery,805eb400155b,1,0.905835394205789,0.47246092001830775,Established mid-value customers
6,1933.48,50,756,Germany,322.24666666666667,126.0,0.031578947368421054,10,303,discovery,853b1581d55e,0,0.3628860263130904,1.1846082762190602,High-value frequent customers
4,1662.28,51,913,Germany,415.57,228.25,0.029411764705882353,60,277,discovery,04b40e198358,1,0.4631322980884313,0.9465457574844864,Established mid-value customers
1,125.22,17,45,Germany,125.22,45.0,0.0,15,0,discovery,5fe2cfc0cdbf,2,0.9685470685185045,1.2121743426316167,Recent occasional customers
1,349.83000000000004,16,153,France,349.83000000000004,153.0,0.0,31,0,discovery,4433d797b561,2,0.3980480104941772,1.261860903699305,Recent occasional customers
1,1089.18,63,651,Germany,1089.18,651.0,0.0,131,0,discovery,97b0bbfea3fe,3,1.3718303130759055,0.2622803588264375,Long-recency customers
2,716.35,28,219,France,358.17499999999995,109.5,0.0,92,95,discovery,7e0b31f11a80,1,0.6951075870648745,0.600281496467488,Established mid-value customers
3,12601.830000000002,260,2803,France,4200.610000000001,934.3333333333334,0.04395604395604396,44,16,discovery,470dfd2e4033,0,1.6244364012575696,0.11661035190956359,High-value frequent customers
4,5568.35,157,2067,Spain,1392.0875,516.75,0.0036496350364963502,23,311,discovery,ae05fdde9476,0,0.8732231608375257,0.5818239857090505,High-value frequent customers
17,13400.24,277,6685,Spain,788.2494117647059,393.2352941176471,0.006237006237006237,20,342,discovery,3f89eb7fc2cb,0,1.179801151602325,1.22538719899067,High-value frequent customers
3,981.18,46,680,Spain,327.06,226.66666666666666,0.0,30,251,discovery,a07d91c94ec4,1,0.5954553383033685,0.8179766438335481,Established mid-value customers
1,372.7,19,136,Spain,372.7,136.0,0.05,37,0,discovery,23bd6fc6dfed,2,0.4508121391103109,1.0988329325116957,Recent occasional customers
2,1161.5,59,633,Spain,580.75,316.5,0.014285714285714285,47,31,discovery,603f85b598dd,1,0.6321457330525713,0.6797264355402051,Established mid-value customers
2,207.79999999999998,7,134,Spain,103.9,67.0,0.0,198,83,discovery,a402c839c5dc,3,0.7849149601367077,0.9109306998311356,Long-recency customers
1,95.19999999999999,5,49,Spain,95.19999999999999,49.0,0.0,167,0,discovery,3209ac0357e5,3,0.8835980679025596,0.8956352715628387,Long-recency customers
1,964.83,57,569,Spain,964.83,569.0,0.0,80,0,discovery,dd3742c048ff,2,1.2903585247070157,0.1983396714149357,Recent occasional customers
1,168.0,10,100,Spain,168.0,100.0,0.0,358,0,discovery,98ecdc55e4ff,3,0.5944318756209939,1.6223490216989627,Long-recency customers
2,437.82,20,88,Italy,218.91,44.0,0.0,39,1,discovery,505be2eb155c,2,0.7167580314810771,0.2670939108394237,Recent occasional customers
10,3692.28,95,1965,France,369.22799999999995,196.5,0.025510204081632654,9,321,discovery,4d133768ce82,0,0.2793222826775272,1.6980727201912953,High-value frequent customers
2,599.56,100,355,Spain,299.78,177.5,0.0,51,101,discovery,f8a3b34e4876,1,0.7438013064458757,0.19332386768347587,Established mid-value customers
5,11990.960000000001,15,4384,Spain,2398.192,876.8,0.0,17,355,discovery,3427a4865c11,0,1.0102070191163655,1.0035729159130644,High-value frequent customers
1,269.96,11,196,USA,269.96,196.0,0.5,8,0,discovery,1137207ddbcd,2,0.9039020467669916,1.4695358540148304,Recent occasional customers
2,561.71,21,283,Germany,280.855,141.5,0.045454545454545456,311,9,discovery,8a012b7014c3,3,1.1296624262941726,0.44069298215947894,Long-recency customers
3,2134.01,91,1110,Germany,711.3366666666667,370.0,0.05405405405405406,6,138,discovery,2702301a5c22,0,0.989717522014573,0.6824688682769492,High-value frequent customers
1,238.85,16,177,Germany,238.85,177.0,0.0,303,0,discovery,43da63369a17,3,0.36998119484684916,1.6347287451129604,Long-recency customers
7,3781.7400000000002,99,1779,France,540.2485714285714,254.14285714285714,0.0,9,190,discovery,3adfffea1bd0,0,0.17533663740197386,1.6747044880622948,High-value frequent customers
1,456.9,21,133,France,456.9,133.0,0.0,262,0,discovery,c636ff1a9f21,3,0.6361685342672762,1.2576522806820098,Long-recency customers
1,145.92,9,80,Saudi Arabia,145.92,80.0,0.1,289,0,discovery,9950bb8a5553,3,0.5366374254747716,1.5138978191924886,Long-recency customers
10,9401.28,323,4305,France,940.128,430.5,0.0367170626349892,23,347,discovery,e77246b86421,0,0.9337450656997895,1.1043709935639976,High-value frequent customers
32,4124.69,92,1801,Germany,128.89656250000002,56.28125,0.015706806282722512,3,250,discovery,966fe51902a8,0,1.0222336706634392,1.6897841783610488,High-value frequent customers
2,519.61,31,523,France,259.805,261.5,0.0,40,82,discovery,263013af6723,2,0.798219609282317,0.0826530014631286,Recent occasional customers
2,1020.42,53,452,Germany,510.21000000000004,226.0,0.03225806451612903,9,43,discovery,b43caa0c7198,2,1.4003027822766247,0.07651681819595413,Recent occasional customers
1,218.45,11,61,France,218.45,61.0,0.0,316,0,discovery,916acb974330,3,0.40877065654161643,1.6451867218147436,Long-recency customers
5,1315.83,72,967,Poland,263.166,193.4,0.011235955056179775,36,269,discovery,d21ba9de25f1,1,0.7193897432082265,0.3596293346149254,Established mid-value customers
2,2794.51,111,1196,Italy,1397.255,598.0,0.05,22,309,discovery,ea948a22f7dd,1,1.2262296183296524,0.2879887431659425,Established mid-value customers
1,440.42,29,285,France,440.42,285.0,0.06451612903225806,79,0,discovery,9bd82d88f3ae,2,0.9056892734528538,0.16192227475760734,Recent occasional customers
1,415.7,24,238,Germany,415.7,238.0,0.0,247,0,discovery,d36974ffef4f,3,0.5503541127549816,1.2748975572783867,Long-recency customers
1,197.71,15,161,Germany,197.71,161.0,0.0,40,0,discovery,9bd25c43bdca,2,0.5588938572203117,0.8861745060304964,Recent occasional customers
2,511.36,21,300,Finland,255.68,150.0,0.0,239,50,discovery,cf7c77c0d868,3,1.0288205944453326,0.35277686631972216,Long-recency customers
15,7281.38,115,5060,France,485.42533333333336,337.3333333333333,0.01593625498007968,3,371,discovery,b36f3ca231d4,0,0.9776589307482662,1.7273861482906454,High-value frequent customers
9,2338.15,44,416,Italy,259.7944444444445,46.22222222222222,0.23809523809523808,4,277,discovery,dec97ea7e804,0,0.5516184096690517,1.590012216719986,High-value frequent customers
2,2040.1,77,1279,Germany,1020.05,639.5,0.10309278350515463,235,117,discovery,786e5cb76305,1,1.3440457738438276,0.5640935698913951,Established mid-value customers
1,196.94000000000003,11,79,Italy,196.94000000000003,79.0,0.08333333333333333,18,0,discovery,da0d9662b34f,2,0.6123453398665923,1.3831940061762693,Recent occasional customers
1,144.0,4,51,Finland,144.0,51.0,0.0,8,0,discovery,924136fe1394,2,1.1075416266593876,1.4079001775491402,Recent occasional customers
1,214.89999999999998,10,53,Finland,214.89999999999998,53.0,0.0,40,0,discovery,67aafbba578c,2,0.514592723786869,0.9248802583233791,Recent occasional customers
2,646.68,29,306,France,323.34000000000003,153.0,0.0,29,116,discovery,abfb908a55b9,2,0.8882058139005867,0.030002283162790078,Recent occasional customers
2,9864.26,68,4283,Germany,4932.13,2141.5,0.02857142857142857,212,0,discovery,d82be9056ff4,1,1.9456793261585574,0.8727920921656735,Established mid-value customers
2,437.6,11,290,Germany,218.8,145.0,0.0,93,121,discovery,2901605e7b3a,1,0.9413246239865052,0.18214449220346007,Established mid-value customers
3,418.09999999999997,14,206,France,139.36666666666667,68.66666666666667,0.0,109,110,discovery,30084f087232,1,0.8443936680736471,0.6818793302714906,Established mid-value customers
4,3811.22,184,2236,Spain,952.805,559.0,0.037383177570093455,20,249,discovery,191da523f7fe,0,0.7287503458681674,0.586221016981334,High-value frequent customers
8,3023.08,84,1964,France,377.885,245.5,0.007518796992481203,10,275,discovery,15385d5ec54f,0,0.07146233058298594,1.713145318615942,High-value frequent customers
7,1032.58,32,956,France,147.51142857142855,136.57142857142858,0.0,30,275,discovery,cc374b04b578,1,1.0187202913174644,0.03278908551150739,Established mid-value customers
5,577.0600000000001,21,245,Germany,115.41199999999999,49.0,0.034482758620689655,190,143,discovery,812965f48301,1,1.1482205084899328,0.873676535909383,Established mid-value customers
1,153.12,12,162,France,153.12,162.0,0.0,59,0,discovery,deecc359d942,2,0.8675389566125759,0.3380096268951899,Recent occasional customers
2,254.18,15,201,France,127.09,100.5,0.0,80,182,discovery,36b96ef1b0eb,2,0.9805822664272884,0.19606219421386173,Recent occasional customers
1,1579.51,101,1228,USA,1579.51,1228.0,0.5,61,0,discovery,112e239f81d7,2,1.49865941286981,0.07166453945912532,Recent occasional customers
3,1126.85,57,648,Germany,375.6166666666666,216.0,0.0,79,240,discovery,51e410b7c6ab,1,0.16536714308368428,1.5735504599458123,Established mid-value customers
5,2099.54,85,1049,Italy,419.908,209.8,0.04504504504504504,23,104,discovery,11f83ab9997b,0,0.6675202957615559,0.40512662089474605,High-value frequent customers
1,1193.32,65,846,Italy,1193.32,846.0,0.0,53,0,discovery,fd4ee847aeb4,2,1.2710681743516699,0.2789191260216197,Recent occasional customers
1,315.6,20,76,Germany,315.6,76.0,0.0,278,0,discovery,0793780c5635,3,0.40239363535664463,1.5118940399446887,Long-recency customers
4,2291.19,82,1376,France,572.7975,344.0,0.0,3,166,discovery,dbecf7379f1e,0,0.872095284709099,1.1462197086144406,High-value frequent customers
2,713.3,25,284,France,356.65,142.0,0.1111111111111111,96,202,discovery,6c4776407ad8,1,0.7112706544687584,0.6067134528829898,Established mid-value customers
1,352.98,39,210,France,352.98,210.0,0.0,30,0,discovery,07389c6b0e07,2,0.39932663360646353,1.2848211887804541,Recent occasional customers
1,177.31,11,96,Italy,177.31,96.0,0.0,22,0,discovery,7e5ee2ca61d0,2,0.6177149438582923,1.2559210402356251,Recent occasional customers
9,3641.24,50,3378,Germany,404.5822222222222,375.3333333333333,0.05263157894736842,17,237,discovery,935a3bddd3ff,0,0.3697183435077382,1.313361715107293,High-value frequent customers
3,1339.41,89,1181,France,446.46999999999997,393.6666666666667,0.0,15,190,discovery,5b250f668a62,1,1.0747845664691773,0.034963209084172275,Established mid-value customers
1,180.1,11,69,Germany,180.1,69.0,0.0,233,0,discovery,b898b00db2f3,3,0.30739943591575747,1.4946167786601359,Long-recency customers
1,305.1,18,191,Germany,305.1,191.0,0.0,277,0,discovery,04e4228eeedb,3,0.3815588050260003,1.5286552111918867,Long-recency customers
2,641.13,36,355,France,320.565,177.5,0.0,107,71,discovery,979dabe7050b,1,0.793099799461738,0.5276660483461525,Established mid-value customers
2,2683.82,73,1612,Germany,1341.9099999999999,806.0,0.054945054945054944,212,108,discovery,d1845396f2cc,1,1.3550203275110309,0.7325789237206903,Established mid-value customers
9,6620.48,232,3453,Germany,735.6088888888888,383.6666666666667,0.04234527687296417,24,303,discovery,775c2f5686fc,0,0.7681841458683717,1.0540437143656498,High-value frequent customers
7,4478.53,162,2752,Germany,639.79,393.14285714285717,0.0,11,130,discovery,fb3cc588fa9d,0,0.27292704440574883,1.5561843751092268,High-value frequent customers
3,786.46,34,448,Germany,262.15333333333336,149.33333333333334,0.046511627906976744,5,60,discovery,66a5d78cdb7a,0,1.409057241064976,0.2811059096159998,High-value frequent customers
2,1270.88,60,548,Finland,635.44,274.0,0.0,10,34,discovery,e47bab7c6be9,1,1.429233268852364,0.06802377261251569,Established mid-value customers
4,2163.98,73,1162,Germany,540.995,290.5,0.019417475728155338,59,229,discovery,23df9b3b9179,1,0.6241226409968913,0.7275634105642302,Established mid-value customers
2,1689.18,96,1172,Germany,844.5899999999999,586.0,0.0,90,65,discovery,631f51c9c376,1,0.7224723315775015,1.0238596462108542,Established mid-value customers
8,6002.9,205,2994,France,750.3625000000001,374.25,0.010362694300518135,68,256,discovery,e6102f1cece6,0,1.3918422123468648,0.1662370217878415,High-value frequent customers
1,671.69,39,577,Sweden,671.69,577.0,0.0,34,0,discovery,8ddbc2d36855,2,0.785594492214723,0.8675599131078423,Recent occasional customers
1,486.1,22,201,Sweden,486.1,201.0,0.0,239,0,discovery,a8d437e56dba,3,0.6667892583747673,1.1539031223666187,Long-recency customers
3,1174.58,47,311,France,391.5266666666667,103.66666666666667,0.0,24,58,discovery,05c83fcf8651,1,0.7546499291886019,0.5087621788043845,Established mid-value customers
1,185.9,10,72,Sweden,185.9,72.0,0.0,116,0,discovery,c2db9ef1f225,3,0.6363017257387296,0.574039452454163,Long-recency customers
3,1013.26,39,552,Germany,337.75333333333333,184.0,0.0,26,82,discovery,c9bb3f0fa6ce,1,0.6941074249795729,0.6579367921998807,Established mid-value customers
1,477.91,31,325,Germany,477.91,325.0,0.0,130,0,discovery,2460e495eb5e,3,0.8018102895334365,0.4964637677732191,Long-recency customers
4,1775.18,58,1084,Germany,443.795,271.0,0.013513513513513514,34,283,discovery,489d6f497a3e,1,0.7057656752407526,0.33955710328546473,Established mid-value customers
1,318.05,21,160,Germany,318.05,160.0,0.0,155,0,discovery,6fc4b583824f,3,0.4614524480455005,0.9222146074934325,Long-recency customers
3,623.51,28,586,Germany,207.83666666666667,195.33333333333334,0.06060606060606061,108,105,discovery,c83fb12f2005,1,0.5759214069897822,1.0631773039124865,Established mid-value customers
1,314.44,20,254,France,314.44,254.0,0.0,4,0,discovery,634c7ec386d5,2,1.2322431413775294,1.3154440177591644,Recent occasional customers
1,114.0,9,78,France,114.0,78.0,0.0,335,0,discovery,beb97528dad3,3,0.7969975380029153,1.4676540719239464,Long-recency customers
1,919.98,48,505,France,919.98,505.0,0.058823529411764705,332,0,discovery,0436956d91a0,3,1.2295932171930093,0.8816859532159036,Long-recency customers
5,601.98,31,264,Germany,120.396,52.8,0.0,11,285,discovery,d00a8bb96e19,0,1.2648271540732485,0.15381287816001166,High-value frequent customers
4,1643.18,35,1044,France,410.795,261.0,0.16071428571428573,12,67,discovery,f80c9b4ff34c,0,0.7307633780230322,0.5455138306124984,High-value frequent customers
1,686.05,36,320,Germany,686.05,320.0,0.0,19,0,discovery,d7e93572826b,2,0.8471828731643201,0.9656917621690004,Recent occasional customers
1,91.68,5,105,France,91.68,105.0,0.0,30,0,discovery,1b81ab65e502,2,1.1330657681975753,0.7233759064005898,Recent occasional customers
1,245.1,13,127,France,245.1,127.0,0.0,12,0,discovery,7676fc504edf,2,0.7118990677770635,1.532000899793716,Recent occasional customers
11,3849.78,129,2058,Germany,349.98,187.0909090909091,0.008620689655172414,1,373,discovery,8196c9c80d6c,0,1.0510453910303172,1.6789021608191295,High-value frequent customers
9,4881.88,10,1203,Finland,542.4311111111111,133.66666666666666,0.02631578947368421,9,314,discovery,f5431ba65a76,0,0.3692591650547058,1.664494624972574,High-value frequent customers
1,63.0,3,37,Germany,63.0,37.0,0.25,325,0,discovery,583ad19af562,3,1.3010306881183469,1.2146095754677904,Long-recency customers
1,620.13,33,395,Finland,620.13,395.0,0.0,59,0,discovery,dafe6ee0f94c,2,0.8903588883264122,0.524449108556299,Recent occasional customers
4,3807.15,115,1634,Germany,951.7874999999999,408.5,0.041666666666666664,12,344,discovery,3781dd7947ba,0,0.6054123100161195,0.9425460854005323,High-value frequent customers
5,2996.05,58,1397,France,599.2099999999999,279.4,0.02127659574468085,11,222,discovery,d09f38d4963d,0,0.3467620421641245,1.21163090017507,High-value frequent customers
2,610.52,42,351,Germany,305.26,175.5,0.0,6,321,discovery,0a9cdfe67734,2,1.2969893632541634,0.43719503774871527,Recent occasional customers
4,1970.6,52,1133,France,492.65,283.25,0.07777777777777778,39,169,discovery,5361eff8cb07,1,0.6888418474759573,0.40999297825741843,Established mid-value customers
6,1331.39,33,670,Sweden,221.89833333333334,111.66666666666667,0.0,25,287,discovery,309adfefaece,0,0.8395584719781183,0.1784234741791576,High-value frequent customers
12,17628.46,105,10923,France,1469.0383333333332,910.25,0.011976047904191617,43,311,discovery,e846d7f70082,0,1.5197566517383372,0.7699024369766163,High-value frequent customers
4,1113.02,43,554,France,278.255,138.5,0.14285714285714285,59,225,discovery,266931d9d60f,1,0.3066436408598638,1.2117750644873433,Established mid-value customers
4,862.81,33,443,France,215.7025,110.75,0.0,1,113,discovery,db28e62fd19a,0,1.4789925225144223,0.8253354859892772,High-value frequent customers
22,13787.54,267,7536,France,626.7063636363636,342.54545454545456,0.01238390092879257,15,353,discovery,7a1e1f75ed06,0,1.1999816233940572,1.356426876167651,High-value frequent customers
7,2283.63,61,1985,France,326.23285714285714,283.57142857142856,0.0,8,206,discovery,969b6d70f5e8,0,0.2482392983066131,1.504256096570923,High-value frequent customers
6,2863.08,117,1523,France,477.18,253.83333333333334,0.0,29,65,discovery,2e902111275c,0,0.6925909436449241,0.49791872842068396,High-value frequent customers
1,89.14,7,107,France,89.14,107.0,0.0,372,0,discovery,1b495aff1755,3,1.0464423637031222,1.4098170716517937,Long-recency customers
1,4873.8099999999995,171,3028,Israel,4873.8099999999995,3028.0,0.0,114,0,discovery,22212fff60bf,1,1.9484274572406197,0.4667105228413826,Established mid-value customers
2,1247.61,57,628,France,623.805,314.0,0.0,26,102,discovery,1beeff9ab280,1,0.9067987694277232,0.40981482861067364,Established mid-value customers
1,389.01,16,106,France,389.01,106.0,0.0,206,0,discovery,7b3671f81e11,3,0.4896087646437591,1.1617655410932566,Long-recency customers
4,855.91,35,255,Germany,213.97750000000002,63.75,0.04878048780487805,128,192,discovery,e1b575c4a73b,1,0.6439383551900622,1.3760243371133898,Established mid-value customers
2,869.67,32,509,France,434.83500000000004,254.5,0.0,71,113,discovery,0fa2ba8cdc27,1,0.5884277598326486,0.6760280266030572,Established mid-value customers
4,582.1,23,220,France,145.525,55.0,0.0,8,203,discovery,1de96f48373e,0,1.3785934693640027,0.1501734440398348,High-value frequent customers
3,957.59,37,508,Sweden,319.19666666666666,169.33333333333334,0.046511627906976744,29,141,discovery,d27cd08b60da,1,0.6209404398025822,0.7921326199434491,Established mid-value customers
4,4939.99,193,2967,France,1234.9975,741.75,0.007407407407407408,8,208,discovery,efe9c47c097a,0,0.6815639057368377,1.1551107396521483,High-value frequent customers
2,797.71,50,678,Germany,398.855,339.0,0.0,80,163,discovery,f62e35a71978,1,0.6251447592433905,0.6481142489735301,Established mid-value customers
1,219.0,12,53,Germany,219.0,53.0,0.0,20,0,discovery,1c85e87b52ab,2,0.5239554893503958,1.3978790945099742,Recent occasional customers
1,283.55,21,164,Germany,283.55,164.0,0.045454545454545456,72,0,discovery,89213490a10e,2,0.7733692740490604,0.2307529166728436,Recent occasional customers
8,2340.84,64,1006,Finland,292.605,125.75,0.022222222222222223,8,162,discovery,20bb2afba1cb,0,0.2414793007974481,1.5699920614726581,High-value frequent customers
9,6868.29,228,3997,Germany,763.1433333333333,444.1111111111111,0.040229885057471264,16,342,discovery,7757e8ff23b8,0,0.6315029947814284,1.3320397511567104,High-value frequent customers
1,603.42,33,256,France,603.42,256.0,0.0,292,0,discovery,b70ba1f980c1,3,0.8774258803900294,1.1725095409875856,Long-recency customers
10,2712.91,86,1307,Germany,271.291,130.7,0.09770114942528736,30,339,discovery,27feea1c075d,0,0.7353649505598472,0.6982889295682728,High-value frequent customers
15,9706.52,93,3912,Germany,647.1013333333334,260.8,0.19140625,16,351,discovery,0364c453fa47,0,0.9414099200547481,1.3463129905786477,High-value frequent customers
3,1149.02,75,851,Germany,383.00666666666666,283.6666666666667,0.02531645569620253,97,105,discovery,577c1f75f8ba,1,0.32928882131473586,1.4989759811744843,Established mid-value customers
13,4396.13,58,1062,Germany,338.1638461538462,81.6923076923077,0.06338028169014084,29,343,discovery,5cd3fb80cdd6,0,0.8183059210099519,0.9281970305607832,High-value frequent customers
1,848.55,38,508,Germany,848.55,508.0,0.0,1,0,discovery,7dfe10f0e6db,2,1.9229298033640636,0.8324983844894125,Recent occasional customers
5,4708.86,216,3069,France,941.7719999999999,613.8,0.0,10,285,discovery,d57799752ed7,0,0.45764388573238945,1.31595452596887,High-value frequent customers
1,343.36,20,192,Sweden,343.36,192.0,0.0,107,0,discovery,c5372ee46eec,3,0.7507098312529028,0.33012274405467146,Long-recency customers
2,1053.49,60,708,France,526.745,354.0,0.0,4,130,discovery,aa5f626d192c,2,1.6794404552206648,0.024900701647528667,Recent occasional customers
2,1030.98,49,506,Greece,515.49,253.0,0.017857142857142856,152,94,discovery,51fe86c7edda,1,0.9074361209948809,0.5858029300570666,Established mid-value customers
1,238.25,19,203,France,238.25,203.0,0.0,72,0,discovery,b0b85d2994f4,2,0.7952946912605597,0.19386344332562788,Recent occasional customers
2,644.95,34,374,France,322.475,187.0,0.07142857142857142,6,60,discovery,da7c07f1493b,2,1.3183956007510977,0.40555659329742233,Recent occasional customers
25,5781.73,211,4672,Germany,231.26919999999998,186.88,0.013927576601671309,3,367,discovery,d8fef5c1af78,0,1.033124285842039,1.7210353580725173,High-value frequent customers
6,2656.13,133,1959,France,442.68833333333333,326.5,0.018292682926829267,32,323,discovery,bfd5912cd147,0,0.7649848171193138,0.3576314845481735,High-value frequent customers
4,997.63,50,566,France,249.4075,141.5,0.07017543859649122,86,65,discovery,f84c6f2b3c73,1,0.36280157172698174,1.44180690806232,Established mid-value customers
5,725.07,53,434,France,145.01399999999998,86.8,0.0,4,62,discovery,f3ee8537ad16,0,1.2257651835487007,0.652645807439862,High-value frequent customers
4,1031.41,47,445,France,257.8525,111.25,0.0,6,327,discovery,02c57a351888,0,1.0227024991349956,0.5868220515437241,High-value frequent customers
1,427.8,24,164,Italy,427.8,164.0,0.0,372,0,discovery,05c19d1a78e6,3,0.7629594564844324,1.456545396578219,Long-recency customers
7,2609.1,57,3143,France,372.7285714285714,449.0,0.0,29,329,discovery,944aae8b74e2,0,0.6790188702156394,0.5572581734970923,High-value frequent customers
4,836.33,38,419,France,209.08249999999998,104.75,0.0,72,261,discovery,08641b9d97e1,1,0.34276720390823945,1.4135849775197615,Established mid-value customers
1,453.01,26,233,France,453.01,233.0,0.0,114,0,discovery,fb2b99db58de,3,0.8429750017961789,0.3385027948450997,Long-recency customers
12,18895.91,109,8437,France,1574.6591666666666,703.0833333333334,0.010830324909747292,24,341,discovery,9403ff2a4377,0,1.333697847239133,1.084983170838088,High-value frequent customers
1,236.26000000000002,12,111,France,236.26000000000002,111.0,0.0,180,0,discovery,1daa400a74e8,3,0.26642546875449086,1.259567788570145,Long-recency customers
1,110.39999999999999,4,88,France,110.39999999999999,88.0,0.0,353,0,discovery,c8e9ad51ff8c,3,0.8495013406187126,1.4743120673634198,Long-recency customers
1,234.0,4,173,France,234.0,173.0,0.0,333,0,discovery,6e050f5ee2cc,3,0.4511210274951626,1.6466384190572647,Long-recency customers
1,427.6,27,342,France,427.6,342.0,0.0,64,0,discovery,6425887a9b07,2,0.7595212439701691,0.44274129684039254,Recent occasional customers
2,540.13,114,315,Unspecified,270.065,157.5,0.0,135,0,discovery,0c6881774fde,1,0.9781571933995222,0.16501848465730407,Established mid-value customers
7,21279.29,178,5241,Singapore,3039.8985714285714,748.7142857142857,0.03056768558951965,52,267,discovery,1b194159ef1f,0,1.6573827917119983,0.5363854071352647,High-value frequent customers
11,4196.01,42,1275,United Kingdom,381.4554545454546,115.9090909090909,0.0,3,367,discovery,3aa26fef8549,0,0.7244097207498232,1.7264748603000977,High-value frequent customers
209,33053.19,1768,25287,United Kingdom,158.14923444976077,120.99043062200957,0.010316214397847051,1,373,discovery,cd6b780cd692,0,2.098516221766768,1.6716917705664107,High-value frequent customers
5,4090.88,160,1471,United Kingdom,818.176,294.2,0.13852813852813853,4,210,discovery,de7e2d7c99c5,0,0.63825869181221,1.466390472443843,High-value frequent customers
1,275.88,15,137,Poland,275.88,137.0,0.0,129,0,discovery,f5eb585e0067,3,0.5385968836203302,0.6889914009711332,Long-recency customers
1,4366.78,53,2262,Norway,4366.78,2262.0,0.0,82,0,discovery,b7a1a5dc0d71,1,1.8611148819550856,0.3776607448613074,Established mid-value customers
6,21429.39,132,11421,Japan,3571.565,1903.5,0.14347826086956522,23,340,discovery,d5514902b0e1,0,1.3539396800968908,0.9249992730502661,High-value frequent customers
3,3010.74,49,6481,Japan,1003.5799999999999,2160.3333333333335,0.03076923076923077,236,73,discovery,daac9bdfb48c,1,1.3596406712552318,1.0417763428937883,Established mid-value customers
1,112.07999999999998,4,144,Japan,112.07999999999998,144.0,0.0,87,0,discovery,d7d2cf739c7b,3,1.072308747247894,0.19439061204060581,Long-recency customers
13,7834.650000000001,237,2395,Portugal,602.6653846153847,184.23076923076923,0.016216216216216217,16,196,discovery,fa89228aea8a,0,0.7933567667777431,1.3582907444861463,High-value frequent customers
2,2791.59,84,2135,Portugal,1395.795,1067.5,0.0,117,160,discovery,f9a6969a2de9,1,1.038992827956389,1.110748167813717,Established mid-value customers
3,1531.44,81,902,Netherlands,510.48,300.6666666666667,0.0,53,223,discovery,ea70c9d69385,1,0.34223645842478856,1.1790734950259167,Established mid-value customers
2,494.08,16,316,Japan,247.04,158.0,0.0,139,231,discovery,b2f1a5021f12,1,1.0345640323331238,0.053893379907058,Established mid-value customers
1,1693.88,45,386,Lebanon,1693.88,386.0,0.0,317,0,discovery,bd5350ea39d4,3,1.6584617880944772,0.45191050122444887,Long-recency customers
7,6989.63,205,3646,Portugal,998.5185714285715,520.8571428571429,0.0,4,363,discovery,987765229a9c,0,0.7489246327985184,1.632007162404529,High-value frequent customers
1,1143.6,32,356,Brazil,1143.6,356.0,0.0,239,0,discovery,225474a8103f,3,1.3300314498089594,0.5759597040024627,Long-recency customers
1,1351.45,12,743,Japan,1351.45,743.0,0.0,211,0,discovery,ff1271bb17fe,3,1.4531096858610788,0.3953357311049257,Long-recency customers
1,892.47,55,556,Portugal,892.47,556.0,0.0,60,0,discovery,ec1f67abdddf,2,1.1183585321455751,0.42490726048640526,Recent occasional customers
5,1386.04,47,877,Netherlands,277.20799999999997,175.4,0.014925373134328358,18,294,discovery,0725879fbde2,0,0.7470357993411243,0.3499141714455045,High-value frequent customers
8,3981.36,88,2024,Poland,497.66999999999996,253.0,0.06289308176100629,38,334,discovery,9a20d367b26c,0,0.8874416016619564,0.5263660107066768,High-value frequent customers
2,826.74,25,671,Czech Republic,413.37,335.5,0.16666666666666666,64,221,discovery,ef0e497827e6,1,0.5964783158143134,0.5974939089571241,Established mid-value customers
5,2330.92,81,1086,Portugal,466.184,217.2,0.037383177570093455,5,353,discovery,a48edf0612de,0,0.5517525801288721,1.3027267568317802,High-value frequent customers
6,2225.91,76,624,Portugal,370.98499999999996,104.0,0.023255813953488372,3,73,discovery,479d209e49c1,0,0.6821362957187825,1.4271456656114467,High-value frequent customers
2,532.8199999999999,54,280,Portugal,266.40999999999997,140.0,0.0,10,6,discovery,00b3f14ff359,2,1.04389956075956,0.47338963110123977,Recent occasional customers
1,311.95,14,131,Portugal,311.95,131.0,0.06666666666666667,365,0,discovery,b32643049339,3,0.5936852296155896,1.58493244886786,Long-recency customers
3,463.66,17,261,Netherlands,154.5533333333333,87.0,0.0,10,183,discovery,95d25ee967df,2,1.3756528306565126,0.07908021449380387,Recent occasional customers
1,324.92,21,166,Netherlands,324.92,166.0,0.0,193,0,discovery,a416d3954aa6,3,0.370036410584778,1.2076981168764052,Long-recency customers
1,192.60000000000002,2,97,Netherlands,192.60000000000002,97.0,0.0,374,0,discovery,22088725125b,3,0.583209981741028,1.6514840412522407,Long-recency customers
2,545.48,21,295,Portugal,272.74,147.5,0.0,335,37,discovery,c64b8335dcaa,3,1.1384113251275587,0.5043149359233743,Long-recency customers
1,430.48,14,68,Portugal,430.48,68.0,0.0,19,0,discovery,d430555c518f,2,0.5715685725351669,1.347360774768925,Recent occasional customers
3,6977.04,6,5256,Japan,2325.68,1752.0,0.0,11,160,discovery,ce9ec0f5a789,0,1.0692135061430297,0.763158051366809,High-value frequent customers
1,427.58,25,314,Netherlands,427.58,314.0,0.038461538461538464,187,0,discovery,dbd97a1724bc,3,0.5788355422051545,1.0001980872812843,Long-recency customers
3,483.65000000000003,27,188,Portugal,161.21666666666667,62.666666666666664,0.0,37,332,discovery,f63087f7d41a,1,0.75554876845648,0.4550703327738289,Established mid-value customers
1,489.31,25,220,Portugal,489.31,220.0,0.038461538461538464,178,0,discovery,31313e6e3aff,3,0.6934626354676632,0.8694785488918924,Long-recency customers
3,514.85,27,230,Portugal,171.61666666666667,76.66666666666667,0.0,261,24,discovery,5aadfdcc608e,1,1.3333121214005832,0.14076205565546718,Established mid-value customers
1,229.64000000000001,15,164,Japan,229.64000000000001,164.0,0.0,45,0,discovery,0071a5760e60,2,0.5313366196861337,0.8192728095409451,Recent occasional customers
1,125.92,2,49,Poland,125.92,49.0,0.0,102,0,discovery,bac96f30591d,3,0.9030998638726006,0.3867869501991289,Long-recency customers
2,1063.46,38,379,Poland,531.73,189.5,0.0,148,51,discovery,f08dda9364ff,1,0.8891436318298143,0.6293302541428802,Established mid-value customers
2,572.2,27,128,Poland,286.1,64.0,0.0,96,81,discovery,9927abde31f9,1,0.801759523574751,0.4260516834403212,Established mid-value customers
1,1542.08,14,929,Austria,1542.08,929.0,0.125,262,0,discovery,1aa4c63083f7,3,1.5600164130075087,0.4204126861590609,Long-recency customers
4,942.34,55,722,United Kingdom,235.585,180.5,0.0,4,323,discovery,2e4eb812cb6a,0,1.1485563498654994,0.6584794225742852,High-value frequent customers
1,92.72,6,70,United Kingdom,92.72,70.0,0.0,215,0,discovery,aaa4752922d5,3,0.8726561667148001,1.1085515746721541,Long-recency customers
2,948.88,41,550,United Kingdom,474.44,275.0,0.02127659574468085,71,17,discovery,42ff1a88370b,1,0.5761876017695761,0.7371223695880137,Established mid-value customers
5,1759.5,1,230,United Kingdom,351.9,46.0,0.0,75,222,discovery,c5d8cb370250,1,0.6635213697102867,0.8205545854864732,Established mid-value customers
1,397.12,25,232,United Kingdom,397.12,232.0,0.0,60,0,discovery,4c945ceb43b0,2,0.6960733099633679,0.5266573017206541,Recent occasional customers
7,1474.72,58,1058,United Kingdom,210.67428571428573,151.14285714285714,0.031914893617021274,3,363,discovery,9ee20609d9dc,0,0.8118391666662788,1.286431281532683,High-value frequent customers
3,430.15000000000003,19,197,United Kingdom,143.38333333333333,65.66666666666667,0.0,6,39,discovery,29fadbab3ab2,2,1.5224862323440393,0.2131168993907484,Recent occasional customers
6,1018.71,46,494,United Kingdom,169.785,82.33333333333333,0.0,3,128,discovery,288f3bf197b1,0,1.0282934440215126,1.0035805589180398,High-value frequent customers
2,293.0,9,376,United Kingdom,146.5,188.0,0.08333333333333333,337,24,discovery,e9cf5920d1ec,3,0.9019342314868776,0.9765207465598643,Long-recency customers
6,6814.64,13,9848,United Kingdom,1135.7733333333333,1641.3333333333333,0.02564102564102564,38,134,discovery,518566757173,0,1.0354202281423157,0.5211232380183684,High-value frequent customers
1,215.05,9,135,United Kingdom,215.05,135.0,0.0,263,0,discovery,1d9b49577c00,3,0.27185382911461836,1.6099425370917768,Long-recency customers
2,383.03,27,195,United Kingdom,191.51500000000001,97.5,0.0,33,66,discovery,807947f8b135,2,0.6449075276985312,0.4730431528044481,Recent occasional customers
1,417.38,24,156,United Kingdom,417.38,156.0,0.0,146,0,discovery,7986b69d2ea0,3,0.6554628565012733,0.7075322903380415,Long-recency customers
1,312.38,18,110,United Kingdom,312.38,110.0,0.0,283,0,discovery,e43275ef68ef,3,0.4068408284423516,1.5242000828272118,Long-recency customers
4,2610.36,148,1062,United Kingdom,652.59,265.5,0.0,60,252,discovery,b9eba037c5e9,1,0.7424755091863249,0.6040565178861146,Established mid-value customers
1,134.1,12,24,United Kingdom,134.1,24.0,0.0,174,0,discovery,403ff79ae478,3,0.577817746233833,1.0670807543540788,Long-recency customers
2,671.95,115,355,United Kingdom,335.975,177.5,0.0,34,340,discovery,c4dafb3d5080,1,0.8330194549092618,0.08417727956952137,Established mid-value customers
14,5591.42,95,3807,United Kingdom,399.38714285714286,271.92857142857144,0.006329113924050633,3,365,discovery,f4ac397a1381,0,0.8665481168167518,1.7372770725815068,High-value frequent customers
4,2726.77,67,1511,United Kingdom,681.6925,377.75,0.02586206896551724,144,83,discovery,d12d6b2505b1,1,1.0112903597499157,1.0187523072688942,Established mid-value customers
25,3991.58,229,2720,United Kingdom,159.6632,108.8,0.04387990762124711,5,367,discovery,4384d4a99162,0,0.8221327857954557,1.6689489480682718,High-value frequent customers
2,1118.99,34,547,United Kingdom,559.495,273.5,0.0,71,238,discovery,5e57fea5ae7f,1,0.5746357695004032,0.8342825194475614,Established mid-value customers
8,1702.26,69,781,United Kingdom,212.7825,97.625,0.046296296296296294,66,199,discovery,89d22778cbc2,1,1.0071745028091525,0.3465999385548768,Established mid-value customers
2,325.96000000000004,47,125,United Kingdom,162.98000000000002,62.5,0.0,30,101,discovery,501a40122bad,2,0.6057536495629889,0.6460795784051709,Recent occasional customers
4,354.09,26,204,United Kingdom,88.5225,51.0,0.0,268,23,discovery,c3b7216c0f59,1,1.5401466934317505,0.14235685997004355,Established mid-value customers
1,843.64,72,873,United Kingdom,843.64,873.0,0.0,23,0,discovery,933062d15909,2,0.9571162230902801,0.7724997898958612,Recent occasional customers
2,1010.29,47,597,United Kingdom,505.145,298.5,0.0,32,237,discovery,ed7ef87d0f6c,1,0.7887639966549271,0.3853175235961155,Established mid-value customers
1,131.81,43,106,United Kingdom,131.81,106.0,0.0,97,0,discovery,f990773b9ce8,3,0.9106077320795263,0.3220721635717527,Long-recency customers
1,311.55,17,149,United Kingdom,311.55,149.0,0.15,295,0,discovery,cf5da9e1f598,3,0.4312319558118419,1.539526000698976,Long-recency customers
3,1316.25,95,626,United Kingdom,438.75,208.66666666666666,0.043859649122807015,79,240,discovery,e64980d6e6c3,1,0.2364354310669595,1.565577034301383,Established mid-value customers
1,38.1,3,30,United Kingdom,38.1,30.0,0.0,373,0,discovery,6c8dc68d0335,3,1.823744676610704,1.1139041208808411,Long-recency customers
6,2170.78,155,1076,United Kingdom,361.7966666666667,179.33333333333334,0.009554140127388535,8,56,discovery,360f068c5e3f,0,0.32472880025974693,1.356324384476478,High-value frequent customers
2,1106.4,37,343,United Kingdom,553.2,171.5,0.0,211,92,discovery,230ca5ef18a0,1,1.1577216040332812,0.34441668371431633,Established mid-value customers
1,521.2,5,188,United Kingdom,521.2,188.0,0.16666666666666666,53,0,discovery,993c718beb55,2,0.746073450813613,0.6614889656477628,Recent occasional customers
1,147.12,3,216,United Kingdom,147.12,216.0,0.0,139,0,discovery,348840951d13,3,0.6173475340944533,0.8151290622868416,Long-recency customers
7,4009.34,240,4284,United Kingdom,572.7628571428571,612.0,0.02376599634369287,27,334,discovery,3febbfb26092,0,0.6501324091707844,0.7938551584687107,High-value frequent customers
6,1607.0600000000002,72,928,United Kingdom,267.84333333333336,154.66666666666666,0.0,186,188,discovery,fb5cba4f7099,1,1.1764216859230388,1.0534849124260126,Established mid-value customers
2,380.64,8,200,United Kingdom,190.32,100.0,0.0,85,123,discovery,7b4b8baeed30,1,1.0132142560918718,0.021192746707227483,Established mid-value customers
2,599.97,58,319,United Kingdom,299.985,159.5,0.0,327,39,discovery,83b4fc7c83a1,3,1.1814077032303065,0.4172522989279739,Long-recency customers
1,374.0,4,128,United Kingdom,374.0,128.0,0.0,283,0,discovery,adaea7f04deb,3,0.518455560150426,1.4225312799208312,Long-recency customers
2,2218.02,67,1941,Belgium,1109.01,970.5,0.0,58,139,discovery,4f15785790fb,1,0.807103029136549,0.9692837730465148,Established mid-value customers
12,1535.77,100,1178,United Kingdom,127.98083333333334,98.16666666666667,0.0,4,355,discovery,a0f296f9fe32,0,0.7783745565868778,1.3982784954673617,High-value frequent customers
3,573.22,7,370,United Kingdom,191.07333333333335,123.33333333333333,0.16666666666666666,45,47,discovery,bf696538bd18,1,0.5587901633818212,0.7340506997256805,Established mid-value customers
1,298.0,7,21,United Kingdom,298.0,21.0,0.0,276,0,discovery,79a251d9c725,3,0.3670711297698677,1.5395166820029447,Long-recency customers
2,1463.04,12,246,United Kingdom,731.52,123.0,0.0,10,24,discovery,7fdb011eeda7,1,1.4444341045451754,0.08380537627610019,Established mid-value customers
1,309.05,7,43,United Kingdom,309.05,43.0,0.0,89,0,discovery,9a492eaaf53f,3,0.8562790513930763,0.07341234719465739,Long-recency customers
3,1175.22,66,655,United Kingdom,391.74,218.33333333333334,0.013888888888888888,64,60,discovery,52ecc1dffde2,1,0.10646926537012012,1.5869684316440382,Established mid-value customers
2,1378.4,75,770,United Kingdom,689.2,385.0,0.046511627906976744,68,152,discovery,73c4cccf50ca,1,0.6083845430918446,0.9109434865759047,Established mid-value customers
1,376.71999999999997,78,256,United Kingdom,376.71999999999997,256.0,0.0,25,0,discovery,1d1bfe375b21,2,0.4378980257885964,1.3819448033047013,Recent occasional customers
3,331.0,2,950,United Kingdom,110.33333333333333,316.6666666666667,0.0,186,107,discovery,602b4dbefb35,1,1.289547484435804,0.05222235709762857,Established mid-value customers
2,372.8,22,210,United Kingdom,186.4,105.0,0.08333333333333333,43,44,discovery,5a15840d8e8f,2,0.6902492839053106,0.3687505353120367,Recent occasional customers
2,216.5,3,110,United Kingdom,108.25,55.0,0.0,205,97,discovery,5ed57604e6b7,3,0.7778848358535292,0.9414122964329982,Long-recency customers
28,17654.54,30,23075,United Kingdom,630.5192857142857,824.1071428571429,0.072,9,262,discovery,80908042a2ac,0,1.3520215300910619,1.4935067233198778,High-value frequent customers
2,496.06,59,294,United Kingdom,248.03,147.0,0.0,19,154,discovery,7abfe1903ccb,2,0.799982454861428,0.4207076912899097,Recent occasional customers
2,750.0,1,1200,United Kingdom,375.0,600.0,0.5,177,136,discovery,9ac73f83edd6,1,1.0499915167814906,0.2165188822681552,Established mid-value customers
5,2178.67,78,1280,United Kingdom,435.73400000000004,256.0,0.052083333333333336,40,214,discovery,c2a616e892cd,1,0.850523201750092,0.14305076430754726,Established mid-value customers
5,1662.3,17,670,United Kingdom,332.46,134.0,0.0,3,38,discovery,55c615cd5a83,0,0.8318738552537326,1.1789079068260584,High-value frequent customers
5,2483.63,37,1419,United Kingdom,496.726,283.8,0.0,5,364,discovery,1fd99576dae7,0,0.5383176453422445,1.331251865009415,High-value frequent customers
2,363.65,19,93,United Kingdom,181.825,46.5,0.0,149,224,discovery,955a2250e76b,3,0.9336286412414706,0.3006467842802686,Long-recency customers
4,2944.95,53,1083,United Kingdom,736.2375,270.75,0.01904761904761905,139,182,discovery,17464a6a9bfa,1,1.0305261271338684,0.9682686959704576,Established mid-value customers
1,594.0,2,120,United Kingdom,594.0,120.0,0.0,129,0,discovery,ab9b40a58757,3,0.9497132650680477,0.40941189494682007,Long-recency customers
6,1335.19,34,673,United Kingdom,222.53166666666667,112.16666666666667,0.038461538461538464,9,161,discovery,8aab2a1a6674,0,0.6223786084220069,0.9193178181565986,High-value frequent customers
1,162.78,27,128,United Kingdom,162.78,128.0,0.0,18,0,discovery,f136da82d7d1,2,0.7273990384285953,1.2884422901804882,Recent occasional customers
37,16587.09,233,9526,United Kingdom,448.29972972972973,257.4594594594595,0.02834008097165992,10,364,discovery,b5af399d9086,0,1.369161593441581,1.4731301206475342,High-value frequent customers
1,405.38,28,370,United Kingdom,405.38,370.0,0.0,162,0,discovery,332d54cdbf83,3,0.5875491517115367,0.8584848031696873,Long-recency customers
1,172.82,28,68,United Kingdom,172.82,68.0,0.0,65,0,discovery,912215841c81,2,0.848530372834113,0.2537534769715525,Recent occasional customers
2,694.05,42,541,United Kingdom,347.025,270.5,0.0,5,70,discovery,09ac981f5c21,2,1.4166983383992584,0.3809094255532932,Recent occasional customers
5,2062.7000000000003,59,1472,United Kingdom,412.53999999999996,294.4,0.0,36,324,discovery,1048fd14b515,1,0.8642482798340795,0.07027677603080296,Established mid-value customers
1,117.85,8,37,United Kingdom,117.85,37.0,0.1111111111111111,312,0,discovery,099c942c6ace,3,0.7362580787432393,1.4523845455931417,Long-recency customers
2,415.8,20,252,United Kingdom,207.9,126.0,0.07407407407407407,79,93,discovery,6cdb9c1d08a6,1,0.9432205513817672,0.06350421966429332,Established mid-value customers
3,607.53,102,499,United Kingdom,202.51,166.33333333333334,0.009345794392523364,25,259,discovery,10c22a01cd6a,1,0.8367565640751434,0.44449145504000265,Established mid-value customers
7,2160.7,80,1853,United Kingdom,308.6714285714285,264.7142857142857,0.007692307692307693,3,317,discovery,3c475aa8fd80,0,0.6686162582836122,1.482999349404276,High-value frequent customers
4,1063.9,56,559,United Kingdom,265.975,139.75,0.015873015873015872,18,61,discovery,07b91aa19314,1,0.983231857279458,0.03672109604115681,Established mid-value customers
4,1504.27,81,1007,United Kingdom,376.0675,251.75,0.0,16,252,discovery,0f783254b0fc,0,0.8126918346766948,0.2796615756211013,High-value frequent customers
1,114.14,9,140,United Kingdom,114.14,140.0,0.0,26,0,discovery,c3875b82299f,2,0.9416020318345729,0.9205483071982258,Recent occasional customers
3,675.6,68,198,United Kingdom,225.20000000000002,66.0,0.0,132,234,discovery,bf043bf5e23c,1,0.6750895336542757,0.9693997446092792,Established mid-value customers
2,604.51,29,289,United Kingdom,302.255,144.5,0.0,36,319,discovery,efc61b953a36,1,0.8484792874235697,0.012784763932508714,Established mid-value customers
1,462.95,23,165,United Kingdom,462.95,165.0,0.0,289,0,discovery,9a5460862756,3,0.6777026932688256,1.3097410623401005,Long-recency customers
6,1603.99,83,1165,United Kingdom,267.33166666666665,194.16666666666666,0.05825242718446602,144,230,discovery,14d401472646,1,1.0121998820537372,0.992827213628477,Established mid-value customers
8,4167.22,166,2381,United Kingdom,520.9025,297.625,0.0182648401826484,31,222,discovery,af43ccbb15e1,0,0.7530077013781675,0.7321855082584414,High-value frequent customers
3,1843.0,13,1380,United Kingdom,614.3333333333334,460.0,0.0,3,22,discovery,6ad71cad6e5b,0,1.1591595657724598,0.7983646956365356,High-value frequent customers
6,1064.07,53,503,United Kingdom,177.34500000000003,83.83333333333333,0.03076923076923077,9,322,discovery,f76b4df47a63,0,0.7888036175932333,0.7411519388073585,High-value frequent customers
4,1387.79,64,653,United Kingdom,346.9475,163.25,0.0125,6,73,discovery,107bcbae8103,0,0.8602703013215836,0.7641814366348119,High-value frequent customers
11,4757.16,81,3664,United Kingdom,432.4690909090909,333.09090909090907,0.01639344262295082,2,266,discovery,73dbc30fa915,0,0.8901326332609344,1.7202895442499067,High-value frequent customers
1,108.07,19,34,United Kingdom,108.07,34.0,0.0,307,0,discovery,46b5f18af5be,3,0.8000692108317703,1.4067825194756263,Long-recency customers
8,4017.54,208,2549,United Kingdom,502.1925,318.625,0.02459016393442623,10,330,discovery,4c40877fb70d,0,0.20686116831805532,1.671691324812851,High-value frequent customers
2,266.39,15,129,United Kingdom,133.19500000000002,64.5,0.0,8,106,discovery,8173e204df63,2,1.0211171455515455,0.8816174344307897,Recent occasional customers
1,769.8100000000001,108,282,United Kingdom,769.8100000000001,282.0,0.0,90,0,discovery,74ca4019f605,2,1.228901191257285,0.06187435106194772,Recent occasional customers
1,160.18,10,75,United Kingdom,160.18,75.0,0.0,10,0,discovery,fc4a113c8657,2,0.9578045982094612,1.4173368405406335,Recent occasional customers
2,1660.9,19,438,United Kingdom,830.45,219.0,0.42424242424242425,359,13,discovery,e5132ab2aa40,1,1.6632387962634902,0.17178942102608374,Established mid-value customers
1,135.95,5,73,United Kingdom,135.95,73.0,0.0,113,0,discovery,1b87a77b83d1,3,0.7931656689798146,0.5242059535172783,Long-recency customers
4,405.47,116,268,United Kingdom,101.36749999999999,67.0,0.0,8,315,discovery,08cca8a9b390,1,1.6438651232274233,0.010063149205435717,Established mid-value customers
86,11189.91,94,9289,United Kingdom,130.11523255813952,108.01162790697674,0.00974025974025974,4,369,discovery,b77d1eda787c,0,1.4057724376528757,1.6511290315531568,High-value frequent customers
1,144.8,8,24,United Kingdom,144.8,24.0,0.0,198,0,discovery,954a9c0a0e11,3,0.48099993747972025,1.240900506734766,Long-recency customers
1,738.6,22,561,United Kingdom,738.6,561.0,0.0,212,0,discovery,7cc469bb421d,3,0.9916898106172715,0.8353344225168055,Long-recency customers
1,39.239999999999995,9,12,United Kingdom,39.239999999999995,12.0,0.0,157,0,discovery,a44e87a57b0f,3,1.7446358451088582,0.6250442891695411,Long-recency customers
9,7374.900000000001,6,886,United Kingdom,819.4333333333334,98.44444444444444,0.16666666666666666,158,201,discovery,24f44779da38,1,1.8704345726462663,0.24848576988153948,Established mid-value customers
1,390.54,28,288,United Kingdom,390.54,288.0,0.17647058823529413,243,0,discovery,e48f9e14db18,3,0.4995208628957657,1.3029563559188462,Long-recency customers
1,97.5,4,26,United Kingdom,97.5,26.0,0.0,19,0,discovery,ff65914c5212,2,1.1173387481178156,0.9956051016934546,Recent occasional customers
2,1239.38,73,1533,United Kingdom,619.69,766.5,0.02564102564102564,1,28,discovery,4ff6ce13a645,0,1.8635871974998695,0.26168202694155984,High-value frequent customers
2,558.7,27,219,United Kingdom,279.35,109.5,0.06666666666666667,74,124,discovery,b7a9e10bc2ac,1,0.7584940770419801,0.30865449005604684,Established mid-value customers
1,505.82,75,126,United Kingdom,505.82,126.0,0.0,293,0,discovery,fb3364cd4a70,3,0.7475574326904828,1.2681065205264341,Long-recency customers
15,6924.110000000001,41,2943,United Kingdom,461.6073333333333,196.2,0.058823529411764705,4,361,discovery,5401f8458db1,0,0.8812976802794772,1.718799828161743,High-value frequent customers
3,409.5,8,200,United Kingdom,136.5,66.66666666666667,0.0,32,279,discovery,ad99bda8d07b,1,0.9295653028411578,0.23010572999353662,Established mid-value customers
4,414.76,26,240,United Kingdom,103.69,60.0,0.0,24,275,discovery,4a943e488ca5,1,1.0910042216457516,0.4016069074317623,Established mid-value customers
3,974.4200000000001,52,459,United Kingdom,324.8066666666667,153.0,0.1643835616438356,5,264,discovery,24063a0c206e,0,1.2950036394556566,0.3817898277428935,High-value frequent customers
1,211.32,3,108,United Kingdom,211.32,108.0,0.4,86,0,discovery,b849f907b2b4,3,0.851333913212596,0.09869429114532258,Long-recency customers
4,1226.89,45,664,United Kingdom,306.7225,166.0,0.11940298507462686,23,295,discovery,03044097726f,1,0.838284602597603,0.17402716275508534,Established mid-value customers
3,455.88,25,342,United Kingdom,151.96,114.0,0.0,197,49,discovery,f7e5cfe946b0,1,1.15275362786943,0.2710626123899196,Established mid-value customers
3,534.85,30,379,United Kingdom,178.28333333333333,126.33333333333333,0.0,107,258,discovery,fd7c8e31105f,1,0.6647418992806245,0.925773501966702,Established mid-value customers
13,9785.970000000001,166,5490,United Kingdom,752.7669230769231,422.3076923076923,0.008823529411764706,5,322,discovery,19f6fb79a8dc,0,0.9511037184822695,1.6607289528073008,High-value frequent customers
1,120.94999999999999,7,73,United Kingdom,120.94999999999999,73.0,0.0,319,0,discovery,c5f15a610f50,3,0.7264510932616223,1.473034490819582,Long-recency customers
3,149.05,4,103,United Kingdom,49.68333333333334,34.333333333333336,0.0,106,109,discovery,7db61234d1b5,3,1.505288501439539,0.11913029531786701,Long-recency customers
18,5655.91,277,4822,United Kingdom,314.21722222222223,267.8888888888889,0.012224938875305624,12,346,discovery,900ad5e9e776,0,0.7096091685924747,1.5094521365920541,High-value frequent customers
1,81.57,4,55,United Kingdom,81.57,55.0,0.0,57,0,discovery,2a943ae5b0e4,2,1.334942383688737,0.18862238670833342,Recent occasional customers
1,229.46999999999997,14,175,United Kingdom,229.46999999999997,175.0,0.06666666666666667,324,0,discovery,1d2aabc4e593,3,0.42692002574422144,1.6460016327398779,Long-recency customers
1,50.550000000000004,3,13,United Kingdom,50.550000000000004,13.0,0.0,373,0,discovery,46c63796b316,3,1.5514964139711804,1.2034387047839588,Long-recency customers
13,4810.9400000000005,155,2224,United Kingdom,370.07230769230773,171.07692307692307,0.013513513513513514,2,370,discovery,930c717abbf4,0,0.9309339451072042,1.7290662785379354,High-value frequent customers
5,3339.64,156,1609,United Kingdom,667.928,321.8,0.0,54,196,discovery,9efdc2adeb2c,1,1.0112425183366807,0.17180948116344008,Established mid-value customers
3,789.89,39,527,United Kingdom,263.2966666666667,175.66666666666666,0.0,74,50,discovery,5c5d3d30d68b,1,0.23819810297025282,1.3171702619808463,Established mid-value customers
1,204.0,1,48,United Kingdom,204.0,48.0,0.0,8,0,discovery,9c9dab6036a0,2,0.9580744780572829,1.522280043798808,Recent occasional customers
28,7277.7,313,5435,United Kingdom,259.91785714285714,194.10714285714286,0.002178649237472767,17,279,discovery,1b44b4da4aa7,0,0.9922035889931314,1.3330643412951981,High-value frequent customers
2,689.9,36,286,United Kingdom,344.95000000000005,143.0,0.0,65,65,discovery,6c1f45fbddf0,1,0.6537641106074101,0.44897223639906936,Established mid-value customers
5,975.36,32,1620,United Kingdom,195.072,324.0,0.06976744186046512,2,274,discovery,ecb0b2952bf9,0,1.1934654801398037,0.9398342472217323,High-value frequent customers
2,661.3199999999999,40,798,United Kingdom,330.65999999999997,399.0,0.0425531914893617,23,23,discovery,48a430396aa1,2,0.9172526497116,0.10906093481255352,Recent occasional customers
2,752.4399999999999,76,348,United Kingdom,376.22,174.0,0.0,12,357,discovery,e7ecac04f564,2,1.1430424347889943,0.20352860499144598,Recent occasional customers
1,190.55,11,83,United Kingdom,190.55,83.0,0.0,358,0,discovery,f2335e84b3f2,3,0.5471762283945193,1.6464733445679047,Long-recency customers
2,642.77,37,369,United Kingdom,321.385,184.5,0.0,55,315,discovery,14705655f97b,1,0.6981182546344338,0.3014924545907869,Established mid-value customers
2,921.88,23,644,United Kingdom,460.94,322.0,0.1,74,187,discovery,b6de5088cf99,1,0.5837920268761265,0.7307195706834897,Established mid-value customers
3,881.07,44,431,United Kingdom,293.69,143.66666666666666,0.0,139,118,discovery,0ec2168edf03,1,0.642121020503993,1.1152481677812331,Established mid-value customers
3,908.46,24,360,United Kingdom,302.82,120.0,0.0,81,210,discovery,5c081ebe76d0,1,0.20217767936003764,1.4468533926110663,Established mid-value customers
2,676.99,38,355,United Kingdom,338.495,177.5,0.0,9,25,discovery,0e6e3f7da3e1,2,1.1870342650102743,0.3277921200603304,Recent occasional customers
1,516.42,13,254,United Kingdom,516.42,254.0,0.07142857142857142,274,0,discovery,edd74cfc5644,3,0.7413090296332308,1.2160736451033562,Long-recency customers
1,560.47,33,429,United Kingdom,560.47,429.0,0.0,292,0,discovery,90c0426bb66a,3,0.8222762542910638,1.2108918660626702,Long-recency customers
1,305.28000000000003,18,221,United Kingdom,305.28000000000003,221.0,0.0,100,0,discovery,a612a8545fb2,3,0.7629461797306505,0.256755980608244,Long-recency customers
10,3237.54,106,1391,United Kingdom,323.754,139.1,0.12244897959183673,32,342,discovery,927f26b6af88,0,0.7764523428093253,0.7043243496452876,High-value frequent customers
17,5836.86,246,3748,United Kingdom,343.3447058823529,220.47058823529412,0.045023696682464455,15,352,discovery,b2657730d26a,0,0.7321697418547374,1.4098507477307285,High-value frequent customers
1,348.15000000000003,18,222,United Kingdom,348.15000000000003,222.0,0.0,213,0,discovery,6b959b0fa932,3,0.40254509447773124,1.26837419105405,Long-recency customers
3,1214.41,74,894,United Kingdom,404.80333333333334,298.0,0.02564102564102564,79,135,discovery,a45b4177f463,1,0.19410057107886683,1.581190972607586,Established mid-value customers
3,271.40000000000003,5,52,United Kingdom,90.46666666666665,17.333333333333332,0.0,25,127,discovery,f53077a95dfd,2,1.132026567121343,0.18638160425455608,Recent occasional customers
1,183.4,8,35,United Kingdom,183.4,35.0,0.0,250,0,discovery,ba450fdacadd,3,0.31580461719866,1.5461058986140084,Long-recency customers
1,307.53,15,123,United Kingdom,307.53,123.0,0.0,254,0,discovery,fe15403dab61,3,0.3437042611375066,1.4846679469605106,Long-recency customers
1,248.61,10,107,United Kingdom,248.61,107.0,0.0,73,0,discovery,1e5014380149,2,0.7968431898178778,0.18292780698859112,Recent occasional customers
1,346.98,11,343,United Kingdom,346.98,343.0,0.0,192,0,discovery,4125676f4ef1,3,0.41728133578103377,1.1597245758764663,Long-recency customers
1,205.86,14,74,United Kingdom,205.86,74.0,0.0,374,0,discovery,70e038e383a9,3,0.5687585274263773,1.6565598062708304,Long-recency customers
1,115.46000000000001,14,32,United Kingdom,115.46000000000001,32.0,0.0,83,0,discovery,084283feeed3,3,1.085317488210074,0.13638900446972335,Long-recency customers
2,344.0,1,200,United Kingdom,172.0,100.0,0.0,11,309,discovery,840536726885,2,0.8857416115939707,0.7526268278121362,Recent occasional customers
24,4431.44,281,5873,United Kingdom,184.64333333333332,244.70833333333334,0.09594882729211088,1,369,discovery,f7c8b971f1cf,0,1.2353099486421746,1.7140066538738123,High-value frequent customers
1,228.8,9,110,United Kingdom,228.8,110.0,0.0,193,0,discovery,42379a1c260d,3,0.2279240683430564,1.363648496001456,Long-recency customers
1,177.15,7,69,United Kingdom,177.15,69.0,0.0,267,0,discovery,c02adb48909c,3,0.3663261957761091,1.563144675486498,Long-recency customers
1,919.61,22,485,United Kingdom,919.61,485.0,0.0,130,0,discovery,23111e4fbc32,3,1.2534945797025996,0.2932867040583682,Long-recency customers
4,728.02,99,862,United Kingdom,182.005,215.5,0.0,2,365,discovery,f680f71f3aa6,0,1.4406235998161598,0.6659361951119509,High-value frequent customers
26,12627.94,95,5630,United Kingdom,485.69,216.53846153846155,0.05789473684210526,4,363,discovery,6fefd5ed4400,0,1.2721030466278047,1.6616110642243545,High-value frequent customers
5,220.10000000000002,2,62,United Kingdom,44.02,12.4,0.0,5,136,discovery,ffc7b7a06cef,2,2.016294560203365,0.12085246167328645,Recent occasional customers
1,58.08,6,120,United Kingdom,58.08,120.0,0.0,180,0,discovery,596942c25fdf,3,1.335857795326866,0.8084472609752154,Long-recency customers
11,28337.38,503,19068,United Kingdom,2576.1254545454544,1733.4545454545455,0.03110273327049953,12,360,discovery,b80c9cb100ea,0,1.43525009408103,1.3125511509164594,High-value frequent customers
9,3613.63,63,4324,United Kingdom,401.51444444444445,480.44444444444446,0.02666666666666667,127,212,discovery,6aa3ffb1b12b,1,1.473132724316932,0.3718139705723629,Established mid-value customers
2,416.08000000000004,17,216,United Kingdom,208.04000000000002,108.0,0.2413793103448276,158,138,discovery,cef7ab8a87df,3,0.9689745669704191,0.22167334099196667,Long-recency customers
97,58762.08,636,31025,United Kingdom,605.7946391752578,319.8453608247423,0.021046950890447922,3,367,discovery,19d8959fc820,0,2.1571451181644594,1.565218799980304,High-value frequent customers
14,8910.82,98,2263,United Kingdom,636.4871428571429,161.64285714285714,0.037267080745341616,9,364,discovery,b611b323c4b1,0,0.8403572629684156,1.5678291943148333,High-value frequent customers
5,477.83,19,279,United Kingdom,95.566,55.8,0.038461538461538464,71,289,discovery,ea583b59149d,1,0.8142859929275053,1.048393909495868,Established mid-value customers
8,7832.47,97,3961,United Kingdom,979.05875,495.125,0.06470588235294118,276,98,discovery,d35ff220d2da,1,2.1162290044795142,0.5110273772266871,Established mid-value customers
12,1927.3200000000002,4,1716,United Kingdom,160.61,143.0,0.2,22,347,discovery,8a4714332c8d,0,0.6739629413750025,0.8554073439833519,High-value frequent customers
1,74.39999999999999,6,144,United Kingdom,74.39999999999999,144.0,0.0,71,0,discovery,73aa9dfc6b49,3,1.4602131306128354,0.024748282323974635,Long-recency customers
10,6003.22,214,2360,United Kingdom,600.322,236.0,0.03218390804597701,33,328,discovery,cb040101d76a,0,0.9201199972322892,0.8206525889408934,High-value frequent customers
28,28882.44,156,15968,United Kingdom,1031.5157142857142,570.2857142857143,0.05454545454545454,2,316,discovery,eccdadbea0f1,0,1.7755050031248076,1.6418155587668368,High-value frequent customers
1,207.35999999999999,1,288,United Kingdom,207.35999999999999,288.0,0.0,100,0,discovery,875c0b39c55f,3,0.7320562315410094,0.3341228763488052,Long-recency customers
24,6424.09,140,4204,United Kingdom,267.67041666666665,175.16666666666666,0.01935483870967742,2,364,discovery,4bb5b04c7864,0,1.1548776173768802,1.7331705415858791,High-value frequent customers
1,243.94,8,82,United Kingdom,243.94,82.0,0.0,40,0,discovery,6f5a8207f1e3,2,0.4629097963051233,0.9754472237779387,Recent occasional customers
6,1098.48,14,504,United Kingdom,183.08,84.0,0.0,4,351,discovery,efd004045eb1,0,0.9086287306311644,1.0046810074947987,High-value frequent customers
1,76.5,1,18,United Kingdom,76.5,18.0,0.5,134,0,discovery,31179c1f538f,3,1.1453029230854104,0.6259608590126677,Long-recency customers
4,1531.6200000000001,54,1293,United Kingdom,382.90500000000003,323.25,0.03333333333333333,45,289,discovery,b78664d76e1e,1,0.5070748328616885,0.7398787255407222,Established mid-value customers
1,350.06,10,298,United Kingdom,350.06,298.0,0.0,373,0,discovery,f858ec502b62,3,0.6598086015718256,1.5446619014940937,Long-recency customers
2,786.54,41,520,United Kingdom,393.27,260.0,0.06,60,98,discovery,6dae55fa6dfd,1,0.6134605878896875,0.528062133705026,Established mid-value customers
7,1488.67,109,388,United Kingdom,212.66714285714286,55.42857142857143,0.00684931506849315,32,280,discovery,767e008df1f7,0,0.9003640610429899,0.12898347854883396,High-value frequent customers
24,12245.960000000001,95,3045,United Kingdom,510.2483333333333,126.875,0.28214285714285714,1,366,discovery,41effb19d43b,0,1.5124994038418127,1.7247971837274145,High-value frequent customers
4,2294.78,88,1567,United Kingdom,573.695,391.75,0.09090909090909091,12,173,discovery,aefd973fbbd8,0,0.6164808390710972,0.7456870923248058,High-value frequent customers
8,984.91,66,945,United Kingdom,123.11375,118.125,0.0,22,351,discovery,03ee2d3b92c7,0,0.9573587504580627,0.27902929804336374,High-value frequent customers
5,1197.81,68,410,United Kingdom,239.56199999999998,82.0,0.036585365853658534,20,269,discovery,8a5f11df7f52,0,0.8646686686033755,0.1560526440149872,High-value frequent customers
1,30.599999999999998,1,12,United Kingdom,30.599999999999998,12.0,0.0,239,0,discovery,e66d09530f1f,3,1.9760104738716886,0.8286253516401012,Long-recency customers
1,283.73,50,252,United Kingdom,283.73,252.0,0.05660377358490566,270,0,discovery,f9dc9a0f3cf4,3,0.33019646898480737,1.5558385526347038,Long-recency customers
8,2099.64,124,2143,United Kingdom,262.455,267.875,0.014084507042253521,5,362,discovery,88a559808712,0,0.4732735638017538,1.5163268145701272,High-value frequent customers
1,259.17,15,127,United Kingdom,259.17,127.0,0.0,78,0,discovery,6c56314fbbc7,2,0.8381076044960002,0.09210776577736901,Recent occasional customers
1,64.0,2,32,United Kingdom,64.0,32.0,0.0,95,0,discovery,7d4332a3727c,3,1.4344630646137104,0.29252611873114276,Long-recency customers
3,1073.3,30,447,United Kingdom,357.76666666666665,149.0,0.043478260869565216,24,164,discovery,d23d80fe2022,1,0.7492205527562318,0.5531958253432644,Established mid-value customers
2,109.8,7,32,United Kingdom,54.900000000000006,16.0,0.0,274,31,discovery,9aa8755da6e0,3,1.0574578949216107,1.096728481572596,Long-recency customers
4,1793.58,94,1059,United Kingdom,448.395,264.75,0.06666666666666667,86,155,discovery,fca6197a52cd,1,0.5464765328249278,1.106104421032644,Established mid-value customers
1,3096.0,1,4300,United Kingdom,3096.0,4300.0,0.0,197,0,discovery,7c6455445181,1,1.9725731803577358,0.07808979749791933,Established mid-value customers
5,2607.61,94,1328,United Kingdom,521.5219999999999,265.6,0.08633093525179857,57,156,discovery,d67ecf4c4e63,1,0.8641727475293561,0.36172721580923817,Established mid-value customers
8,3603.29,345,2204,United Kingdom,450.41125,275.5,0.0014534883720930232,11,298,discovery,e62dd294a95d,0,0.14428007632740364,1.6575524619617523,High-value frequent customers
7,5064.94,132,2425,United Kingdom,723.5628571428571,346.42857142857144,0.022988505747126436,17,243,discovery,11d25ef1e02b,0,0.46822722600634004,1.2422370123142346,High-value frequent customers
3,422.47,40,185,United Kingdom,140.82333333333335,61.666666666666664,0.0,109,258,discovery,9197c992a4b0,1,0.8368203464043058,0.6923711151366427,Established mid-value customers
5,2388.75,113,1548,United Kingdom,477.75,309.6,0.007352941176470588,85,231,discovery,40d122d4ef64,1,0.8342747372038056,0.7069458109959782,Established mid-value customers
1,110.95,3,21,United Kingdom,110.95,21.0,0.0,333,0,discovery,37d3576d673a,3,0.8151789581577478,1.4539860310118726,Long-recency customers
4,618.52,5,145,United Kingdom,154.63,36.25,0.14285714285714285,40,333,discovery,5e094c3b25f1,1,0.6318264128683556,0.9675832839890733,Established mid-value customers
1,228.91,16,154,United Kingdom,228.91,154.0,0.0,27,0,discovery,62a371086073,2,0.43552965441489283,1.2826828231185088,Recent occasional customers
4,712.8000000000001,1,144,United Kingdom,178.20000000000002,36.0,0.0,11,89,discovery,3ed16656d365,0,1.225485284620348,0.08767585760703,High-value frequent customers
12,3683.26,231,1965,United Kingdom,306.93833333333333,163.75,0.08235294117647059,30,335,discovery,d04633a35738,0,0.787759595377634,0.846220407428453,High-value frequent customers
4,1676.06,76,1280,United Kingdom,419.015,320.0,0.0,15,275,discovery,fc15b887e4a0,0,0.7521179188496439,0.40082427058121306,High-value frequent customers
1,1257.8700000000001,73,363,United Kingdom,1257.8700000000001,363.0,0.013333333333333334,296,0,discovery,900ea96b035e,3,1.428899337021075,0.6096245683757258,Long-recency customers
1,486.22,15,418,United Kingdom,486.22,418.0,0.0,6,0,discovery,a4213da23fb0,2,1.1252511854608778,1.1634319118763732,Recent occasional customers
4,971.76,67,497,United Kingdom,242.94,124.25,0.0,34,335,discovery,a6e137e2e8f9,1,0.5821834803233036,0.700868121093191,Established mid-value customers
4,1741.22,69,1439,United Kingdom,435.305,359.75,0.02247191011235955,50,249,discovery,0b7537f94677,1,0.5298917137820532,0.7491486815408422,Established mid-value customers
4,1201.06,59,784,United Kingdom,300.265,196.0,0.0,95,224,discovery,a0935d002d38,1,0.4309097214720658,1.3858815082529217,Established mid-value customers
1,91.8,4,56,United Kingdom,91.8,56.0,0.0,23,0,discovery,ae7d2a351224,2,1.144316782249895,0.8756759579687805,Recent occasional customers
1,112.75,8,29,United Kingdom,112.75,29.0,0.0,314,0,discovery,d7b202809804,3,0.774684569137634,1.4358673058940061,Long-recency customers
2,1021.48,40,1376,United Kingdom,510.74,688.0,0.0,47,305,discovery,0b2c1b1858ee,1,0.6265346369799015,0.602641724644038,Established mid-value customers
1,417.2,39,216,United Kingdom,417.2,216.0,0.023809523809523808,284,0,discovery,4d9cb43f5633,3,0.5959230247713622,1.3601639208092005,Long-recency customers
4,791.33,51,785,United Kingdom,197.83249999999998,196.25,0.0,19,125,discovery,27c2da4089a9,1,0.9729410673716394,0.24086663706238975,Established mid-value customers
4,1299.59,102,670,United Kingdom,324.89750000000004,167.5,0.015625,37,282,discovery,f95cda0b9408,1,0.5542585701010634,0.6389622919842595,Established mid-value customers
2,712.88,11,272,United Kingdom,356.44,136.0,0.0,64,189,discovery,146db24d26bf,1,0.641561125171086,0.47165515290329174,Established mid-value customers
1,108.81,29,141,United Kingdom,108.81,141.0,0.0,27,0,discovery,3a747148531e,2,0.9813267944676347,0.8729931399761244,Recent occasional customers
3,468.41,37,229,United Kingdom,156.13666666666666,76.33333333333333,0.041666666666666664,22,278,discovery,53024aa1caf9,1,1.0296405492639507,0.1770091699157048,Established mid-value customers
2,353.65,41,277,United Kingdom,176.825,138.5,0.0,5,363,discovery,f59f5dc56c9d,2,1.2344599002263597,0.7394995904073025,Recent occasional customers
3,2742.82,228,1352,United Kingdom,914.2733333333332,450.6666666666667,0.0,17,353,discovery,99b3308d106e,0,0.9644469505309456,0.24651701436192153,High-value frequent customers
1,481.49,66,448,United Kingdom,481.49,448.0,0.0,47,0,discovery,660fc3f74648,2,0.6528448141663205,0.805448759165495,Recent occasional customers
1,282.45,17,91,United Kingdom,282.45,91.0,0.0,65,0,discovery,f5c0c8115228,2,0.7026874860144785,0.3802506715069258,Recent occasional customers
11,5725.47,95,3570,United Kingdom,520.4972727272727,324.54545454545456,0.0,27,334,discovery,13bee2e20992,0,0.8096397086144876,0.9972076220433884,High-value frequent customers
9,3957.78,51,2208,United Kingdom,439.75333333333333,245.33333333333334,0.0,8,327,discovery,e3b04bcb7de0,0,0.2813074026649974,1.7256789209465317,High-value frequent customers
10,1668.95,138,1662,United Kingdom,166.895,166.2,0.011049723756906077,15,276,discovery,9cc9523b9e14,0,0.5371407039272634,1.0275624380848742,High-value frequent customers
1,71.4,1,12,United Kingdom,71.4,12.0,0.0,268,0,discovery,829f82671fed,3,1.1382214998562319,1.1546809227743127,Long-recency customers
3,1575.89,69,820,United Kingdom,525.2966666666667,273.3333333333333,0.05952380952380952,40,89,discovery,22c41a166cdb,1,0.49805624521349856,0.8673393656469054,Established mid-value customers
1,236.02,37,95,United Kingdom,236.02,95.0,0.0,338,0,discovery,6bb7035cf967,3,0.4646794727647304,1.6468841008792028,Long-recency customers
1,114.60000000000001,2,25,United Kingdom,114.60000000000001,25.0,0.0,12,0,discovery,7f957d47df65,2,1.1031408949918764,1.2320974670003166,Recent occasional customers
2,260.68,29,842,United Kingdom,130.34,421.0,0.0,19,97,discovery,45b12aed0934,2,0.6779211220899499,0.8837043811115106,Recent occasional customers
1,112.08,22,46,United Kingdom,112.08,46.0,0.0,62,0,discovery,e2e28dcbcab0,2,1.1056219849440208,0.18741306780143496,Recent occasional customers
4,1797.78,97,1224,United Kingdom,449.445,306.0,0.0,12,251,discovery,8712f995bda2,0,0.6931145963482148,0.6026210467132391,High-value frequent customers
6,3401.2400000000002,199,2648,United Kingdom,566.8733333333333,441.3333333333333,0.013100436681222707,11,351,discovery,0c3bfa98041e,0,0.19356125868833313,1.4747297166923914,High-value frequent customers
2,250.26000000000002,7,130,United Kingdom,125.13000000000002,65.0,0.0,16,135,discovery,79191b41a999,2,0.739686249502303,0.9141913629972854,Recent occasional customers
6,1217.65,124,803,United Kingdom,202.9416666666667,133.83333333333334,0.006711409395973154,59,251,discovery,7810417c329d,1,0.7108327131184216,0.669814757940254,Established mid-value customers
8,5891.61,255,4253,United Kingdom,736.45125,531.625,0.0243161094224924,31,331,discovery,98c6c6493c40,0,0.848926892050919,0.8003896406290341,High-value frequent customers
1,353.48,22,316,United Kingdom,353.48,316.0,0.0,94,0,discovery,8f82b642e4fc,3,0.856362212876844,0.1267143643772488,Long-recency customers
5,1520.58,82,1360,United Kingdom,304.11600000000004,272.0,0.021739130434782608,57,143,discovery,f206b9297dbf,1,0.6071725152332257,0.711092622402882,Established mid-value customers
1,333.74,5,297,United Kingdom,333.74,297.0,0.0,268,0,discovery,d01d65e59eac,3,0.418187128035413,1.463387447588293,Long-recency customers
4,819.2900000000001,18,196,United Kingdom,204.8225,49.0,0.0,79,158,discovery,fea0cfb7107c,1,0.3737624684247465,1.4500615086843531,Established mid-value customers
2,847.41,62,244,United Kingdom,423.70500000000004,122.0,0.0,241,119,discovery,3ac109f1f81c,1,1.2774457629433413,0.054261925375916675,Established mid-value customers
2,163.20000000000002,5,88,United Kingdom,81.60000000000001,44.0,0.0,201,32,discovery,916c02eaa489,3,0.8400291136758627,0.9216335544643485,Long-recency customers
2,2155.95,101,1518,United Kingdom,1077.975,759.0,0.009174311926605505,61,91,discovery,7d9839044ce6,1,0.7889491508943206,0.9810013068613969,Established mid-value customers
7,6463.84,23,3416,United Kingdom,923.4057142857143,488.0,0.058823529411764705,4,358,discovery,bede5b7aa894,0,0.7119988283086846,1.6408201408792942,High-value frequent customers
1,108.21000000000001,16,80,United Kingdom,108.21000000000001,80.0,0.0,274,0,discovery,9b76c5226ebc,3,0.7604512707738383,1.3471373386906582,Long-recency customers
1,257.7,9,99,United Kingdom,257.7,99.0,0.0,202,0,discovery,ed5b27c2dac5,3,0.22768805690719465,1.393472347100325,Long-recency customers
1,160.95,10,63,United Kingdom,160.95,63.0,0.0,226,0,discovery,167460108d12,3,0.3866521734712017,1.4161863066830334,Long-recency customers
14,2755.63,393,1638,United Kingdom,196.8307142857143,117.0,0.0017006802721088435,5,361,discovery,bb55b66d1381,0,0.5886567783415017,1.651942235915774,High-value frequent customers
7,1328.35,147,773,United Kingdom,189.7642857142857,110.42857142857143,0.0,13,231,discovery,17aaa3ed3c1e,0,0.6146520066496038,0.8114995051483914,High-value frequent customers
2,605.12,43,1004,United Kingdom,302.56,502.0,0.0,75,262,discovery,6dba5826f194,1,0.7194236870772392,0.3888083139389571,Established mid-value customers
1,1031.07,53,441,United Kingdom,1031.07,441.0,0.01694915254237288,213,0,discovery,bb3d445caf55,3,1.2489944907750186,0.5934804693460518,Long-recency customers
2,744.85,34,416,United Kingdom,372.425,208.0,0.07692307692307693,25,82,discovery,08c1d14a6e00,1,0.9535491500442682,0.027559448107034368,Established mid-value customers
4,700.73,20,298,United Kingdom,175.1825,74.5,0.03125,18,343,discovery,3f405e26522c,1,1.0307493968464434,0.2537454211325205,Established mid-value customers
1,329.56,21,327,United Kingdom,329.56,327.0,0.0,262,0,discovery,549fed9494e5,3,0.4002454673904548,1.4593773591901291,Long-recency customers
3,270.40000000000003,12,130,United Kingdom,90.13333333333333,43.333333333333336,0.0,113,101,discovery,565eaffbbe10,1,1.1947662747467684,0.23811228378040172,Established mid-value customers
1,585.12,56,232,United Kingdom,585.12,232.0,0.0,204,0,discovery,09b4b352db04,3,0.8108152065505818,0.9132517314289483,Long-recency customers
1,121.74000000000001,27,38,United Kingdom,121.74000000000001,38.0,0.0,93,0,discovery,0b832fda7d1a,3,0.9818924196618883,0.27077054886200136,Long-recency customers
1,430.5,16,125,United Kingdom,430.5,125.0,0.0,51,0,discovery,daa0c417403a,2,0.6360619015239312,0.7278143909042102,Recent occasional customers
6,1961.52,110,1587,United Kingdom,326.92,264.5,0.014492753623188406,19,312,discovery,80425bf06b75,0,0.5201988490653,0.7152494236985589,High-value frequent customers
4,501.12,18,328,United Kingdom,125.28,82.0,0.0,18,65,discovery,2d9e6ec0cb51,1,1.142697338784797,0.3807171267767244,Established mid-value customers
3,711.41,21,546,United Kingdom,237.13666666666668,182.0,0.0,93,169,discovery,9cd87ca8e0d6,1,0.41233723811372536,1.1969395083892054,Established mid-value customers
2,1030.4,35,1572,United Kingdom,515.2,786.0,0.0,157,183,discovery,b53e7a7d61e8,1,0.930242484784541,0.556417018611638,Established mid-value customers
1,283.18,77,126,United Kingdom,283.18,126.0,0.0,62,0,discovery,00ba9964818e,2,0.6710194143102177,0.44867950361308684,Recent occasional customers
1,557.62,8,142,United Kingdom,557.62,142.0,0.0,62,0,discovery,bd6035ee05f8,2,0.8572899484108907,0.4764259382273832,Recent occasional customers
1,200.29,11,125,United Kingdom,200.29,125.0,0.0,264,0,discovery,da26405d85e8,3,0.29694481719373395,1.5989094784934783,Long-recency customers
35,7436.93,450,4768,United Kingdom,212.48371428571429,136.22857142857143,0.0,2,324,discovery,967dcc4bdce2,0,1.274692827056843,1.7247846093500612,High-value frequent customers
5,2092.66,66,1740,United Kingdom,418.53200000000004,348.0,0.0,54,220,discovery,9ea1b67c5c07,1,0.75466571292594,0.45517027178436265,Established mid-value customers
12,3834.2599999999998,82,4428,United Kingdom,319.5216666666667,369.0,0.07425742574257425,12,245,discovery,13c8977e8e53,0,0.39467128472666363,1.553721200422482,High-value frequent customers
19,4521.49,88,1969,United Kingdom,237.97315789473683,103.63157894736842,0.05803571428571429,3,364,discovery,291891aa7e68,0,0.8991654836999377,1.7234784631547588,High-value frequent customers
11,3174.75,257,3624,United Kingdom,288.6136363636364,329.45454545454544,0.015909090909090907,18,250,discovery,a6cf1e88191b,0,0.4553768906104323,1.2464577998495385,High-value frequent customers
15,5343.28,177,3513,United Kingdom,356.21866666666665,234.2,0.012539184952978056,2,368,discovery,2488b765d96c,0,0.9916488253596965,1.7354798004531922,High-value frequent customers
1,590.0,1,200,United Kingdom,590.0,200.0,0.0,367,0,discovery,2de201c241ce,3,0.9579724172981329,1.266776654417574,Long-recency customers
1,211.49,79,240,United Kingdom,211.49,240.0,0.05434782608695652,38,0,discovery,e49476dc9a5f,2,0.5074583421015605,0.9702410230249531,Recent occasional customers
2,276.56,15,96,United Kingdom,138.28,48.0,0.0,32,58,discovery,849ed7b9e515,2,0.6055335069520213,0.7376585124684085,Recent occasional customers
1,138.98,16,153,United Kingdom,138.98,153.0,0.0,114,0,discovery,9e4da34c54ec,3,0.7749687785188529,0.5377783279827572,Long-recency customers
2,590.9300000000001,30,161,United Kingdom,295.46500000000003,80.5,0.0,64,36,discovery,0004f442b5bd,1,0.7239257258880917,0.29599671759689816,Established mid-value customers
4,258.4,5,176,United Kingdom,64.6,44.0,0.0,16,118,discovery,2bf969ca4757,2,1.5181304821630393,0.040785055728194575,Recent occasional customers
1,542.73,46,537,United Kingdom,542.73,537.0,0.0,41,0,discovery,b11211702b6d,2,0.6763370465051574,0.9166605725073235,Recent occasional customers
1,137.75,9,73,United Kingdom,137.75,73.0,0.18181818181818182,79,0,discovery,22be1a8f42d9,3,1.0315012726098867,0.05270375406040806,Long-recency customers
3,798.46,67,518,United Kingdom,266.15333333333336,172.66666666666666,0.0,123,215,discovery,c1dcb92dc42a,1,0.5613620841335593,1.1771191670963583,Established mid-value customers
2,93.66,7,90,United Kingdom,46.83,45.0,0.0,60,126,discovery,53f67bc9a63f,2,1.3222618207156926,0.2735789519797003,Recent occasional customers
1,201.19,13,91,United Kingdom,201.19,91.0,0.07142857142857142,331,0,discovery,4706839037a7,3,0.46417035730018813,1.6452057489574516,Long-recency customers
4,2709.12,157,2051,United Kingdom,677.28,512.75,0.0,24,267,discovery,8f878c854dc2,0,0.7932666821757572,0.2748427355558265,High-value frequent customers
1,361.11,41,233,United Kingdom,361.11,233.0,0.0,156,0,discovery,648164c41780,3,0.5297727149695156,0.8686470108672996,Long-recency customers
2,578.9399999999999,29,347,United Kingdom,289.47,173.5,0.0,39,246,discovery,0622b20be234,1,0.8370226764822345,0.012352890187757648,Established mid-value customers
2,873.74,48,453,United Kingdom,436.87,226.5,0.0,190,60,discovery,f61eb2e46dc1,1,1.0814564536291655,0.2730261058233878,Established mid-value customers
1,87.4,5,78,United Kingdom,87.4,78.0,0.0,138,0,discovery,76e25d527e40,3,1.0185921371369688,0.6826639943267381,Long-recency customers
4,2089.85,52,963,United Kingdom,522.4625,240.75,0.0,8,60,discovery,503ac57093e5,0,0.6503231133558087,0.8980050994390043,High-value frequent customers
1,360.0,2,96,United Kingdom,360.0,96.0,0.0,2,0,discovery,2975d1800ee7,2,1.515625120367735,1.200562500290923,Recent occasional customers
1,142.5,5,30,United Kingdom,142.5,30.0,0.0,269,0,discovery,a6211f662fde,3,0.5240992389532629,1.4686539432292354,Long-recency customers
1,371.89,20,203,United Kingdom,371.89,203.0,0.09090909090909091,170,0,discovery,16387263b322,3,0.5081689476360065,0.9678500667955929,Long-recency customers
1,63.75,1,5,United Kingdom,63.75,5.0,0.0,156,0,discovery,e000dfcbaa08,3,1.2704572378577426,0.719700406868534,Long-recency customers
10,2000.86,50,1232,United Kingdom,200.08599999999998,123.2,0.0,5,368,discovery,d312ccfa9f67,0,0.5402572780811208,1.5217293947182355,High-value frequent customers
1,15.0,1,4,United Kingdom,15.0,4.0,0.0,121,0,discovery,158cf975380e,3,2.782391247851536,0.37705895642714404,Long-recency customers
3,1385.51,49,843,United Kingdom,461.83666666666664,281.0,0.05263157894736842,23,181,discovery,cb560ee98cbc,1,0.8078930917914948,0.37910000411743683,Established mid-value customers
5,1456.79,82,1544,United Kingdom,291.358,308.8,0.0,8,301,discovery,fa2433256c50,0,0.6463784204476694,0.896486480174903,High-value frequent customers
2,598.57,25,305,United Kingdom,299.285,152.5,0.0,5,146,discovery,746b654662cf,2,1.3606081258102116,0.46188534472932585,Recent occasional customers
5,1555.32,47,851,United Kingdom,311.064,170.2,0.0,23,317,discovery,ffa901d20975,0,0.7796090269099806,0.2045390708645286,High-value frequent customers
3,775.94,55,560,United Kingdom,258.6466666666667,186.66666666666666,0.16216216216216217,2,72,discovery,c628678f72bc,0,1.5705221539974827,0.43879508510031995,High-value frequent customers
4,5732.93,66,5508,United Kingdom,1433.2325,1377.0,0.011494252873563218,38,217,discovery,24a236da8122,0,1.125374318322711,0.19291883553765077,High-value frequent customers
6,2273.68,100,1035,United Kingdom,378.9466666666667,172.5,0.08148148148148149,67,292,discovery,cf6478407627,1,0.9063603351436212,0.4199774065536307,Established mid-value customers
3,640.76,14,304,United Kingdom,213.58666666666667,101.33333333333333,0.0,2,36,discovery,139573a227a7,0,1.6733645263149461,0.2799696812079224,High-value frequent customers
4,1532.2,77,1086,United Kingdom,383.05,271.5,0.03669724770642202,79,135,discovery,c02ecd30fdbe,1,0.4376022354369582,1.1830165402679897,Established mid-value customers
2,567.36,10,372,United Kingdom,283.68,186.0,0.0,73,14,discovery,e185f52d70e3,1,0.7490901146324367,0.31726972232308914,Established mid-value customers
8,3627.77,74,1600,United Kingdom,453.47125,200.0,0.009174311926605505,39,327,discovery,4d30634110d9,0,0.8950932287360798,0.47014889974468654,High-value frequent customers
2,789.0,16,463,United Kingdom,394.5,231.5,0.10526315789473684,32,335,discovery,e23d72335677,1,0.8173581301981262,0.19562211589606038,Established mid-value customers
3,1140.93,37,751,United Kingdom,380.30999999999995,250.33333333333334,0.0,93,223,discovery,748756f4fb69,1,0.2940466520950173,1.5133060483634442,Established mid-value customers
1,350.9,21,179,United Kingdom,350.9,179.0,0.0,15,0,discovery,bb03d4ad22c4,2,0.5993078710178192,1.4636360817457024,Recent occasional customers
1,795.12,51,559,United Kingdom,795.12,559.0,0.0,78,0,discovery,76124ba66e15,2,1.167072922344478,0.217778922622065,Recent occasional customers
1,487.02,19,256,United Kingdom,487.02,256.0,0.20833333333333334,158,0,discovery,686f6fac5eb0,3,0.7272620473550934,0.7342462160057622,Long-recency customers
1,860.12,54,326,United Kingdom,860.12,326.0,0.0,201,0,discovery,b62416107532,3,1.1123960814447713,0.7067707173463784,Long-recency customers
7,10736.48,128,5770,United Kingdom,1533.782857142857,824.2857142857143,0.0,46,231,discovery,875caa35698f,0,1.3055722533110847,0.5302814123931519,High-value frequent customers
1,775.85,42,301,United Kingdom,775.85,301.0,0.0,261,0,discovery,3ce9e1b3a98c,3,1.0432823503465063,0.9255777791501869,Long-recency customers
3,2511.69,115,952,United Kingdom,837.23,317.3333333333333,0.0,68,210,discovery,b1df4f6b60c6,1,0.6545230669452619,0.9475483539206605,Established mid-value customers
1,389.5,20,141,United Kingdom,389.5,141.0,0.09090909090909091,288,0,discovery,4cade66aca26,3,0.5541160079818428,1.40737712546759,Long-recency customers
1,341.36,8,205,United Kingdom,341.36,205.0,0.0,71,0,discovery,1d5aeda8aceb,2,0.772669238015017,0.2817025006378814,Recent occasional customers
2,979.12,36,287,United Kingdom,489.56000000000006,143.5,0.06976744186046512,17,63,discovery,fefe5c92b427,1,1.1310334531204707,0.07834436162596115,Established mid-value customers
1,373.94,16,117,United Kingdom,373.94,117.0,0.0,67,0,discovery,d6b0e752a379,2,0.7499271452565085,0.37396156854852947,Recent occasional customers
1,397.97999999999996,24,321,United Kingdom,397.97999999999996,321.0,0.1111111111111111,61,0,discovery,5690249ff935,2,0.706757313157126,0.5048169610067766,Recent occasional customers
1,743.53,51,604,United Kingdom,743.53,604.0,0.0,72,0,discovery,190466728eb1,2,1.088626746772873,0.30160361154651016,Recent occasional customers
1,674.7,32,314,United Kingdom,674.7,314.0,0.0,123,0,discovery,5d2568eae5dc,3,1.0573954774142977,0.3148610160473553,Long-recency customers
1,768.24,42,325,United Kingdom,768.24,325.0,0.0,81,0,discovery,02e75b768b34,2,1.1683440774370781,0.17608029127472835,Recent occasional customers
1,439.03,29,285,United Kingdom,439.03,285.0,0.0,269,0,discovery,e5ab752c8623,3,0.6136326884436417,1.2984965146863354,Long-recency customers
1,439.56,23,161,United Kingdom,439.56,161.0,0.041666666666666664,64,0,discovery,52397ec18559,2,0.7693885011567517,0.44314104087082684,Recent occasional customers
4,3090.7400000000002,128,1382,United Kingdom,772.6850000000001,345.5,0.01775147928994083,10,278,discovery,9ffbaa4754c0,0,0.5776828341227267,0.9768286018037777,High-value frequent customers
1,134.95999999999998,10,71,United Kingdom,134.95999999999998,71.0,0.5,72,0,discovery,aa966e57b86d,2,1.0459095228824673,0.059976963246525905,Recent occasional customers
1,56.160000000000004,1,144,United Kingdom,56.160000000000004,144.0,0.0,51,0,discovery,9f0c259956ca,2,1.6471235069071026,0.1917236307843877,Recent occasional customers
1,308.28000000000003,14,149,United Kingdom,308.28000000000003,149.0,0.2631578947368421,366,0,discovery,fe85c074b782,3,0.5916659148488788,1.5894701830460876,Long-recency customers
1,754.87,39,343,United Kingdom,754.87,343.0,0.11363636363636363,372,0,discovery,56fb5a7a90a7,3,1.1333129235703894,1.069702850703955,Long-recency customers
1,378.64,23,159,United Kingdom,378.64,159.0,0.0,90,0,discovery,51da63115446,3,0.9138916096042786,0.04731556925066216,Long-recency customers
3,3312.25,135,1651,United Kingdom,1104.0833333333333,550.3333333333334,0.0,61,216,discovery,fc340f7bcc4d,1,0.8494602151658968,0.6783595321640914,Established mid-value customers
1,778.65,37,442,United Kingdom,778.65,442.0,0.02631578947368421,89,0,discovery,c07361da67cf,2,1.2283007967178354,0.07519114157414397,Recent occasional customers
3,1019.76,45,493,United Kingdom,339.92,164.33333333333334,0.0,100,135,discovery,faf7b72b128f,1,0.34597218682633535,1.441838190556223,Established mid-value customers
3,572.56,85,601,United Kingdom,190.85333333333332,200.33333333333334,0.0,27,110,discovery,6b75babb3fbc,1,0.8182905527815517,0.4372957953600244,Established mid-value customers
6,3639.31,77,2029,United Kingdom,606.5516666666666,338.1666666666667,0.005780346820809248,32,267,discovery,3cfa0e49ce3d,0,0.7699442166770576,0.4992891222664597,High-value frequent customers
1,222.99,15,131,United Kingdom,222.99,131.0,0.0,281,0,discovery,c1861a5ecf45,3,0.3115016109448088,1.6280582000760282,Long-recency customers
1,534.57,35,281,United Kingdom,534.57,281.0,0.0,330,0,discovery,baf5f136b9d4,3,0.8371741646437627,1.3010506147746441,Long-recency customers
3,797.96,50,429,United Kingdom,265.9866666666667,143.0,0.0,12,221,discovery,63e60e61a2cb,1,1.2126100295453088,0.13619524329455968,Established mid-value customers
8,2520.02,124,2392,United Kingdom,315.0025,299.0,0.054878048780487805,2,308,discovery,677c3174ae91,0,0.79551924013874,1.5669140671559694,High-value frequent customers
1,307.72,21,336,United Kingdom,307.72,336.0,0.0,186,0,discovery,0c13b8c4752e,3,0.34762582538138814,1.195281318284194,Long-recency customers
5,1544.13,28,430,United Kingdom,308.826,86.0,0.02564102564102564,73,267,discovery,ae226b49f582,1,0.607584099405998,0.8844468109922512,Established mid-value customers
1,457.34,26,281,United Kingdom,457.34,281.0,0.0,193,0,discovery,27fa547b4188,3,0.6242084939254581,0.9945389483667336,Long-recency customers
2,621.23,32,479,United Kingdom,310.615,239.5,0.0,128,245,discovery,77ed87313280,1,0.8927375513562634,0.3429661780303994,Established mid-value customers
1,75.0,3,44,United Kingdom,75.0,44.0,0.0,18,0,discovery,46db57345000,2,1.3600187826072296,0.8928871054532685,Recent occasional customers
2,252.49,11,111,United Kingdom,126.245,55.5,0.0,2,211,discovery,9eaa181f0309,2,1.5846128004800524,0.8570576189607979,Recent occasional customers
3,572.451,25,165,United Kingdom,190.817,55.0,0.0,75,243,discovery,9fb7ab3a7ad9,1,0.48667177746397106,0.9554650145249111,Established mid-value customers
62,28117.04,234,16232,United Kingdom,453.5006451612903,261.80645161290323,0.04590818363273453,2,372,discovery,59685db8ac0c,0,1.8588202567087686,1.6501335785682252,High-value frequent customers
5,1003.06,15,518,United Kingdom,200.61200000000002,103.6,0.06666666666666667,25,267,discovery,38a3b13b50f8,1,0.8894363197384576,0.15852166678971313,Established mid-value customers
2,712.5,11,142,United Kingdom,356.25,71.0,0.0,44,38,discovery,632b2105fd3a,1,0.7134102640403311,0.27852203537186726,Established mid-value customers
2,640.83,26,162,United Kingdom,320.41499999999996,81.0,0.0,5,201,discovery,2ac5d958e8e1,2,1.3855635810297293,0.4244793686798769,Recent occasional customers
18,6127.43,223,3918,United Kingdom,340.4127777777778,217.66666666666666,0.03184713375796178,12,361,discovery,632b4721491f,0,0.741939977061263,1.5059977311962256,High-value frequent customers
1,221.06,16,275,United Kingdom,221.06,275.0,0.0,64,0,discovery,6af939395ce8,2,0.7368180283283426,0.34566339042696426,Recent occasional customers
2,159.85,8,101,United Kingdom,79.925,50.5,0.2,150,21,discovery,03dffe87b5b4,3,0.911786968156801,0.6237195070593088,Long-recency customers
3,1624.21,66,1123,United Kingdom,541.4033333333333,374.3333333333333,0.0,109,186,discovery,32151a03b443,1,0.5372312000332818,1.4443048153098368,Established mid-value customers
10,3641.32,103,2245,United Kingdom,364.132,224.5,0.012578616352201259,1,359,discovery,d0909faca6b6,0,1.0299106917299896,1.6609097410839995,High-value frequent customers
1,201.78,70,151,United Kingdom,201.78,151.0,0.0,11,0,discovery,9ee4242cd750,2,0.8108124182657198,1.4880332426482887,Recent occasional customers
4,1006.8,55,1390,United Kingdom,251.70000000000002,347.5,0.0,11,65,discovery,85af8773c30f,0,0.9944409994836576,0.28511433693851407,High-value frequent customers
2,1269.1,44,672,United Kingdom,634.55,336.0,0.0,68,21,discovery,8adff3e180d3,1,0.5892975941266405,0.8794722246698203,Established mid-value customers
2,534.24,9,300,United Kingdom,267.12,150.0,0.0,75,22,discovery,98beb38713eb,1,0.784215620160988,0.27227938335782387,Established mid-value customers
7,3809.8900000000003,68,2129,United Kingdom,544.27,304.14285714285717,0.019417475728155338,6,184,discovery,43cab0404707,0,0.33884917166001355,1.6814474383136404,High-value frequent customers
1,196.89,12,76,United Kingdom,196.89,76.0,0.0,2,0,discovery,c8b27d6db503,2,1.548344827433428,1.3785318194061447,Recent occasional customers
7,3408.06,143,1283,United Kingdom,486.86571428571426,183.28571428571428,0.0,15,176,discovery,4e44a85cff7e,0,0.2465832219397734,1.351111262602705,High-value frequent customers
1,283.71,54,242,United Kingdom,283.71,242.0,0.0,256,0,discovery,5d957a98b66f,3,0.30169695669082347,1.5340695571357348,Long-recency customers
1,296.64,13,204,United Kingdom,296.64,204.0,0.0,92,0,discovery,29dec575fa57,3,0.8207332294307167,0.13359233495793688,Long-recency customers
3,1129.14,55,584,United Kingdom,376.38000000000005,194.66666666666666,0.04838709677419355,24,12,discovery,5741d2a50825,1,0.7515055317735431,0.5286199508213303,Established mid-value customers
6,3534.69,137,1648,United Kingdom,589.115,274.6666666666667,0.020202020202020204,17,357,discovery,d103250506b1,0,0.369521511950522,1.1239212736834816,High-value frequent customers
1,291.88,19,222,United Kingdom,291.88,222.0,0.0,24,0,discovery,74dff1fef272,2,0.3944699945034932,1.4154920543623866,Recent occasional customers
6,2043.7199999999998,32,1982,United Kingdom,340.62,330.3333333333333,0.0,27,192,discovery,c40b7bef6b57,0,0.7010473268657632,0.3860418704848573,High-value frequent customers
5,2898.2599999999998,315,2128,United Kingdom,579.652,425.6,0.002304147465437788,27,308,discovery,0a3b18fe62ca,0,0.7096874903142477,0.423438386447187,High-value frequent customers
2,590.0,1,2,United Kingdom,295.0,1.0,0.0,260,11,discovery,954d4d3d25c4,3,1.1180865665198454,0.288215672981607,Long-recency customers
2,356.97999999999996,16,134,United Kingdom,178.49,67.0,0.0,166,124,discovery,3ebe813132c0,3,0.8948724024218264,0.4066357472138389,Long-recency customers
6,1766.72,43,765,United Kingdom,294.4533333333333,127.5,0.03076923076923077,18,190,discovery,d754f71db03c,0,0.5457222936510533,0.6891305286127614,High-value frequent customers
14,9646.57,242,5508,United Kingdom,689.0407142857142,393.42857142857144,0.030456852791878174,8,352,discovery,9d46ab980122,0,0.8911328453320686,1.5858280699011988,High-value frequent customers
2,183.44,16,286,United Kingdom,91.72,143.0,0.0,30,20,discovery,2d8d7d850287,2,0.7340254048305869,0.9345604023332391,Recent occasional customers
1,151.5,9,62,United Kingdom,151.5,62.0,0.1,253,0,discovery,92602e98a936,3,0.45578955542153177,1.4640490278409932,Long-recency customers
1,674.68,41,403,United Kingdom,674.68,403.0,0.0,59,0,discovery,b89e761b0143,2,0.9390725487308322,0.5167338339085594,Recent occasional customers
1,307.9,17,259,United Kingdom,307.9,259.0,0.05555555555555555,185,0,discovery,38cc8f16c079,3,0.35015498146429797,1.1879520667306778,Long-recency customers
2,1071.91,89,580,United Kingdom,535.9549999999999,290.0,0.0,11,26,discovery,140c3cf6bc3c,1,1.370006278883061,9.23171706990189e-05,Established mid-value customers
37,5704.97,184,2589,United Kingdom,154.1883783783784,69.97297297297297,0.013071895424836602,2,372,discovery,f3d438848ce3,0,1.2141970582975516,1.719148004242947,High-value frequent customers
2,165.0,7,100,United Kingdom,82.5,50.0,0.0,100,16,discovery,c1e659427286,3,1.0864388470949684,0.1515476001539524,Long-recency customers
4,2501.84,214,1583,United Kingdom,625.46,395.75,0.0,2,46,discovery,7170ae575c0c,0,0.9811303923527992,1.2055855842899772,High-value frequent customers
2,422.64,21,266,United Kingdom,211.32,133.0,0.045454545454545456,61,272,discovery,a1c4b6f7da49,2,0.8668902120541183,0.05603213561711995,Recent occasional customers
1,226.84,59,129,United Kingdom,226.84,129.0,0.0,237,0,discovery,891d417a18c4,3,0.21083311679103264,1.5677551919020165,Long-recency customers
4,1431.78,64,1012,United Kingdom,357.945,253.0,0.0,192,107,discovery,f5200a20f896,1,0.9941908388347468,1.2133305344681986,Established mid-value customers
2,1238.47,56,417,United Kingdom,619.235,208.5,0.04918032786885246,179,103,discovery,d5cd33a9a1ff,1,1.0356288477370994,0.5513811356616138,Established mid-value customers
6,1454.58,57,1021,United Kingdom,242.42999999999998,170.16666666666666,0.024691358024691357,38,254,discovery,686b04e7ab6d,1,0.8518619206708179,0.176107311805063,Established mid-value customers
2,300.95,14,134,United Kingdom,150.475,67.0,0.0625,201,34,discovery,c5afb9cd536d,3,0.80902793413937,0.6999165154275182,Long-recency customers
5,1804.56,98,1142,United Kingdom,360.912,228.4,0.026785714285714284,46,211,discovery,c3c04629fcba,1,0.7226096346611292,0.4040514081738159,Established mid-value customers
1,184.64,11,116,United Kingdom,184.64,116.0,0.0,233,0,discovery,ab935c11b0b3,3,0.29092202099651415,1.5057187112578483,Long-recency customers
1,313.8,8,44,United Kingdom,313.8,44.0,0.0,242,0,discovery,42c184d6af4b,3,0.340509204119935,1.4430043011667046,Long-recency customers
1,454.24,23,277,United Kingdom,454.24,277.0,0.0,234,0,discovery,7b303f924082,3,0.6112307200408184,1.1780096242187912,Long-recency customers
3,1122.41,69,669,United Kingdom,374.1366666666666,223.0,0.0,79,77,discovery,875299beacaf,1,0.1642585951086037,1.5727638421141028,Established mid-value customers
3,575.4,26,265,United Kingdom,191.79999999999998,88.33333333333333,0.0,58,296,discovery,3e1cd5e54381,1,0.4817647556600276,0.8727138670734431,Established mid-value customers
4,449.52,11,560,United Kingdom,112.38,140.0,0.0,106,189,discovery,11a1943800c1,1,0.8307467551633377,0.972421256063363,Established mid-value customers
3,1269.84,38,408,Switzerland,423.28000000000003,136.0,0.0,137,78,discovery,363599becc03,1,0.6350318113428668,1.3152575422840473,Established mid-value customers
2,618.63,6,380,Switzerland,309.315,190.0,0.0,276,12,discovery,4ea1aea33bb3,3,1.155316572428331,0.28933800824568645,Long-recency customers
1,316.26000000000005,18,162,United Kingdom,316.26000000000005,162.0,0.0,312,0,discovery,20a8ca939709,3,0.4768272524705173,1.548317891885335,Long-recency customers
5,2044.8700000000001,34,829,United Kingdom,408.974,165.8,0.07692307692307693,8,361,discovery,dab209ea9242,0,0.46560304163705535,1.1375716374655866,High-value frequent customers
2,653.33,28,341,United Kingdom,326.66499999999996,170.5,0.027777777777777776,11,349,discovery,21027620fab2,2,1.0989100569556545,0.3189759952683131,Recent occasional customers
2,348.05,19,163,United Kingdom,174.025,81.5,0.05,283,86,discovery,1beb264b567f,3,0.8838856348556298,0.7806872295952404,Long-recency customers
3,1166.77,60,609,United Kingdom,388.92333333333335,203.0,0.029850746268656716,24,99,discovery,b273e5673fe7,1,0.7540355201081672,0.5121634525947243,Established mid-value customers
1,1340.32,52,560,Switzerland,1340.32,560.0,0.018867924528301886,289,0,discovery,7c4823d0962e,3,1.4709956439474037,0.556349734678816,Long-recency customers
1,216.85,17,248,United Kingdom,216.85,248.0,0.0,72,0,discovery,6009eee7a57d,2,0.8192079770773124,0.17169602192347155,Recent occasional customers
1,295.93,22,178,United Kingdom,295.93,178.0,0.0,65,0,discovery,df4579fb7c4d,2,0.7015778398095002,0.3884817206253751,Recent occasional customers
4,4393.63,182,2486,Switzerland,1098.4075,621.5,0.05286343612334802,73,160,discovery,5007ea1d7e7a,1,1.0812769177376804,0.4256312743061281,Established mid-value customers
2,458.52,26,324,United Kingdom,229.26,162.0,0.10344827586206896,317,53,discovery,3b27638ac19c,3,1.032367610932531,0.6138850628441364,Long-recency customers
4,2479.16,146,1597,United Kingdom,619.79,399.25,0.0,4,142,discovery,99757ca17663,0,0.7741109635449888,1.1425024570177444,High-value frequent customers
1,110.97,12,24,United Kingdom,110.97,24.0,0.0,244,0,discovery,dead1d563440,3,0.7139564913917537,1.285008362306339,Long-recency customers
1,251.21,15,143,United Kingdom,251.21,143.0,0.0,261,0,discovery,b56a7e28d909,3,0.2666468573554527,1.5924363166443123,Long-recency customers
1,205.1,10,109,United Kingdom,205.1,109.0,0.0,127,0,discovery,6c0b147c1131,3,0.5417174699635399,0.7135000163765246,Long-recency customers
1,152.20000000000002,4,40,United Kingdom,152.20000000000002,40.0,0.0,74,0,discovery,eeb13d064b5a,2,0.9898795086680835,0.05062756727574447,Recent occasional customers
3,1389.41,43,985,United Kingdom,463.1366666666667,328.3333333333333,0.0,22,217,discovery,076acb44c3de,1,0.8373907494735976,0.33599609241774553,Established mid-value customers
3,2128.42,125,1369,United Kingdom,709.4733333333334,456.3333333333333,0.013986013986013986,60,120,discovery,c91c9a0b06e4,1,0.5411085182422435,0.995473925854415,Established mid-value customers
1,627.16,36,382,United Kingdom,627.16,382.0,0.0,86,0,discovery,bad2dc82b61b,2,1.1011734849086035,0.09212190518025754,Recent occasional customers
1,122.75,8,23,United Kingdom,122.75,23.0,0.1111111111111111,79,0,discovery,aa947219b96d,3,1.0854226362992212,0.06996266996246203,Long-recency customers
6,3624.35,49,1649,Switzerland,604.0583333333333,274.8333333333333,0.021052631578947368,59,313,discovery,2b0c79bbdb9c,1,1.1467955332474478,0.07057403939942586,Established mid-value customers
3,1071.73,313,718,United Kingdom,357.24333333333334,239.33333333333334,0.0,2,9,discovery,39a23905771f,0,1.4210555204492756,0.6473722605982233,High-value frequent customers
5,3964.88,157,1752,United Kingdom,792.976,350.4,0.02824858757062147,34,333,discovery,c71945db1af8,0,0.8755808249134232,0.3346345197308722,High-value frequent customers
5,680.1800000000001,17,324,United Kingdom,136.036,64.8,0.0,41,179,discovery,c083c23a0c3f,1,0.7193356611782096,0.7691984140017489,Established mid-value customers
2,628.78,5,394,United Kingdom,314.39,197.0,0.0,15,234,discovery,d6d02166a97e,2,0.9803598993309129,0.2833356845304874,Recent occasional customers
7,2242.36,153,1683,United Kingdom,320.33714285714285,240.42857142857142,0.0045871559633027525,34,293,discovery,1046666d17c3,0,0.8125682495354115,0.31282018263904166,High-value frequent customers
2,307.76,15,74,United Kingdom,153.88,37.0,0.0,79,126,discovery,509f47bf0b50,2,0.9642336797812605,0.19079768982248746,Recent occasional customers
2,483.8,17,174,United Kingdom,241.89999999999998,87.0,0.0,206,161,discovery,dca947d56da8,3,0.9974551305929251,0.29385526771561166,Long-recency customers
1,210.31,66,129,United Kingdom,210.31,129.0,0.0,34,0,discovery,783e348dcdb5,2,0.48671502185945154,1.0715490530059828,Recent occasional customers
3,269.09,61,202,United Kingdom,89.69666666666666,67.33333333333333,0.0,183,85,discovery,b5b3fa42ddd1,3,1.3140695197753194,0.10132480474872563,Long-recency customers
25,5870.08,119,2961,United Kingdom,234.8032,118.44,0.13450292397660818,3,356,discovery,9ae3c71a54fa,0,1.037356284661635,1.7212148527106805,High-value frequent customers
7,1280.85,10,175,United Kingdom,182.97857142857146,25.0,0.0,44,272,discovery,5be6e1493b75,1,0.900104756693342,0.2571779238334153,Established mid-value customers
2,276.06,76,112,United Kingdom,138.03,56.0,0.0,40,201,discovery,eeddd5c8bbcd,2,0.6428346088005142,0.6442024388768858,Recent occasional customers
3,621.09,72,357,United Kingdom,207.03,119.0,0.0,13,188,discovery,4c23c9aa3efa,1,1.216319104900935,0.17661922262781804,Established mid-value customers
2,678.16,114,436,United Kingdom,339.08,218.0,0.0,97,147,discovery,2ddea2d87f81,1,0.7327505470625489,0.5693115360192379,Established mid-value customers
1,91.80000000000001,4,12,United Kingdom,91.80000000000001,12.0,0.0,320,0,discovery,3f38464a6f34,3,0.9552243947499485,1.35625246500573,Long-recency customers
12,3740.07,82,1417,United Kingdom,311.6725,118.08333333333333,0.09917355371900827,67,249,discovery,fe95e08469e4,0,1.353092993364516,0.17621674054773484,High-value frequent customers
4,4098.88,128,2636,United Kingdom,1024.72,659.0,0.0,74,128,discovery,89d2be073faf,1,1.0373164214496933,0.4724517614631316,Established mid-value customers
4,594.52,123,338,United Kingdom,148.63,84.5,0.0,6,63,discovery,e442fc4ad125,0,1.3878127996972534,0.2814100306609113,High-value frequent customers
1,141.85999999999999,14,83,United Kingdom,141.85999999999999,83.0,0.0,216,0,discovery,7f08469da78f,3,0.4894679245149757,1.3129702279195525,Long-recency customers
3,1799.33,50,757,United Kingdom,599.7766666666666,252.33333333333334,0.0,82,164,discovery,b60611918c41,1,0.4509550653466567,1.3123134305290503,Established mid-value customers
2,777.53,49,209,United Kingdom,388.765,104.5,0.0,85,56,discovery,321f1e8394ec,1,0.6463487850088887,0.6447736304982887,Established mid-value customers
3,1724.67,68,636,United Kingdom,574.89,212.0,0.024096385542168676,145,224,discovery,a4433eb79e0c,1,0.7678122693537917,1.3419814472116733,Established mid-value customers
2,856.84,134,567,United Kingdom,428.41999999999996,283.5,0.0,41,42,discovery,c20871586c5b,1,0.6923993879548174,0.39901180714783324,Established mid-value customers
1,187.05,41,66,United Kingdom,187.05,66.0,0.0,174,0,discovery,5ba57804eb89,3,0.3479944514140474,1.1897012126362978,Long-recency customers
1,239.49,27,161,United Kingdom,239.49,161.0,0.0,244,0,discovery,859894c4cfc4,3,0.2227001723586331,1.577204215292522,Long-recency customers
12,2088.94,157,1757,United Kingdom,174.07833333333335,146.41666666666666,0.0,13,241,discovery,4aa26040c0ec,0,0.4583353514359128,1.2902580986366936,High-value frequent customers
1,1384.25,32,534,United Kingdom,1384.25,534.0,0.0,206,0,discovery,48775af9283c,3,1.471640352595238,0.3667425131779811,Long-recency customers
2,290.25,24,302,United Kingdom,145.125,151.0,0.0,51,203,discovery,789ae8ef3c80,2,0.7250280219090547,0.48171662921472647,Recent occasional customers
5,732.0699999999999,41,449,United Kingdom,146.414,89.8,0.0,24,153,discovery,ce2ae4076240,1,0.9523677791917301,0.2845477022826498,Established mid-value customers
18,6717.34,78,2646,United Kingdom,373.18555555555554,147.0,0.03076923076923077,11,363,discovery,385846f0f915,0,0.7769889607026781,1.532533486966459,High-value frequent customers
4,1687.6000000000001,61,791,United Kingdom,421.9,197.75,0.023529411764705882,26,216,discovery,00c032199e49,1,0.8345505205547677,0.09334920110515643,Established mid-value customers
2,467.04,19,176,United Kingdom,233.51999999999998,88.0,0.0,15,355,discovery,625aecb7b1a9,2,0.8438461482546752,0.516314991284769,Recent occasional customers
1,118.0,10,30,United Kingdom,118.0,30.0,0.0,310,0,discovery,40608cac6de4,3,0.7323193453042119,1.4501066135896834,Long-recency customers
1,712.4,8,180,United Kingdom,712.4,180.0,0.2727272727272727,64,0,discovery,eddf53ecf274,2,1.0073711704974975,0.4275381843412509,Recent occasional customers
9,2478.95,131,2606,United Kingdom,275.43888888888887,289.55555555555554,0.03333333333333333,16,240,discovery,4c0162e966e1,0,0.3432495389934383,1.235870314785653,High-value frequent customers
2,379.65,21,114,United Kingdom,189.825,57.0,0.0,15,165,discovery,95d57f4bd0d9,2,0.7791787565652457,0.6710839582538999,Recent occasional customers
6,1981.92,70,1848,United Kingdom,330.32,308.0,0.02247191011235955,12,292,discovery,344f08d457bd,0,0.35876134399104426,1.104735091247213,High-value frequent customers
3,1117.13,56,485,United Kingdom,372.3766666666666,161.66666666666666,0.0,65,202,discovery,202fc08ca39a,1,0.07166505569962507,1.6006843883826245,Established mid-value customers
4,247.95999999999998,15,84,United Kingdom,61.989999999999995,21.0,0.0,36,229,discovery,6e88060f3d09,1,1.3023870799216475,0.17057153656361757,Established mid-value customers
5,2011.88,77,719,United Kingdom,402.37600000000003,143.8,0.0078125,109,228,discovery,45f696033e86,1,0.8302814370745075,0.9303838820211427,Established mid-value customers
1,396.97,26,359,United Kingdom,396.97,359.0,0.0,53,0,discovery,a2436ad5ae7a,2,0.6249024499677246,0.6864836595820457,Recent occasional customers
2,664.11,133,384,United Kingdom,332.055,192.0,0.0,6,7,discovery,00e67ca18fd6,2,1.3302353946002419,0.38871981718392257,Recent occasional customers
1,160.04,33,52,United Kingdom,160.04,52.0,0.027777777777777776,48,0,discovery,f0db62cb20a3,2,0.7522703382447878,0.5929220404035572,Recent occasional customers
21,5149.92,171,3293,United Kingdom,245.2342857142857,156.8095238095238,0.06463878326996197,2,365,discovery,0db8b30dabb4,0,1.0671212199230045,1.7305405313711977,High-value frequent customers
1,219.52,19,324,United Kingdom,219.52,324.0,0.0,313,0,discovery,7ef4c3b70a43,3,0.40004716393934564,1.6441711347233896,Long-recency customers
2,693.32,90,548,United Kingdom,346.65999999999997,274.0,0.0,46,166,discovery,3833acdd9f8d,1,0.7089127004989775,0.27764715616813784,Established mid-value customers
1,428.89,23,267,United Kingdom,428.89,267.0,0.0,65,0,discovery,4d2084dcacf1,2,0.7700838295296153,0.4224050686764895,Recent occasional customers
1,164.34,27,164,United Kingdom,164.34,164.0,0.0,27,0,discovery,9930585894de,2,0.6427244577008392,1.1037276675593795,Recent occasional customers
3,276.75,40,276,United Kingdom,92.24999999999999,92.0,0.0,30,282,discovery,05300c0e6d48,2,1.1255830578991481,0.11287178859509206,Recent occasional customers
1,675.51,93,288,United Kingdom,675.51,288.0,0.0,41,0,discovery,6ba927fd989d,2,0.8192061087808897,0.7965535865844211,Recent occasional customers
3,1154.4,67,754,United Kingdom,384.8,251.33333333333334,0.02702702702702703,90,270,discovery,54adb24fa400,1,0.27045654789808315,1.5291003011574793,Established mid-value customers
4,1585.46,171,564,United Kingdom,396.365,141.0,0.0,25,306,discovery,1bda9dcce3a1,1,0.8385488877454235,0.09436922920430302,Established mid-value customers
3,544.18,31,300,United Kingdom,181.39333333333335,100.0,0.0,41,140,discovery,1302cd57c7bc,1,0.6326702065838753,0.6271746331837521,Established mid-value customers
1,177.34,13,246,United Kingdom,177.34,246.0,0.0,174,0,discovery,f808436a245c,3,0.37725722131857925,1.1738856129997393,Long-recency customers
1,213.85,19,343,United Kingdom,213.85,343.0,0.0,117,0,discovery,4058eaf6c757,3,0.6014275044325398,0.5789326220501222,Long-recency customers
5,727.74,75,286,United Kingdom,145.548,57.2,0.060240963855421686,31,267,discovery,25f9de1c37d1,1,0.8212327090307151,0.5070552664525022,Established mid-value customers
1,257.23,19,209,United Kingdom,257.23,209.0,0.0,253,0,discovery,0326b324c8e7,3,0.25533586154416976,1.5730400705118046,Long-recency customers
5,1638.47,84,1269,United Kingdom,327.694,253.8,0.02127659574468085,60,298,discovery,9ee4738184df,1,0.6293204113268687,0.7055255128796067,Established mid-value customers
7,2031.78,51,1391,United Kingdom,290.2542857142857,198.71428571428572,0.1125,6,280,discovery,1c39335c1a00,0,0.4124915224698285,1.4434888470159568,High-value frequent customers
11,3070.42,6,467,United Kingdom,279.1290909090909,42.45454545454545,0.08333333333333333,100,168,discovery,7e591e956374,1,1.4469446317286814,0.20811995673765837,Established mid-value customers
5,2118.93,121,1031,United Kingdom,423.78599999999994,206.2,0.00684931506849315,25,219,discovery,b0aaee8492af,0,0.7095911983921247,0.3259190154528019,High-value frequent customers
5,1547.3600000000001,156,700,United Kingdom,309.47200000000004,140.0,0.0,34,294,discovery,540cf44256f7,1,0.7847397255374241,0.19794374565188189,Established mid-value customers
1,1071.03,62,677,United Kingdom,1071.03,677.0,0.0,68,0,discovery,604219bd366e,2,1.2823388488215373,0.25497972487399956,Recent occasional customers
5,949.12,57,592,United Kingdom,189.824,118.4,0.015625,37,249,discovery,b270fb8b0760,1,0.6871064371000674,0.562978832354872,Established mid-value customers
3,804.3,79,405,United Kingdom,268.09999999999997,135.0,0.0,53,174,discovery,3c4057494482,1,0.2667775843947115,1.1968021239766995,Established mid-value customers
1,1033.34,39,800,United Kingdom,1033.34,800.0,0.0,75,0,discovery,4b8c501fd33f,2,1.3012791064807676,0.2392080163364223,Recent occasional customers
3,519.44,24,273,United Kingdom,173.14666666666668,91.0,0.0,32,154,discovery,2a622397d340,1,0.7784251364698763,0.44402425801404155,Established mid-value customers
4,2624.26,144,2067,United Kingdom,656.065,516.75,0.013513513513513514,17,89,discovery,9b5e580f1a40,0,0.6626210519523063,0.56401067634395,High-value frequent customers
1,252.1,5,158,United Kingdom,252.1,158.0,0.0,121,0,discovery,456c8d088b8e,3,0.5737363225582373,0.6074989375403432,Long-recency customers
4,1648.1200000000001,65,887,United Kingdom,412.03000000000003,221.75,0.012658227848101266,10,225,discovery,b8921cb0b4ff,0,0.7238097552847705,0.6547244977938415,High-value frequent customers
2,346.6,23,139,United Kingdom,173.3,69.5,0.0,257,110,discovery,f498e758e11d,3,0.8611028425466583,0.734506867442444,Long-recency customers
6,1836.34,79,922,United Kingdom,306.0566666666667,153.66666666666666,0.02040816326530612,17,251,discovery,e3238ffbb354,0,0.5025285907967875,0.7699442419705654,High-value frequent customers
2,94.2,6,33,United Kingdom,47.1,16.5,0.0,36,4,discovery,66db6b9b8fe1,2,1.2138881422342322,0.6703567007843991,Recent occasional customers
3,1095.08,48,578,United Kingdom,365.02666666666664,192.66666666666666,0.0,46,323,discovery,156929545a68,1,0.28524881032291155,1.2630597594214694,Established mid-value customers
2,932.97,52,605,United Kingdom,466.485,302.5,0.0,115,127,discovery,13c4796609ac,1,0.7375260614267788,0.7685532002510705,Established mid-value customers
2,379.65,49,490,United Kingdom,189.825,245.0,0.0,165,173,discovery,0ef5b316e3ee,3,0.9194273116510825,0.34441425483780197,Long-recency customers
2,382.14,16,209,United Kingdom,191.07,104.5,0.0,11,191,discovery,01de7a99c84f,2,0.9033051279454581,0.6877108262429424,Recent occasional customers
5,2639.17,91,1019,United Kingdom,527.8340000000001,203.8,0.03571428571428571,10,195,discovery,ffdea94c6112,0,0.358028571650076,1.2043857827152376,High-value frequent customers
2,1563.0,92,882,United Kingdom,781.5,441.0,0.037383177570093455,206,115,discovery,d6ab619ca251,1,1.1783733065462245,0.552889724261403,Established mid-value customers
3,881.26,50,533,United Kingdom,293.75333333333333,177.66666666666666,0.08771929824561403,86,174,discovery,5e883ee024a8,1,0.2556740926744923,1.404093979976474,Established mid-value customers
1,189.47,13,91,United Kingdom,189.47,91.0,0.0,180,0,discovery,dea231bf9316,3,0.3233343633561313,1.2403753982897259,Long-recency customers
3,84.65,12,41,United Kingdom,28.21666666666667,13.666666666666666,0.0,61,227,discovery,570a4587fb25,2,1.6973529996183374,0.24612700423053524,Recent occasional customers
1,299.05,82,149,United Kingdom,299.05,149.0,0.0,150,0,discovery,0a8534a7ecd8,3,0.4539654607388924,0.9000095107521808,Long-recency customers
21,6309.83,284,3722,United Kingdom,300.46809523809526,177.23809523809524,0.06275303643724696,3,360,discovery,ffe3ba0280b9,0,1.014721967546093,1.7273224169585382,High-value frequent customers
2,218.55,9,237,United Kingdom,109.27499999999999,118.5,0.0,51,99,discovery,c22331619f41,2,0.7719917241484537,0.6566394007829819,Recent occasional customers
1,349.7,25,282,United Kingdom,349.7,282.0,0.0,76,0,discovery,f259795ca771,2,0.8241198757129796,0.18627165718708782,Recent occasional customers
2,186.39000000000001,4,57,United Kingdom,93.19500000000001,28.5,0.625,302,31,discovery,608ed2d4856a,3,0.8561095918924494,1.197356578510394,Long-recency customers
2,486.82000000000005,25,330,United Kingdom,243.41000000000003,165.0,0.0,152,133,discovery,ece4b9e57fd5,3,1.0534004230353766,0.03802358317828025,Long-recency customers
1,232.6,16,924,United Kingdom,232.6,924.0,0.0,152,0,discovery,755ff568e2d5,3,0.38669313660440435,0.9947317817156522,Long-recency customers
4,3719.12,164,1934,United Kingdom,929.7800000000001,483.5,0.09767441860465116,2,338,discovery,62167bcf5bc0,0,0.9821563979182643,1.3017956173559972,High-value frequent customers
4,827.83,37,360,United Kingdom,206.9575,90.0,0.0,18,138,discovery,2a8bb475ed51,1,0.9989638286623872,0.1748451014113701,Established mid-value customers
1,59.5,3,10,United Kingdom,59.5,10.0,0.0,188,0,discovery,b519a990cc17,3,1.3073391081042693,0.8477021060330321,Long-recency customers
1,65.13,29,38,United Kingdom,65.13,38.0,0.03333333333333333,286,0,discovery,1b84d0b99a5f,3,1.237938623772896,1.1579601831276711,Long-recency customers
7,3119.44,29,5056,United Kingdom,445.63428571428574,722.2857142857143,0.0,3,58,discovery,a8f8c0b2d868,0,0.6247706268838528,1.6067627562255993,High-value frequent customers
1,910.0,6,512,United Kingdom,910.0,512.0,0.0,64,0,discovery,e7f627812683,2,1.1557210107605043,0.3848502571035768,Recent occasional customers
3,1488.32,48,1226,United Kingdom,496.10666666666674,408.6666666666667,0.03636363636363636,25,212,discovery,3ebd5316fa76,1,0.7705004005359409,0.4180335332210069,Established mid-value customers
50,65039.62,366,63312,United Kingdom,1300.7924,1266.24,0.0273972602739726,4,370,discovery,91cada2ba1c7,0,2.1168166026552644,1.521552440965341,High-value frequent customers
15,2504.13,46,1603,United Kingdom,166.942,106.86666666666666,0.0,32,228,discovery,3b9bbe1e34b2,0,0.8883315152829796,0.697969032516659,High-value frequent customers
1,151.29999999999998,12,177,United Kingdom,151.29999999999998,177.0,0.0,39,0,discovery,891b74baba51,2,0.7328057853253462,0.7745660913806522,Recent occasional customers
10,2248.63,139,2281,United Kingdom,224.863,228.1,0.0,27,301,discovery,5a538dcf8295,0,0.6941145801960218,0.7122475024457586,High-value frequent customers
1,99.5,1,10,United Kingdom,99.5,10.0,0.0,319,0,discovery,f6fd95ee14be,3,0.8850098466428297,1.3889817517740806,Long-recency customers
9,2308.06,111,1531,United Kingdom,256.4511111111111,170.11111111111111,0.007407407407407408,6,83,discovery,5f1c3ba8278f,0,0.3872843781364448,1.5891949645847654,High-value frequent customers
3,711.86,25,363,United Kingdom,237.28666666666666,121.0,0.0,8,366,discovery,a27edbee4f04,0,1.4210452958515072,0.03926389596511837,High-value frequent customers
1,330.79,20,189,United Kingdom,330.79,189.0,0.0,303,0,discovery,a90e05447d33,3,0.48036734199014663,1.517992635040159,Long-recency customers
2,806.41,48,351,United Kingdom,403.205,175.5,0.0,268,48,discovery,f8514489dafb,3,1.3113404914553972,0.06231640239872194,Long-recency customers
1,285.33,49,301,United Kingdom,285.33,301.0,0.0,272,0,discovery,338d0e78f40d,3,0.3371697393450398,1.5557799363287796,Long-recency customers
13,6307.650000000001,244,3508,United Kingdom,485.20384615384614,269.84615384615387,0.028985507246376812,4,312,discovery,25625150b279,0,0.8034659239341565,1.7261726668329906,High-value frequent customers
2,252.06,11,140,United Kingdom,126.03,70.0,0.0,219,0,discovery,184f41a726f6,3,0.7761381005511455,0.8898576341987295,Long-recency customers
1,228.84,10,352,United Kingdom,228.84,352.0,0.0,247,0,discovery,e3f56fed0f4f,3,0.22737763889714158,1.5884318118279526,Long-recency customers
5,1077.39,89,562,United Kingdom,215.478,112.4,0.028037383177570093,282,91,discovery,8c37bf301d3e,1,1.3863550383847323,0.880459730459787,Established mid-value customers
1,138.28,21,138,United Kingdom,138.28,138.0,0.0,270,0,discovery,b11bac5a3404,3,0.5492624695199468,1.456135840765757,Long-recency customers
6,1445.01,92,1959,United Kingdom,240.835,326.5,0.009708737864077669,33,266,discovery,c15de5dd782c,1,0.9056495806749381,0.040432036252154524,Established mid-value customers
5,1041.68,56,609,United Kingdom,208.336,121.8,0.0,16,219,discovery,2a2d409927f4,0,0.8966631333773133,0.24517715722936606,High-value frequent customers
4,799.9,42,501,United Kingdom,199.975,125.25,0.0,117,138,discovery,2d736668ef13,1,0.594167409391398,1.4011404355965635,Established mid-value customers
1,524.14,28,316,United Kingdom,524.14,316.0,0.0,37,0,discovery,cb88bf3c0d06,2,0.630818873962367,1.017170380390342,Recent occasional customers
1,199.85000000000002,6,43,United Kingdom,199.85000000000002,43.0,0.0,218,0,discovery,19183de75cb7,3,0.23785642267618895,1.483419008930355,Long-recency customers
8,1980.56,95,806,United Kingdom,247.57,100.75,0.11864406779661017,50,259,discovery,adcdebafcd3a,1,1.074825687212414,0.03960346463934217,Established mid-value customers
2,1079.6599999999999,39,1054,United Kingdom,539.83,527.0,0.0,39,62,discovery,5ba6c45ac2f9,1,0.6972023073726288,0.5367254859998931,Established mid-value customers
2,333.48,19,162,United Kingdom,166.74,81.0,0.0,29,5,discovery,ab21385d8855,2,0.6086624275374573,0.6400957113676329,Recent occasional customers
6,1016.14,38,458,United Kingdom,169.35666666666665,76.33333333333333,0.0,37,274,discovery,3d389766ba0d,1,0.8233086746467657,0.3539466271443883,Established mid-value customers
2,752.6,38,488,United Kingdom,376.29999999999995,244.0,0.0,136,26,discovery,b66ed3956c53,1,0.8702734442908288,0.45567320065271344,Established mid-value customers
2,610.59,36,278,United Kingdom,305.295,139.0,0.0,220,27,discovery,fde242b9ef43,3,1.1260177389653305,0.13714409542363315,Long-recency customers
1,491.86,33,498,United Kingdom,491.86,498.0,0.0,29,0,discovery,cba5ea14e089,2,0.5676776938044125,1.192798647466188,Recent occasional customers
4,2883.54,158,1128,United Kingdom,720.885,282.0,0.057971014492753624,25,210,discovery,d2642919962f,0,0.8095044648842751,0.269159109008861,High-value frequent customers
2,729.8,166,496,United Kingdom,364.9,248.0,0.015544041450777202,6,255,discovery,8312250e1e90,2,1.370206724824884,0.33484080615553413,Recent occasional customers
1,339.59999999999997,29,125,United Kingdom,339.59999999999997,125.0,0.0,201,0,discovery,d1018088c4e9,3,0.39135285024712835,1.2253258986260496,Long-recency customers
1,350.75,23,425,United Kingdom,350.75,425.0,0.0,241,0,discovery,4849b3a6f008,3,0.4176009093061075,1.3673934899671654,Long-recency customers
3,668.4300000000001,34,218,United Kingdom,222.81000000000003,72.66666666666667,0.02857142857142857,72,146,discovery,a111eb945462,1,0.3577292262935657,1.1218731343025938,Established mid-value customers
12,3107.87,200,1115,United Kingdom,258.9891666666667,92.91666666666667,0.006349206349206349,17,304,discovery,c29554b9a01b,0,0.4658123844506328,1.2867663867332746,High-value frequent customers
2,1080.52,54,1153,United Kingdom,540.26,576.5,0.0,96,197,discovery,f4f22edcd974,1,0.647599076357402,0.8757732626404622,Established mid-value customers
1,300.04,25,496,United Kingdom,300.04,496.0,0.038461538461538464,163,0,discovery,3be1eeb5548b,3,0.4016426844937898,1.0243622489801338,Long-recency customers
1,79.6,1,8,United Kingdom,79.6,8.0,0.0,374,0,discovery,c24cde2fbbe3,3,1.1435607132354204,1.3683831295559847,Long-recency customers
5,1647.26,20,516,United Kingdom,329.452,103.2,0.0,54,283,discovery,a9e073502b27,1,0.6462939796395591,0.6129682774020916,Established mid-value customers
1,296.25,9,152,United Kingdom,296.25,152.0,0.0,289,0,discovery,474596059cad,3,0.39300290493717455,1.5575127867406442,Long-recency customers
6,1175.38,64,874,United Kingdom,195.89666666666668,145.66666666666666,0.0,125,122,discovery,10719ad89dcc,1,0.8817299722334174,1.0724692072023085,Established mid-value customers
1,741.26,35,512,United Kingdom,741.26,512.0,0.0,288,0,discovery,a326853f87f2,3,1.028435956531543,1.0047916637879195,Long-recency customers
2,282.59999999999997,11,214,United Kingdom,141.3,107.0,0.0,152,166,discovery,0bc1bafbe078,3,0.8590628173407255,0.5428201909257935,Long-recency customers
9,2108.06,232,1242,United Kingdom,234.2288888888889,138.0,0.003105590062111801,4,60,discovery,d8f505924fb9,0,0.5804532011472079,1.5415007058574555,High-value frequent customers
14,5189.52,66,3188,United Kingdom,370.68,227.71428571428572,0.006993006993006993,3,365,discovery,61e23298cfe5,0,0.8441243072508527,1.7374353938825533,High-value frequent customers
7,3190.55,104,1844,United Kingdom,455.79285714285714,263.42857142857144,0.0,12,362,discovery,1bfdcff5852c,0,0.10565526389175808,1.563397506909835,High-value frequent customers
2,659.4100000000001,24,287,United Kingdom,329.70500000000004,143.5,0.0,34,38,discovery,3b326cfa97cb,1,0.8393812257341852,0.06653747534787025,Established mid-value customers
2,286.79,50,197,United Kingdom,143.395,98.5,0.0,55,202,discovery,6287dd1cdc6c,2,0.7596153265433281,0.44793826247808477,Recent occasional customers
2,1070.65,68,642,United Kingdom,535.325,321.0,0.0,51,129,discovery,f9779adb2566,1,0.6033310838670428,0.6744518647283119,Established mid-value customers
1,306.72,7,272,United Kingdom,306.72,272.0,0.5,219,0,discovery,87e81d7b0cc8,3,0.3111542895974404,1.3795434817186063,Long-recency customers
1,1714.96,15,728,United Kingdom,1714.96,728.0,0.11764705882352941,64,0,discovery,1188e3c4bc90,2,1.5671977021784353,0.015470741581834035,Recent occasional customers
3,1519.42,183,926,United Kingdom,506.47333333333336,308.6666666666667,0.0,71,267,discovery,e5181538a618,1,0.2970230976806144,1.4024092607380405,Established mid-value customers
37,17220.36,55,7322,United Kingdom,465.41513513513513,197.8918918918919,0.07769423558897243,3,371,discovery,e6c128af47c9,0,1.5204309391745392,1.6594544855059592,High-value frequent customers
10,2796.51,73,1163,United Kingdom,279.651,116.3,0.055944055944055944,3,365,discovery,a1bf9ce00840,0,0.6671117218894508,1.652499333249513,High-value frequent customers
4,2634.45,114,1477,United Kingdom,658.6125,369.25,0.008333333333333333,65,183,discovery,cde85fce2a66,1,0.7448349948750154,0.6584994006882162,Established mid-value customers
3,1122.63,141,540,United Kingdom,374.21000000000004,180.0,0.0,34,206,discovery,c4e82d178a9e,1,0.5079283740244128,0.895260884089447,Established mid-value customers
1,345.0,22,192,United Kingdom,345.0,192.0,0.0,82,0,discovery,dbacf0335a6f,2,0.8772976529467498,0.07224236743364776,Recent occasional customers
33,25977.16,36,12897,United Kingdom,787.1866666666666,390.8181818181818,0.1004566210045662,1,373,discovery,e08fcc2525dc,0,1.8567177079062471,1.68165397711476,High-value frequent customers
1,178.7,9,70,United Kingdom,178.7,70.0,0.0,104,0,discovery,9ab165ee2964,3,0.7322141815687316,0.40925962466217947,Long-recency customers
2,360.01,56,318,United Kingdom,180.00500000000002,159.0,0.0,8,163,discovery,37178fbb2f39,2,1.0311256484320415,0.7310168399438022,Recent occasional customers
1,127.84,17,30,United Kingdom,127.84,30.0,0.0,251,0,discovery,fd7f5fe6723a,3,0.5940709078453507,1.3737113417166555,Long-recency customers
6,908.86,96,369,United Kingdom,151.47666666666666,61.5,0.0,13,315,discovery,12d86def9d9a,0,0.9155667027621711,0.4282085281019611,High-value frequent customers
11,2462.79,9,2493,United Kingdom,223.89,226.63636363636363,0.0,10,323,discovery,9e87a0cf0f96,0,0.3282234782618214,1.529168162894301,High-value frequent customers
1,348.8,45,748,United Kingdom,348.8,748.0,0.0,5,0,discovery,3a50ad323d27,2,1.138738344007948,1.3017698533673037,Recent occasional customers
2,1516.0,7,1200,United Kingdom,758.0,600.0,0.35294117647058826,128,41,discovery,52534dc5418b,1,0.8444971964598894,0.9332510760671638,Established mid-value customers
2,195.55,13,92,United Kingdom,97.775,46.0,0.0,67,221,discovery,23124cc85625,2,0.9374238356692651,0.3574497185718467,Recent occasional customers
1,558.32,33,331,United Kingdom,558.32,331.0,0.0,310,0,discovery,faed5c6bb93d,3,0.8410697389208222,1.246937243950854,Long-recency customers
1,324.8,23,168,United Kingdom,324.8,168.0,0.0,67,0,discovery,5724bf34478a,2,0.7268286484854521,0.3587238376393168,Recent occasional customers
3,4599.42,55,2572,United Kingdom,1533.14,857.3333333333334,0.09090909090909091,139,173,discovery,cb7339df6116,1,1.2406342712724232,0.8977139673772698,Established mid-value customers
1,277.07,17,121,United Kingdom,277.07,121.0,0.0,256,0,discovery,0d9b54cf5be2,3,0.2902435189069604,1.546039616032701,Long-recency customers
7,2588.39,124,1462,United Kingdom,369.77,208.85714285714286,0.0,31,259,discovery,4515042dc194,0,0.7265237989853668,0.48374509139897937,High-value frequent customers
2,924.6,10,1900,United Kingdom,462.3,950.0,0.0,53,77,discovery,13327adbf467,1,0.600626420260253,0.595883643561724,Established mid-value customers
1,256.38,10,56,United Kingdom,256.38,56.0,0.0,64,0,discovery,7a01b74564a6,2,0.7022022020133047,0.3827316801768108,Recent occasional customers
1,112.6,7,36,United Kingdom,112.6,36.0,0.0,368,0,discovery,0bb262bb042f,3,0.858521736796384,1.4963625211574931,Long-recency customers
1,155.05,11,29,Cyprus,155.05,29.0,0.0,306,0,discovery,2e9842dff97e,3,0.5261493903362332,1.5606080366659736,Long-recency customers
3,1499.01,32,312,Germany,499.67,104.0,0.027777777777777776,29,28,discovery,8d933c4214a9,1,0.6771207896019433,0.5618400857530121,Established mid-value customers
3,814.5,7,68,Germany,271.5,22.666666666666668,0.07142857142857142,184,56,discovery,db02173e5a31,1,0.9017804882883795,0.7744843567413999,Established mid-value customers
3,539.0,33,333,Germany,179.66666666666666,111.0,0.0,43,63,discovery,a993a4fd38b4,1,0.6194364843360686,0.6445581164661977,Established mid-value customers
2,1579.12,37,864,Germany,789.56,432.0,0.017241379310344827,93,45,discovery,740acbcc1bae,1,0.7090154820035816,1.0117963404527295,Established mid-value customers
4,4027.36,132,2560,Germany,1006.84,640.0,0.005649717514124294,23,296,discovery,9b11bc047ec3,0,0.7944298313272611,0.4888218176666721,High-value frequent customers
2,382.98,20,211,Germany,191.49,105.5,0.0,30,322,discovery,4c602ac7d751,2,0.6396312537767221,0.511874912331044,Recent occasional customers
3,1140.35,26,1109,United Kingdom,380.1166666666666,369.6666666666667,0.0,302,18,discovery,c5040db83913,1,1.3534906897988628,0.5165717946390986,Established mid-value customers
2,385.64,51,153,United Kingdom,192.82,76.5,0.0,145,117,discovery,db4d86f21e23,3,0.9646148563318281,0.2220653749772693,Long-recency customers
2,632.0,90,611,United Kingdom,316.0,305.5,0.0,6,35,discovery,14caa3f5ceaa,2,1.3103599684109304,0.41724346059206074,Recent occasional customers
2,957.66,39,439,United Kingdom,478.83,219.5,0.0,19,73,discovery,3c5b947ea34b,1,1.070019255350255,0.10507786273204944,Established mid-value customers
1,189.5,10,82,United Kingdom,189.5,82.0,0.16666666666666666,177,0,discovery,e6fada0c75b4,3,0.3320886162792206,1.2171630515158118,Long-recency customers
3,409.8,83,138,United Kingdom,136.6,46.0,0.0,58,86,discovery,3ccf4bedb6f8,1,0.7582840288776181,0.5060196900800188,Established mid-value customers
1,209.49,15,311,United Kingdom,209.49,311.0,0.0,23,0,discovery,4fd0dd9b1902,2,0.506494253936313,1.3236885698535246,Recent occasional customers
1,52.199999999999996,3,28,United Kingdom,52.199999999999996,28.0,0.25,20,0,discovery,434e0323fe0e,2,1.688113745317785,0.6985420102168003,Recent occasional customers
1,383.85,28,117,United Kingdom,383.85,117.0,0.0,160,0,discovery,9fe161333cec,3,0.5562197184767181,0.8712283027087699,Long-recency customers
4,834.57,48,442,United Kingdom,208.64249999999998,110.5,0.0,26,190,discovery,f4a41582dd37,1,0.7696706970691527,0.49440052120848343,Established mid-value customers
2,266.59000000000003,17,182,United Kingdom,133.29500000000002,91.0,0.0,212,106,discovery,d823d2718770,3,0.782712118008441,0.8298373213023634,Long-recency customers
4,674.82,144,254,United Kingdom,168.70499999999998,63.5,0.0,6,364,discovery,14e87c2b36bc,0,1.2982149020696894,0.34683451058081194,High-value frequent customers
1,85.0,1,100,United Kingdom,85.0,100.0,0.0,253,0,discovery,896590332782,3,0.9644747427662895,1.1890948735169262,Long-recency customers
9,3385.62,155,1768,United Kingdom,376.18,196.44444444444446,0.0,59,308,discovery,7d5dbde60854,0,1.2115941046007885,0.12932212827404466,High-value frequent customers
1,361.62,20,196,United Kingdom,361.62,196.0,0.0,12,0,discovery,af894e7c011f,2,0.7141434005335151,1.4121332336767694,Recent occasional customers
1,312.98,9,182,United Kingdom,312.98,182.0,0.0,65,0,discovery,0d86d287b4cc,2,0.7033226068027347,0.39715450896018556,Recent occasional customers
3,865.0600000000001,55,388,United Kingdom,288.3533333333333,129.33333333333334,0.05172413793103448,25,336,discovery,a70912bbdbe9,1,0.7348863732861782,0.6827719696797513,Established mid-value customers
3,1255.0,3,3700,United Kingdom,418.3333333333333,1233.3333333333333,0.0,93,274,discovery,2089863e67bf,1,0.3195072751853476,1.5329087635163194,Established mid-value customers
1,1595.48,93,944,United Kingdom,1595.48,944.0,0.010638297872340425,130,0,discovery,3f6d0262407a,3,1.6447909816803798,0.02563625344551923,Long-recency customers
3,2651.46,77,1705,United Kingdom,883.82,568.3333333333334,0.0,96,193,discovery,20d064127a79,1,0.7578311090999041,1.0807194884050095,Established mid-value customers
1,1090.14,23,312,United Kingdom,1090.14,312.0,0.041666666666666664,58,0,discovery,9b62c5fb4ea6,2,1.2367763793951136,0.30387787005804356,Recent occasional customers
25,8109.5199999999995,39,2296,United Kingdom,324.3808,91.84,0.03508771929824561,9,357,discovery,ef3e6b29ed6d,0,0.9605150896913682,1.564788713940037,High-value frequent customers
3,388.5,10,494,United Kingdom,129.5,164.66666666666666,0.17647058823529413,169,35,discovery,28680ce65ca9,1,1.1308562495149255,0.2609315043118119,Established mid-value customers
1,216.17,11,75,United Kingdom,216.17,75.0,0.0,58,0,discovery,3f48e6a86c4b,2,0.6846767174508902,0.47510421187297547,Recent occasional customers
1,201.16,27,129,United Kingdom,201.16,129.0,0.0,327,0,discovery,d7ee8d5ee888,3,0.45383518606858586,1.6438432766961484,Long-recency customers
5,1245.9,58,591,United Kingdom,249.18,118.2,0.012987012987012988,2,85,discovery,801c5a300f75,0,1.0708502229299424,1.0663705329458348,High-value frequent customers
8,2209.36,97,1688,United Kingdom,276.17,211.0,0.02112676056338028,19,314,discovery,878be9bce492,0,0.4475872914239868,0.9696763325351708,High-value frequent customers
1,305.78,20,224,United Kingdom,305.78,224.0,0.09090909090909091,248,0,discovery,648c75f79838,3,0.33130159858576635,1.4745748410072177,Long-recency customers
4,501.56,26,204,United Kingdom,125.39,51.0,0.0,59,231,discovery,6182226db53d,1,0.6555604119104689,0.9556031070873817,Established mid-value customers
1,145.67000000000002,7,57,United Kingdom,145.67000000000002,57.0,0.0,75,0,discovery,fa95ac0d4f02,2,1.0222347474950655,0.024114024567415626,Recent occasional customers
3,1005.09,51,501,United Kingdom,335.03000000000003,167.0,0.0,32,187,discovery,ce85eaf693f3,1,0.548554993165851,0.8773305494026723,Established mid-value customers
2,3192.54,32,1964,United Kingdom,1596.27,982.0,0.0,8,31,discovery,57a98167d668,0,1.4428131591929603,0.3004704244689469,High-value frequent customers
4,3083.65,234,1709,United Kingdom,770.9125,427.25,0.0,124,234,discovery,5c1a5a35be2d,1,0.9981550844321491,0.9048720269544791,Established mid-value customers
8,2770.94,91,1325,United Kingdom,346.3675,165.625,0.025423728813559324,3,285,discovery,064dd9de06bf,0,0.630248441904043,1.615334706291339,High-value frequent customers
13,6403.25,155,2806,United Kingdom,492.5576923076923,215.84615384615384,0.005917159763313609,23,286,discovery,7f18309ab384,0,0.817704647158051,1.1447287659283933,High-value frequent customers
3,389.6,21,140,United Kingdom,129.86666666666667,46.666666666666664,0.041666666666666664,120,190,discovery,556f821d8b20,1,0.9378646789277465,0.5373323554452669,Established mid-value customers
1,540.45,18,180,United Kingdom,540.45,180.0,0.0,359,0,discovery,371ce1e8a319,3,0.8874931800788362,1.3333774291844323,Long-recency customers
1,122.7,7,36,United Kingdom,122.7,36.0,0.0,64,0,discovery,0357ee66f255,2,1.0527659953565955,0.17638705708114544,Recent occasional customers
1,117.24,3,108,United Kingdom,117.24,108.0,0.0,87,0,discovery,9c8fcc82327f,3,1.0462917959612996,0.19126231291315476,Long-recency customers
13,3219.77,125,1842,United Kingdom,247.67461538461538,141.69230769230768,0.0,22,346,discovery,75cd7c195cca,0,0.6225241973770886,1.0877309395460184,High-value frequent customers
20,17159.52,72,10118,United Kingdom,857.976,505.9,0.011111111111111112,4,308,discovery,88b1d4a4e558,0,1.3626371642170265,1.629751364253237,High-value frequent customers
5,1191.13,54,953,United Kingdom,238.22600000000003,190.6,0.015151515151515152,3,62,discovery,ac361e5f22e1,0,0.984458421633696,0.9976548290794696,High-value frequent customers
5,2674.48,108,1436,United Kingdom,534.896,287.2,0.08387096774193549,11,243,discovery,849afce05c67,0,0.3574634666153371,1.1628412491247455,High-value frequent customers
5,787.6,45,300,United Kingdom,157.52,60.0,0.016666666666666666,8,276,discovery,f21a38af74ee,0,1.0681166737342642,0.4687159362691524,High-value frequent customers
2,506.8,28,182,United Kingdom,253.39999999999998,91.0,0.0,190,11,discovery,babc12db82e5,3,1.0289078785087789,0.18759547919656816,Long-recency customers
1,243.56,16,126,United Kingdom,243.56,126.0,0.0,72,0,discovery,ee149f2af597,2,0.7908913446283142,0.1988755845311717,Recent occasional customers
1,349.55,19,147,United Kingdom,349.55,147.0,0.0,205,0,discovery,b17cf38ab2b4,3,0.4092782381408749,1.227205999978564,Long-recency customers
1,416.90000000000003,15,146,United Kingdom,416.90000000000003,146.0,0.0,93,0,discovery,7feff5a8dac4,3,0.931755626191642,0.07472177531296809,Long-recency customers
10,1883.8100000000002,74,831,United Kingdom,188.381,83.1,0.03508771929824561,2,357,discovery,e5821bbd75a8,0,0.8827216474683842,1.500454171600886,High-value frequent customers
4,632.97,26,983,United Kingdom,158.24249999999998,245.75,0.0,27,220,discovery,9efe384ce20d,1,0.8251590398800579,0.6238707785544426,Established mid-value customers
1,821.1,21,190,United Kingdom,821.1,190.0,0.0,298,0,discovery,1dd4e578885a,3,1.1139830464553566,0.9319338458085031,Long-recency customers
3,564.62,25,354,United Kingdom,188.20666666666668,118.0,0.1,24,287,discovery,edaebb731cb6,1,0.8918950605243195,0.3651229823088621,Established mid-value customers
4,2593.07,97,1365,United Kingdom,648.2675,341.25,0.008403361344537815,29,136,discovery,85381f880e78,0,0.890974657529185,0.06767647856275938,High-value frequent customers
1,155.93,12,133,United Kingdom,155.93,133.0,0.0,326,0,discovery,62e00717394a,3,0.5633158154777916,1.5811888746299245,Long-recency customers
2,388.52,19,156,United Kingdom,194.26,78.0,0.0,17,258,discovery,a6235901d6bf,2,0.7420550412500373,0.6398184312418296,Recent occasional customers
3,740.95,42,430,United Kingdom,246.98333333333335,143.33333333333334,0.0,184,79,discovery,e9591ae44cc8,1,0.9205368272815732,0.7098134472410046,Established mid-value customers
5,2867.2,144,1739,United Kingdom,573.44,347.8,0.0,73,246,discovery,b93a6f8ae762,1,0.9141550586686374,0.49751142152766314,Established mid-value customers
2,332.64,24,332,United Kingdom,166.32,166.0,0.0,38,257,discovery,6264c4dd12ef,2,0.636061359603808,0.5307523561165786,Recent occasional customers
9,2580.91,120,2731,United Kingdom,286.7677777777778,303.44444444444446,0.0,58,251,discovery,8c9a589a86da,0,1.2011119327787443,0.027765900841292268,High-value frequent customers
2,626.45,28,380,United Kingdom,313.225,190.0,0.029411764705882353,12,25,discovery,61178643a4c8,2,1.0487643801806525,0.33298790028108094,Recent occasional customers
2,384.81,24,474,Denmark,192.405,237.0,0.15151515151515152,60,62,discovery,1872ea18900f,2,0.8339255092439407,0.15314822132997374,Recent occasional customers
1,172.25,7,93,United Kingdom,172.25,93.0,0.0,352,0,discovery,9ba6dca04343,3,0.5697099920052506,1.6257166243792345,Long-recency customers
1,351.13,20,185,United Kingdom,351.13,185.0,0.0,54,0,discovery,248971ee49a9,2,0.6013284097302405,0.6633349815318386,Recent occasional customers
6,1838.8500000000001,90,1575,United Kingdom,306.47499999999997,262.5,0.145985401459854,2,71,discovery,ab53468579ee,0,0.8760339152569341,1.347075317878976,High-value frequent customers
1,223.85000000000002,11,104,United Kingdom,223.85000000000002,104.0,0.0,24,0,discovery,7499d09a51f7,2,0.46384856605355723,1.3354445465182085,Recent occasional customers
1,348.99,21,214,United Kingdom,348.99,214.0,0.0,75,0,discovery,a59eabcab2b1,2,0.8143888901549594,0.2052711367587905,Recent occasional customers
4,464.57,23,129,United Kingdom,116.14250000000001,32.25,0.0,11,123,discovery,28a512d45ade,1,1.4328549333812197,0.10919599058487583,Established mid-value customers
2,842.65,8,143,United Kingdom,421.325,71.5,0.1,170,157,discovery,b0a8fca76fd7,1,1.001542057999406,0.3436778623082688,Established mid-value customers
2,337.34,15,274,United Kingdom,168.67,137.0,0.0,58,79,discovery,02f41e20af3f,2,0.7934725630013515,0.2890071096305431,Recent occasional customers
2,1237.53,56,725,United Kingdom,618.7650000000001,362.5,0.01694915254237288,96,185,discovery,a93772415486,1,0.6605153158228917,0.9366141985476256,Established mid-value customers
1,307.4,16,72,United Kingdom,307.4,72.0,0.0,295,0,discovery,6294573834cd,3,0.4244651462796113,1.546058955828817,Long-recency customers
2,608.7900000000001,23,205,United Kingdom,304.395,102.5,0.0,110,39,discovery,a386864afd8d,1,0.8259439511223658,0.4564583414287595,Established mid-value customers
1,922.1,31,390,United Kingdom,922.1,390.0,0.0,264,0,discovery,3088f047dcc6,3,1.1769726964626148,0.7875797422626372,Long-recency customers
1,376.58,26,330,United Kingdom,376.58,330.0,0.037037037037037035,180,0,discovery,4350a3a793c2,3,0.4954386583757116,1.0320724634197929,Long-recency customers
1,158.85,9,123,United Kingdom,158.85,123.0,0.0,170,0,discovery,6b9dc1170d3f,3,0.45920466049279307,1.105106975947845,Long-recency customers
1,71.66,7,70,United Kingdom,71.66,70.0,0.0,36,0,discovery,97cb0e27edb8,2,1.3696819782149943,0.5026661250327558,Recent occasional customers
4,839.14,39,516,United Kingdom,209.785,129.0,0.0,18,127,discovery,710bddef079c,1,0.9971207721429309,0.1679512274601036,Established mid-value customers
3,561.5699999999999,11,443,United Kingdom,187.19000000000003,147.66666666666666,0.0,80,188,discovery,20956708e2f8,1,0.5154561163790147,0.9475207659957695,Established mid-value customers
1,90.6,5,44,United Kingdom,90.6,44.0,0.0,66,0,discovery,29caeabd9f86,2,1.2958306572760292,0.07519104659069376,Recent occasional customers
1,102.0,3,40,United Kingdom,102.0,40.0,0.0,361,0,discovery,667ba28b1a25,3,0.9228396268330497,1.4511515173459393,Long-recency customers
6,2427.32,124,2474,United Kingdom,404.55333333333334,412.3333333333333,0.0,3,92,discovery,a54d837d9c96,0,0.6649841465649396,1.4617467056672822,High-value frequent customers
4,745.06,33,323,United Kingdom,186.265,80.75,0.027777777777777776,12,235,discovery,dd8b91d42f74,0,1.1973522402664485,0.058664024130436365,High-value frequent customers
3,674.45,38,459,United Kingdom,224.8166666666667,153.0,0.0,177,118,discovery,a7ee985a80c2,1,0.9119490816396751,0.6785873381989667,Established mid-value customers
2,322.96,33,154,United Kingdom,161.48,77.0,0.0,155,151,discovery,9b70b13d2707,3,0.8829041237972989,0.44248791968568224,Long-recency customers
3,594.04,79,355,United Kingdom,198.01333333333332,118.33333333333333,0.0,80,283,discovery,aa9afa31006a,1,0.47221624408756485,1.0083051123988944,Established mid-value customers
2,230.22,11,142,United Kingdom,115.11,71.0,0.0,22,50,discovery,94d6e79a688b,2,0.6687933135118913,0.922958985079745,Recent occasional customers
2,169.55,11,87,United Kingdom,84.775,43.5,0.0,22,224,discovery,7a73392b233a,2,0.8024370419065803,1.0134140948306165,Recent occasional customers
4,664.54,35,460,United Kingdom,166.135,115.0,0.0,309,59,discovery,ae6680800acb,1,1.4471205129092588,0.4390030563869074,Established mid-value customers
18,9024.17,334,4528,United Kingdom,501.34277777777777,251.55555555555554,0.011182108626198083,8,358,discovery,37288c4f7a9f,0,0.9265832915635858,1.5940525550425422,High-value frequent customers
2,190.25,15,187,United Kingdom,95.125,93.5,0.0,71,131,discovery,672ef568b76b,2,0.9784954937651555,0.2830814144423359,Recent occasional customers
1,264.7,11,109,United Kingdom,264.7,109.0,0.0,288,0,discovery,693bfdce7f96,3,0.34734419433158786,1.6022261092955277,Long-recency customers
1,413.59000000000003,28,249,United Kingdom,413.59000000000003,249.0,0.0,50,0,discovery,9fb349038508,2,0.6099096333864074,0.7551975573788439,Recent occasional customers
6,2461.2400000000002,240,1697,United Kingdom,410.20666666666665,282.8333333333333,0.006042296072507553,32,245,discovery,d7e52f582e92,0,0.7733269540436434,0.316866132371453,High-value frequent customers
2,196.79000000000002,14,315,United Kingdom,98.39500000000001,157.5,0.0,15,31,discovery,e7c995edd6aa,2,0.8308694863245442,1.0046453839432683,Recent occasional customers
1,200.14,11,172,United Kingdom,200.14,172.0,0.0,61,0,discovery,d29847575ea0,2,0.7438522903102376,0.3830937066660516,Recent occasional customers
4,1871.81,72,1136,United Kingdom,467.9525,284.0,0.034782608695652174,40,326,discovery,fc9623c3f9de,1,0.6522153343067648,0.4725694937119024,Established mid-value customers
12,2603.43,91,1183,United Kingdom,216.9525,98.58333333333333,0.044642857142857144,30,337,discovery,fa3a953b3874,0,0.7833303899313047,0.7282255854534199,High-value frequent customers
5,920.51,14,679,United Kingdom,184.102,135.8,0.058823529411764705,27,340,discovery,00e57db57df9,1,0.8516777909473368,0.27713305643560604,Established mid-value customers
1,320.46,12,430,United Kingdom,320.46,430.0,0.0,18,0,discovery,e7b22d29e5f2,2,0.5010152362158107,1.508566076515382,Recent occasional customers
6,4147.96,188,3044,United Kingdom,691.3266666666667,507.3333333333333,0.02092050209205021,20,235,discovery,78d6e69137a8,0,0.49874078430144375,0.9979500008748126,High-value frequent customers
2,1266.08,33,1313,United Kingdom,633.04,656.5,0.0,66,174,discovery,8a36a06fe298,1,0.5882868048856907,0.8689011820115738,Established mid-value customers
1,311.3,16,190,United Kingdom,311.3,190.0,0.0,214,0,discovery,1cf782d23cfe,3,0.3218620628336655,1.3479819047049357,Long-recency customers
6,852.88,58,995,United Kingdom,142.14666666666668,165.83333333333334,0.023809523809523808,13,131,discovery,b468a79d9197,0,0.9639586439685218,0.3845937871954893,High-value frequent customers
9,3466.36,66,900,United Kingdom,385.1511111111111,100.0,0.032,43,288,discovery,82deadc988ba,0,0.9736244558453561,0.41467433372180607,High-value frequent customers
6,2274.14,122,932,United Kingdom,379.0233333333333,155.33333333333334,0.0,4,145,discovery,55b265df0a21,0,0.5626125170774927,1.4367345910039322,High-value frequent customers
5,1393.69,55,879,United Kingdom,278.738,175.8,0.011494252873563218,16,230,discovery,fbded238296c,0,0.7117487754490617,0.4516583857902061,High-value frequent customers
12,3901.81,102,2243,United Kingdom,325.1508333333333,186.91666666666666,0.018867924528301886,11,351,discovery,414ae8dd245d,0,0.3910330016696404,1.5954246685722182,High-value frequent customers
1,635.66,15,710,United Kingdom,635.66,710.0,0.0625,212,0,discovery,fc56b1333350,3,0.8740350593445362,0.9061606747450667,Long-recency customers
3,2043.0800000000002,34,962,United Kingdom,681.0266666666666,320.6666666666667,0.025,46,328,discovery,b36173eda743,1,0.578321046697542,0.8079625410989811,Established mid-value customers
2,529.73,47,877,United Kingdom,264.865,438.5,0.0,135,22,discovery,5553354008ea,1,0.9867492147552955,0.14645645469647228,Established mid-value customers
7,4582.64,102,2668,United Kingdom,654.6628571428572,381.14285714285717,0.0,44,245,discovery,1d444819eb42,0,1.0144346199067567,0.37226123532194033,High-value frequent customers
3,962.19,22,641,United Kingdom,320.73,213.66666666666666,0.0,116,197,discovery,7465094df5c4,1,0.4754222861472347,1.3586747614391403,Established mid-value customers
1,328.8,11,160,United Kingdom,328.8,160.0,0.0,278,0,discovery,7d40c7463211,3,0.426598680617154,1.489058404056417,Long-recency customers
3,473.02,30,462,United Kingdom,157.67333333333332,154.0,0.0,111,165,discovery,5485fb96aca7,1,0.7652448218638921,0.792095959262948,Established mid-value customers
1,505.18,39,1076,United Kingdom,505.18,1076.0,0.0,78,0,discovery,3f600b1e5510,2,0.9461002936858055,0.1926885462491591,Recent occasional customers
1,917.34,20,378,United Kingdom,917.34,378.0,0.0,53,0,discovery,c7a8c2cc4cae,2,1.0938305452677612,0.4555858958965051,Recent occasional customers
4,4341.21,154,2125,EIRE,1085.3025,531.25,0.006172839506172839,162,196,discovery,24c87e17a205,1,1.3152751869877075,0.828998760469094,Established mid-value customers
2,642.8,37,441,United Kingdom,321.4,220.5,0.0,17,72,discovery,d46bd8d7596c,2,0.9584901670088067,0.2335259734995928,Recent occasional customers
3,631.9,22,192,United Kingdom,210.63333333333333,64.0,0.0,156,101,discovery,cd5db92ca866,1,0.8306205487474028,0.7492772161319075,Established mid-value customers
2,584.07,30,345,United Kingdom,292.03499999999997,172.5,0.0,8,243,discovery,8677d7ed847e,2,1.1672263647958614,0.4372401648766364,Recent occasional customers
2,327.7,16,150,United Kingdom,163.85,75.0,0.0,122,3,discovery,b923a9c0e373,3,0.9824708822914447,0.2304761923196219,Long-recency customers
1,104.82,6,62,United Kingdom,104.82,62.0,0.0,61,0,discovery,bf362750881d,2,1.1506807241124846,0.18693206624421665,Recent occasional customers
2,467.66,15,198,United Kingdom,233.82999999999998,99.0,0.0,64,81,discovery,ca319db34366,1,0.856299732977868,0.06740682991999847,Established mid-value customers
8,2358.84,210,1478,United Kingdom,294.855,184.75,0.0,19,348,discovery,93febac7ab8f,0,0.4261873504123086,1.0102628804539246,High-value frequent customers
19,17286.86,119,5788,United Kingdom,909.8347368421053,304.63157894736844,0.031007751937984496,8,365,discovery,cb00b7e8562a,0,1.2704076555885173,1.5173232903137723,High-value frequent customers
3,648.89,82,420,United Kingdom,216.29666666666665,140.0,0.033707865168539325,23,135,discovery,b2145a445e26,1,0.861985180114881,0.45135804510493704,Established mid-value customers
5,1428.02,41,739,United Kingdom,285.604,147.8,0.0,29,269,discovery,6af16fbc4a40,1,0.8428577352215396,0.08558377890577284,Established mid-value customers
1,626.65,38,268,United Kingdom,626.65,268.0,0.0,285,0,discovery,76d940846580,3,0.8987783586462629,1.138199040626692,Long-recency customers
2,147.20000000000002,27,46,United Kingdom,73.6,23.0,0.0,177,188,discovery,d07cbe0b7737,3,0.8986239539784072,0.7922049615253487,Long-recency customers
3,1560.38,64,965,United Kingdom,520.1266666666667,321.6666666666667,0.010752688172043012,79,129,discovery,6f63f7bb5b09,1,0.34337641185659973,1.4200568863599115,Established mid-value customers
1,141.41,21,94,United Kingdom,141.41,94.0,0.0,267,0,discovery,41c40bbb4567,3,0.5275092312377248,1.4609274770356628,Long-recency customers
4,646.42,165,304,United Kingdom,161.605,76.0,0.0,27,283,discovery,46d290f51ee0,1,0.8172379768567383,0.6180521526887165,Established mid-value customers
4,1659.75,4,535,United Kingdom,414.9375,133.75,0.0,110,264,discovery,3ef3bb5421d8,1,0.6228400336719527,1.232622063759106,Established mid-value customers
1,154.99,14,460,United Kingdom,154.99,460.0,0.0,285,0,discovery,85eabd9ce42f,3,0.4868237960985853,1.5344511774038778,Long-recency customers
4,5578.72,348,3808,United Kingdom,1394.6799999999998,952.0,0.03434343434343434,17,301,discovery,8e635f47ddd2,0,0.7744058072025555,0.7974825305691622,High-value frequent customers
2,746.36,49,689,United Kingdom,373.18,344.5,0.0,32,75,discovery,886d4b193f7c,1,0.8300696969829253,0.1478263294265113,Established mid-value customers
23,15610.390000000001,52,3756,United Kingdom,678.7126086956522,163.30434782608697,0.023255813953488372,1,366,discovery,a229c4ac4282,0,1.5978713091669066,1.7106793400711855,High-value frequent customers
1,225.36,56,89,United Kingdom,225.36,89.0,0.0,20,0,discovery,095ebce2e516,2,0.5115929156558268,1.4096984557763566,Recent occasional customers
2,260.25,2,215,United Kingdom,130.125,107.5,0.0,125,35,discovery,32ed4ae6cb6e,3,0.9293384969963774,0.36518118931334564,Long-recency customers
1,92.46,6,62,United Kingdom,92.46,62.0,0.0,66,0,discovery,754cc55de5f3,2,1.2795237930187064,0.07912556915319335,Recent occasional customers
1,725.6400000000001,10,216,United Kingdom,725.6400000000001,216.0,0.0,107,0,discovery,13ac9474b6e5,3,1.16862514237964,0.13921178148196645,Long-recency customers
23,8152.71,320,4252,United Kingdom,354.46565217391304,184.8695652173913,0.01981981981981982,2,283,discovery,7cfc90c7c7f6,0,1.220352391421762,1.730481615385431,High-value frequent customers
17,6211.66,179,4873,United Kingdom,365.39176470588234,286.6470588235294,0.02413793103448276,24,337,discovery,cc75c541aa43,0,0.9004877084201456,1.1323303537097082,High-value frequent customers
12,10464.85,60,5593,United Kingdom,872.0708333333333,466.0833333333333,0.0,10,355,discovery,69fac022dbc3,0,0.8855495985116918,1.5071323737244078,High-value frequent customers
5,1334.34,59,1772,United Kingdom,266.868,354.4,0.02531645569620253,30,245,discovery,a2000cdfbe43,1,0.812082011121745,0.16391795353243,Established mid-value customers
2,374.7,51,361,United Kingdom,187.35,180.5,0.0,64,33,discovery,2762743b9b00,2,0.8618360025254105,0.14123596823925666,Recent occasional customers
8,1437.57,271,994,United Kingdom,179.69625,124.25,0.02710843373493976,4,261,discovery,8ecb856bafce,0,0.7350620023128185,1.2929605243689677,High-value frequent customers
1,151.04,13,130,United Kingdom,151.04,130.0,0.07142857142857142,33,0,discovery,f2061bd8e6a8,2,0.7097614792269966,0.914934376889236,Recent occasional customers
3,942.26,33,754,United Kingdom,314.08666666666664,251.33333333333334,0.0,5,257,discovery,b883ee926aa3,0,1.311953006201919,0.3658209327396307,High-value frequent customers
5,499.41999999999996,33,268,United Kingdom,99.88399999999999,53.6,0.0,41,234,discovery,721afbab64ea,1,0.8652630206050936,0.82041516810909,Established mid-value customers
6,1049.37,46,310,United Kingdom,174.89499999999998,51.666666666666664,0.0,102,272,discovery,c71221ef4021,1,0.7825474858603083,1.0451699744124674,Established mid-value customers
1,375.1,12,301,United Kingdom,375.1,301.0,0.0,125,0,discovery,5d97598188c0,3,0.683050937239131,0.5341559048969909,Long-recency customers
2,921.62,126,592,United Kingdom,460.81,296.0,0.0196078431372549,303,67,discovery,f2937d364af6,3,1.4175864098347088,0.0540806481230689,Long-recency customers
18,4421.29,272,3177,United Kingdom,245.62722222222223,176.5,0.0022271714922048997,3,366,discovery,a477d8636cea,0,0.8787947827899829,1.724272389334579,High-value frequent customers
1,191.47,61,250,United Kingdom,191.47,250.0,0.014492753623188406,3,0,discovery,78b1ad99a6a1,2,1.406451226376678,1.423123853114558,Recent occasional customers
13,50491.81,379,12665,United Kingdom,3883.9853846153846,974.2307692307693,0.001694915254237288,11,312,discovery,807f728e37a9,0,1.763002973495228,1.3034702036068395,High-value frequent customers
1,158.75,13,133,United Kingdom,158.75,133.0,0.0,57,0,discovery,1744da794ba1,2,0.8290374550617131,0.3920140515554028,Recent occasional customers
14,4076.91,117,2066,United Kingdom,291.2078571428571,147.57142857142858,0.013824884792626729,8,351,discovery,714b03249025,0,0.5025405898870166,1.6691450858803087,High-value frequent customers
1,433.86,95,391,United Kingdom,433.86,391.0,0.0,13,0,discovery,fc1752e42be2,2,0.7295183098940095,1.3118909363344595,Recent occasional customers
17,65164.79,1119,16352,United Kingdom,3833.2229411764706,961.8823529411765,0.0033151326053042123,5,97,discovery,3479825d2008,0,1.9667435253174428,1.4569811545042934,High-value frequent customers
1,147.35,21,104,United Kingdom,147.35,104.0,0.0,37,0,discovery,ab376d157f9b,2,0.7432873675623248,0.8075111431290196,Recent occasional customers
11,3104.17,167,2179,United Kingdom,282.1972727272727,198.0909090909091,0.007936507936507936,17,338,discovery,88dd37274db1,0,0.4269709708281812,1.2882424888788822,High-value frequent customers
1,191.95000000000002,24,63,United Kingdom,191.95000000000002,63.0,0.0,138,0,discovery,ebf84a836787,3,0.4938022843266239,0.8446971361080171,Long-recency customers
6,5976.79,15,6942,United Kingdom,996.1316666666667,1157.0,0.0,74,253,discovery,82521c1dbc01,1,1.4266494660252758,0.03708049846949413,Established mid-value customers
2,216.20999999999998,21,72,United Kingdom,108.10499999999999,36.0,0.0,155,11,discovery,fb6d7d18d3a8,3,0.8376030099185285,0.6489811873739608,Long-recency customers
2,597.91,33,381,United Kingdom,298.955,190.5,0.02857142857142857,31,71,discovery,ecd390c6525d,2,0.8433180716531091,0.07246145927541181,Recent occasional customers
1,144.2,9,88,United Kingdom,144.2,88.0,0.35714285714285715,73,0,discovery,dcc24edb1257,2,1.0130385169559604,0.05672771320783321,Recent occasional customers
12,5683.15,94,2445,United Kingdom,473.59583333333336,203.75,0.006369426751592357,4,263,discovery,cfba282b5a15,0,0.740318682808743,1.7321842122181104,High-value frequent customers
4,692.85,10,458,United Kingdom,173.2125,114.5,0.09090909090909091,15,227,discovery,67247a44f1c7,1,1.140744186024308,0.12516991679114575,Established mid-value customers
7,2915.15,117,1651,United Kingdom,416.45,235.85714285714286,0.07514450867052024,23,253,discovery,4b115f245448,0,0.5115260791132137,0.8536701463345704,High-value frequent customers
2,386.53,15,101,United Kingdom,193.265,50.5,0.0,274,57,discovery,454360cd0aa2,3,0.9150418634335824,0.6788253488810487,Long-recency customers
5,1382.74,61,707,United Kingdom,276.548,141.4,0.0,20,102,discovery,1b5a70f9fabe,0,0.7828504512282967,0.2550319337361776,High-value frequent customers
1,90.0,3,72,United Kingdom,90.0,72.0,0.0,144,0,discovery,6972ffb547db,3,0.9781309217187577,0.7323965800801324,Long-recency customers
4,2780.15,148,2082,United Kingdom,695.0375,520.5,0.012422360248447204,4,56,discovery,b8b979e136b3,0,0.7635541636417282,1.181704385988348,High-value frequent customers
1,419.58000000000004,4,1618,United Kingdom,419.58000000000004,1618.0,0.0,85,0,discovery,6231675e53a4,2,0.9427309242479673,0.053650640303506525,Recent occasional customers
3,2720.63,159,1628,United Kingdom,906.8766666666667,542.6666666666666,0.0,11,68,discovery,cfc6d87f32aa,0,0.914797523671139,0.5196237108154234,High-value frequent customers
3,706.1300000000001,14,508,United Kingdom,235.3766666666667,169.33333333333334,0.0625,8,3,discovery,134dead96636,0,1.425968607167694,0.03566969433779854,High-value frequent customers
3,709.71,39,321,United Kingdom,236.57000000000002,107.0,0.0,123,188,discovery,d531c1aa1599,1,0.6020795886664894,1.082386759237638,Established mid-value customers
2,637.5,40,564,United Kingdom,318.75,282.0,0.0,61,195,discovery,a1871edb66ae,1,0.6899415646763863,0.3457421642386488,Established mid-value customers
5,1123.8600000000001,31,592,United Kingdom,224.77200000000002,118.4,0.0,2,259,discovery,270e9cde601f,0,1.119943679594509,1.0136292180907287,High-value frequent customers
1,480.91,66,257,United Kingdom,480.91,257.0,0.0,320,0,discovery,a0ea3ec46ef5,3,0.7490985098260122,1.3409860158989524,Long-recency customers
11,3586.0299999999997,100,3368,United Kingdom,326.00272727272727,306.1818181818182,0.004975124378109453,3,181,discovery,c3d5aa3ec730,0,0.6988699376752099,1.7100596600884368,High-value frequent customers
3,605.64,25,348,United Kingdom,201.88,116.0,0.06666666666666667,130,186,discovery,b3750a7bd5ba,1,0.7127336829887534,0.8890311659977144,Established mid-value customers
2,965.8800000000001,40,600,United Kingdom,482.94000000000005,300.0,0.0,2,62,discovery,dfa5b4c304b8,0,1.8380260937894395,0.016213881494077542,High-value frequent customers
1,415.82,26,510,United Kingdom,415.82,510.0,0.0,47,0,discovery,352435653610,2,0.5829535756879594,0.8272966249132048,Recent occasional customers
2,935.05,60,811,United Kingdom,467.525,405.5,0.014925373134328358,4,28,discovery,e482fac9a44e,2,1.6238675596746406,0.12434853266370105,Recent occasional customers
4,915.13,27,355,United Kingdom,228.78250000000003,88.75,0.13043478260869565,3,103,discovery,d8a03892a7a5,0,1.2252810042232096,0.708287656742242,High-value frequent customers
1,311.81,22,313,United Kingdom,311.81,313.0,0.0,374,0,discovery,994a1bc18d04,3,0.6142758574892891,1.5885275569825028,Long-recency customers
1,115.8,7,30,United Kingdom,115.8,30.0,0.0,134,0,discovery,5f7f9b79926c,3,0.8027664304323971,0.7147076341280845,Long-recency customers
4,3742.2,6,756,United Kingdom,935.55,189.0,0.08333333333333333,47,171,discovery,f6e1ffcf0ae0,1,1.008646802792346,0.1752895680819695,Established mid-value customers
5,4191.0,183,2437,United Kingdom,838.2,487.4,0.14285714285714285,9,349,discovery,c6d6b1a930e5,0,0.4172864066350307,1.3557550711776742,High-value frequent customers
2,483.4,4,108,United Kingdom,241.70000000000002,54.0,0.16666666666666666,79,207,discovery,b92475f1534e,1,0.8484452963154383,0.20161089528049136,Established mid-value customers
1,157.2,3,16,United Kingdom,157.2,16.0,0.0,234,0,discovery,287d993aa7d0,3,0.40923331263640894,1.4308264028171016,Long-recency customers
2,658.64,23,496,United Kingdom,329.32000000000005,248.0,0.0,36,324,discovery,31aa3d1f6edb,1,0.8156291526683558,0.0953389419458599,Established mid-value customers
2,621.29,47,711,United Kingdom,310.645,355.5,0.02,76,159,discovery,a94f0c1936ac,1,0.7085826309728206,0.4182682892896471,Established mid-value customers
2,1345.62,52,465,United Kingdom,672.81,232.5,0.0,240,0,discovery,9b617cca8eda,1,1.279164232385544,0.3542319118768076,Established mid-value customers
1,118.75,6,25,United Kingdom,118.75,25.0,0.0,267,0,discovery,e516faeed78a,3,0.6725625641683041,1.3759849090669984,Long-recency customers
55,117210.08,714,57768,EIRE,2131.0923636363636,1050.3272727272727,0.014134275618374558,10,362,discovery,3664729a1a09,0,2.3368862689317753,1.3353460069548801,High-value frequent customers
2,424.89000000000004,45,271,United Kingdom,212.445,135.5,0.02127659574468085,20,266,discovery,81ffc5fa5565,2,0.724224433832986,0.5403173750139141,Recent occasional customers
1,507.66,41,781,United Kingdom,507.66,781.0,0.0,41,0,discovery,3e85c1ccf358,2,0.6356986096735278,0.9331337270422995,Recent occasional customers
11,4630.35,501,4348,United Kingdom,420.94090909090914,395.27272727272725,0.006762468300929839,20,343,discovery,09b94e5e8552,0,0.5856592606316425,1.2189933664775654,High-value frequent customers
3,1097.6200000000001,87,450,United Kingdom,365.8733333333333,150.0,0.0,216,154,discovery,59a92dd4caf4,1,1.0310356200576405,0.7925079383798852,Established mid-value customers
2,289.36,25,142,United Kingdom,144.68,71.0,0.0,174,119,discovery,2b4111bce5b5,3,0.8239315753622309,0.6284234934855903,Long-recency customers
4,2445.91,36,893,United Kingdom,611.4775,223.25,0.0,88,152,discovery,53bf2468cc7e,1,0.7353903012606624,0.8990167600678933,Established mid-value customers
2,1631.77,28,1033,United Kingdom,815.885,516.5,0.0,71,10,discovery,fc08c658b5ed,1,0.6654710359058349,0.9722032384054149,Established mid-value customers
1,120.44,23,53,United Kingdom,120.44,53.0,0.0,276,0,discovery,c4e5613aad8f,3,0.6703663242137151,1.4017703054101407,Long-recency customers
4,562.59,27,147,United Kingdom,140.6475,36.75,0.0,40,292,discovery,b3ce0a495667,1,0.6844199807860374,0.8867473732561264,Established mid-value customers
4,450.84,28,150,United Kingdom,112.71000000000001,37.5,0.0,11,209,discovery,13da0e72cc25,1,1.444283787183703,0.12096286218620311,Established mid-value customers
4,576.9000000000001,28,209,United Kingdom,144.22500000000002,52.25,0.03125,298,70,discovery,b1e845685a9e,1,1.4462027165251743,0.38271348351768353,Established mid-value customers
4,549.46,37,204,United Kingdom,137.365,51.0,0.023809523809523808,87,93,discovery,d603864d756f,1,0.6258408460343173,1.1328416131043388,Established mid-value customers
7,1600.26,191,1494,United Kingdom,228.60857142857142,213.42857142857142,0.0,9,174,discovery,0290245bcf65,0,0.46604113165756195,1.1620861458248373,High-value frequent customers
2,701.57,135,319,United Kingdom,350.785,159.5,0.0,41,12,discovery,c20b827600b5,1,0.7431172641796219,0.2251725928060232,Established mid-value customers
25,4748.52,112,719,United Kingdom,189.94080000000002,28.76,0.03225806451612903,11,362,discovery,54c493b81d9d,0,0.7640240871046641,1.5146648479419813,High-value frequent customers
1,197.65,3,6,United Kingdom,197.65,6.0,0.0,332,0,discovery,be11650b0713,3,0.47144334052097747,1.6434708044019537,Long-recency customers
6,2054.36,34,1162,United Kingdom,342.3933333333334,193.66666666666666,0.08450704225352113,31,280,discovery,67b6bc5eeaed,0,0.7871144868363416,0.24503059250314796,High-value frequent customers
15,4654.08,176,3937,United Kingdom,310.272,262.46666666666664,0.04332129963898917,3,366,discovery,1295a46f86ff,0,0.8356931040313575,1.7334756990031053,High-value frequent customers
13,4684.76,145,3662,United Kingdom,360.36615384615385,281.6923076923077,0.015209125475285171,2,219,discovery,517c55ad69b2,0,0.9250801024585205,1.7276416198063071,High-value frequent customers
2,853.39,35,445,United Kingdom,426.695,222.5,0.0,68,202,discovery,17c5dbd0ca2e,1,0.5895906894383004,0.6463454346606233,Established mid-value customers
21,11349.52,269,5840,United Kingdom,540.4533333333334,278.0952380952381,0.041390728476821195,5,304,discovery,87afb0db975a,0,1.1384701788631848,1.6481302676055043,High-value frequent customers
1,335.52,6,142,United Kingdom,335.52,142.0,0.0,107,0,discovery,561ca7f7826c,3,0.7419782198227198,0.33666910078598944,Long-recency customers
4,701.4,35,290,United Kingdom,175.35000000000002,72.5,0.11363636363636363,19,221,discovery,de3c85cadda5,1,0.9983732187471632,0.2954635732688218,Established mid-value customers
1,185.39999999999998,2,28,United Kingdom,185.39999999999998,28.0,0.0,219,0,discovery,944d8bb28bcb,3,0.2820038987318242,1.4582196361506985,Long-recency customers
7,747.44,32,590,United Kingdom,106.77714285714286,84.28571428571429,0.05128205128205128,61,299,discovery,47894487309e,1,0.8704119036517858,0.7385701440423728,Established mid-value customers
1,150.61,36,72,United Kingdom,150.61,72.0,0.0,3,0,discovery,aaed2dd07873,2,1.4813726718627818,1.4637771393639119,Recent occasional customers
1,328.15999999999997,20,276,United Kingdom,328.15999999999997,276.0,0.047619047619047616,240,0,discovery,38264293c5d2,3,0.36899752632409455,1.4083287148238888,Long-recency customers
1,151.74,10,114,United Kingdom,151.74,114.0,0.0,95,0,discovery,252384d945c5,3,0.8584147558368097,0.288127591472524,Long-recency customers
6,2073.43,55,691,United Kingdom,345.5716666666667,115.16666666666667,0.011363636363636364,11,322,discovery,0cc2888f11c0,0,0.32129131619302287,1.1958009767244682,High-value frequent customers
6,1905.8400000000001,66,760,United Kingdom,317.64000000000004,126.66666666666667,0.009708737864077669,106,266,discovery,5c65a55555ae,1,0.9182726153501457,0.8006254624969567,Established mid-value customers
9,2241.1,87,1242,United Kingdom,249.0111111111111,138.0,0.05084745762711865,54,242,discovery,d7ee78eaf566,0,1.1603925394778192,0.022606750589052815,High-value frequent customers
6,1789.72,98,1358,United Kingdom,298.2866666666667,226.33333333333334,0.009174311926605505,12,357,discovery,4d701dd9271a,0,0.4231370308985118,1.0175534061801959,High-value frequent customers
1,89.94,7,78,United Kingdom,89.94,78.0,0.0,5,0,discovery,a204e4a014ef,2,1.5697168006299307,1.2921371051910018,Recent occasional customers
2,632.4,21,272,United Kingdom,316.20000000000005,136.0,0.0,248,111,discovery,a491923c6d87,3,1.1530166710618182,0.19723037590703107,Long-recency customers
9,3432.8,123,2191,United Kingdom,381.4222222222222,243.44444444444446,0.005154639175257732,43,297,discovery,1394dc761133,0,0.9730053812505313,0.41107378437276987,High-value frequent customers
3,991.13,50,585,United Kingdom,330.37666666666667,195.0,0.01639344262295082,93,172,discovery,6c9cacfea70f,1,0.2875970758480031,1.4558934122925984,Established mid-value customers
5,2214.79,64,1296,United Kingdom,442.95799999999997,259.2,0.08333333333333333,29,241,discovery,6bf329794960,0,0.7850289818540994,0.19933544379685675,High-value frequent customers
3,925.71,47,409,United Kingdom,308.57,136.33333333333334,0.07407407407407407,184,105,discovery,a0c540bf8754,1,0.8860469639188759,0.8548256696383836,Established mid-value customers
5,2048.07,81,1941,United Kingdom,409.61400000000003,388.2,0.025423728813559324,43,222,discovery,714d30c946b9,1,0.7986491062114176,0.25495829218748467,Established mid-value customers
4,1462.72,30,680,United Kingdom,365.68,170.0,0.027777777777777776,50,268,discovery,e7465a6fb137,1,0.44413828276594425,0.8805334080657666,Established mid-value customers
4,754.12,122,951,United Kingdom,188.53,237.75,0.0,23,35,discovery,85c9db8267e3,1,0.8659055095126057,0.42434489159511857,Established mid-value customers
5,3144.86,65,1959,United Kingdom,628.972,391.8,0.0125,76,185,discovery,e7c57d8fc5a9,1,0.970766261061109,0.4723234985700264,Established mid-value customers
2,490.86,15,310,United Kingdom,245.43,155.0,0.0,81,292,discovery,779db76d31c8,1,0.8431606019461464,0.22674106210644296,Established mid-value customers
1,161.0,9,38,United Kingdom,161.0,38.0,0.0,374,0,discovery,b14907c7e9ff,3,0.6494447461493295,1.6185939623533354,Long-recency customers
1,146.85,8,111,United Kingdom,146.85,111.0,0.0,327,0,discovery,d6182a888c95,3,0.6022519349322144,1.560509709184889,Long-recency customers
11,2380.85,83,993,United Kingdom,216.4409090909091,90.27272727272727,0.034482758620689655,44,273,discovery,fa9d58c0b089,0,1.0308967211975495,0.3187717297569934,High-value frequent customers
2,890.34,37,418,United Kingdom,445.17,209.0,0.0,31,195,discovery,36269c959f92,1,0.8132817722631879,0.2765592606274546,Established mid-value customers
2,280.55,13,123,United Kingdom,140.27499999999998,61.5,0.0,235,91,discovery,471fbeb9e02f,3,0.7931695270531254,0.8525242513313722,Long-recency customers
2,1693.45,107,976,United Kingdom,846.725,488.0,0.03571428571428571,220,44,discovery,f2f9a32f0400,1,1.2464852318537334,0.5370784418487453,Established mid-value customers
3,1474.06,57,804,United Kingdom,491.3533333333333,268.0,0.0,111,135,discovery,219709e50205,1,0.5084007529663565,1.4963373083799247,Established mid-value customers
1,302.58,8,102,United Kingdom,302.58,102.0,0.0,319,0,discovery,16152b383e49,3,0.4730344383707504,1.5729032171069093,Long-recency customers
3,1904.05,94,1200,United Kingdom,634.6833333333333,400.0,0.0,8,82,discovery,c6fc78557a1c,0,0.9794664226067554,0.520478417196926,High-value frequent customers
2,969.0600000000001,51,414,United Kingdom,484.53,207.0,0.018518518518518517,261,104,discovery,e14561518bcf,1,1.33725463106309,0.08779472839464009,Established mid-value customers
5,3099.7200000000003,88,1682,United Kingdom,619.9440000000001,336.4,0.009345794392523364,65,254,discovery,b02503bf3bb0,1,0.9555422199106998,0.3655931903625309,Established mid-value customers
9,12669.98,58,7100,United Kingdom,1407.7755555555555,788.8888888888889,0.008928571428571428,10,328,discovery,ff82b5f48340,0,0.9447923443747991,1.4400336935341063,High-value frequent customers
1,120.0,5,68,United Kingdom,120.0,68.0,0.0,142,0,discovery,e6096aa81635,3,0.748101366971974,0.7922625989593384,Long-recency customers
2,1163.45,52,406,United Kingdom,581.725,203.0,0.0,51,28,discovery,360a36220906,1,0.6090617542984194,0.7216436760814453,Established mid-value customers
8,2618.23,87,1645,United Kingdom,327.27875,205.625,0.0,9,232,discovery,40e0abb32bfe,0,0.14556237065191036,1.6429485925457046,High-value frequent customers
2,530.18,31,330,Unspecified,265.09000000000003,165.0,0.0,110,39,discovery,ea59c3723cac,1,0.8890798224952737,0.3245836005923125,Established mid-value customers
3,1516.24,25,530,United Kingdom,505.41333333333336,176.66666666666666,0.16666666666666666,163,98,discovery,967be1f10c14,1,0.8225243578111342,1.1983014493032558,Established mid-value customers
1,492.65000000000003,29,197,United Kingdom,492.65000000000003,197.0,0.0,332,0,discovery,cd92efb5e62b,3,0.7839446711243858,1.3453238655088664,Long-recency customers
1,112.32,10,88,United Kingdom,112.32,88.0,0.0,226,0,discovery,7e8bc3f7c391,3,0.6960752035640341,1.2342307823417769,Long-recency customers
2,437.96,33,599,United Kingdom,218.98000000000002,299.5,0.0,74,181,discovery,2666cdbc627b,1,0.9024922499555211,0.07898599266827,Established mid-value customers
4,559.97,22,264,United Kingdom,139.9925,66.0,0.0,52,191,discovery,0dd6b221cb0f,1,0.5994761646232698,1.0106636595430567,Established mid-value customers
3,1119.74,52,744,United Kingdom,373.24666666666667,248.0,0.14666666666666667,99,191,discovery,e40b0e078032,1,0.34204197992826585,1.4831615482569285,Established mid-value customers
3,4188.0,195,1976,France,1396.0,658.6666666666666,0.013333333333333334,16,197,discovery,ab75577e7a1e,0,0.975805349695419,0.45448726311536614,High-value frequent customers
1,134.04,8,52,United Kingdom,134.04,52.0,0.0,197,0,discovery,76353daef4a6,3,0.5468258345216257,1.1988129381826997,Long-recency customers
15,3701.44,70,2656,United Kingdom,246.76266666666666,177.06666666666666,0.0,4,364,discovery,5d80c91cbb09,0,0.6994825489119374,1.7133665826345856,High-value frequent customers
2,595.25,24,161,United Kingdom,297.625,80.5,0.058823529411764705,31,56,discovery,54ffcfede45b,2,0.8407795656649139,0.07673791515145778,Recent occasional customers
4,1910.01,18,541,United Kingdom,477.50250000000005,135.25,0.0,22,155,discovery,f53fb51717de,0,0.8190217542438386,0.15155256209541157,High-value frequent customers
3,4628.75,220,4338,United Kingdom,1542.9166666666667,1446.0,0.017543859649122806,24,219,discovery,e8a0411aaaba,0,1.0969753667549262,0.21192072196748124,High-value frequent customers
3,176.63,9,261,United Kingdom,58.876666666666665,87.0,0.18181818181818182,9,190,discovery,9e7c0c476812,2,1.4294092425234843,0.5881380570434687,Recent occasional customers
1,426.6,16,188,United Kingdom,426.6,188.0,0.058823529411764705,214,0,discovery,ad3e17973843,3,0.5587931437554816,1.1395453384208074,Long-recency customers
6,911.26,33,292,United Kingdom,151.87666666666667,48.666666666666664,0.0,9,281,discovery,323f75b3fe14,0,0.9059559602751245,0.6273020919968745,High-value frequent customers
5,2314.65,89,915,United Kingdom,462.93,183.0,0.019417475728155338,12,350,discovery,92b39c396dad,0,0.4037624141344711,1.0286369481179005,High-value frequent customers
11,3883.25,145,2749,United Kingdom,353.02272727272725,249.9090909090909,0.004201680672268907,2,274,discovery,69827eabcdac,0,0.8525724495995542,1.7036889937200415,High-value frequent customers
1,166.20000000000002,5,84,United Kingdom,166.20000000000002,84.0,0.2857142857142857,41,0,discovery,4d019d90042d,2,0.676518927305852,0.7750053785205749,Recent occasional customers
4,1305.33,48,865,United Kingdom,326.3325,216.25,0.03125,18,257,discovery,56a6dce44779,0,0.9087251758809249,0.08957301605272316,High-value frequent customers
44,51527.3,884,58343,United Kingdom,1171.075,1325.9772727272727,0.001829268292682927,9,352,discovery,74cf88f9049d,0,1.9365504296405849,1.4078965171662854,High-value frequent customers
9,3965.62,94,2149,United Kingdom,440.6244444444444,238.77777777777777,0.11728395061728394,9,357,discovery,73e59ed5982f,0,0.25508623995804147,1.7059908296160864,High-value frequent customers
1,43.2,3,32,United Kingdom,43.2,32.0,0.0,19,0,discovery,b4b1b8a8d760,2,1.8788074372175394,0.6524573974863179,Recent occasional customers
1,640.14,13,606,United Kingdom,640.14,606.0,0.1875,118,0,discovery,8c27e449d5d8,3,1.040417690370412,0.2811777653409082,Long-recency customers
3,1858.96,96,1089,United Kingdom,619.6533333333333,363.0,0.045454545454545456,72,64,discovery,3e419a3d7b9d,1,0.4440893296754698,1.2271610444206233,Established mid-value customers
2,2093.32,33,1075,United Kingdom,1046.66,537.5,0.05714285714285714,52,34,discovery,e3271554f3be,1,0.7940040813646837,0.9223352322782098,Established mid-value customers
6,2995.72,150,2058,United Kingdom,499.2866666666667,343.0,0.0,89,285,discovery,b81788f6d4be,1,1.0704890769144613,0.47015258216487155,Established mid-value customers
1,310.26,20,146,United Kingdom,310.26,146.0,0.25925925925925924,243,0,discovery,86590b8ffdec,3,0.3341877532246791,1.4529127188067286,Long-recency customers
6,1611.59,74,1012,United Kingdom,268.59833333333336,168.66666666666666,0.0,47,291,discovery,cdee79e1f697,1,0.8134407416243186,0.3186898869960322,Established mid-value customers
1,120.0,8,296,United Kingdom,120.0,296.0,0.0,107,0,discovery,e40069626dfc,3,0.9024739050896954,0.4450597665626198,Long-recency customers
6,2481.13,64,1021,United Kingdom,413.5216666666667,170.16666666666666,0.028846153846153848,45,222,discovery,cacae8175333,1,0.9924271330868004,0.02247047984412487,Established mid-value customers
1,508.58000000000004,24,255,United Kingdom,508.58000000000004,255.0,0.0,65,0,discovery,f378c8a1d52f,2,0.8385160882112512,0.42309393207240853,Recent occasional customers
2,477.79,29,325,United Kingdom,238.89499999999998,162.5,0.2619047619047619,207,126,discovery,09d9eb61dd0d,3,0.9907159662828122,0.308972324538213,Long-recency customers
5,1530.75,111,2406,United Kingdom,306.15,481.2,0.0,11,323,discovery,af9db3b7fd60,0,0.6010934463174717,0.7814717261397954,High-value frequent customers
2,605.0600000000001,32,350,United Kingdom,302.53,175.0,0.12195121951219512,115,124,discovery,e173c76ea6ac,1,0.8486839511654973,0.41257624996367737,Established mid-value customers
1,183.85,8,103,United Kingdom,183.85,103.0,0.1111111111111111,243,0,discovery,0e4978855bdb,3,0.3043670118438314,1.5311869812344714,Long-recency customers
2,462.65999999999997,27,252,United Kingdom,231.33,126.0,0.0,125,11,discovery,f7c0d5ad2e7d,1,1.0147841936210582,0.08205618663727754,Established mid-value customers
1,415.2,15,58,United Kingdom,415.2,58.0,0.21052631578947367,68,0,discovery,e2e8771f7775,2,0.7878910071344069,0.3608450825727757,Recent occasional customers
8,2552.21,98,1731,United Kingdom,319.02625,216.375,0.006134969325153374,17,342,discovery,e1d27b5be91e,0,0.339112242174229,1.1677963222067986,High-value frequent customers
4,1614.91,77,1759,United Kingdom,403.7275,439.75,0.0,17,260,discovery,7c4c4dd07875,0,0.7954218716870998,0.27605933253388093,High-value frequent customers
2,588.22,30,335,United Kingdom,294.11,167.5,0.08823529411764706,162,35,discovery,6238fe4eef69,1,1.054136717365499,0.08409008859156875,Established mid-value customers
1,309.52,14,168,United Kingdom,309.52,168.0,0.2222222222222222,243,0,discovery,52f8e98f46a8,3,0.33263437273101637,1.4544188244989034,Long-recency customers
8,2166.98,109,1397,United Kingdom,270.8725,174.625,0.007751937984496124,46,273,discovery,0b187d9b963e,0,1.0368552246066935,0.08274136284050249,High-value frequent customers
8,889.9300000000001,56,477,United Kingdom,111.24125000000001,59.625,0.0,128,241,discovery,5742ff528554,1,1.0949948006301076,0.9575031870037478,Established mid-value customers
1,108.97999999999999,6,50,United Kingdom,108.97999999999999,50.0,0.0,39,0,discovery,e6c4de7cac43,2,0.9994923762027644,0.6145662609800123,Recent occasional customers
2,1021.58,55,605,United Kingdom,510.78999999999996,302.5,0.0,121,177,discovery,a58603478cec,1,0.761367621502555,0.783612803929114,Established mid-value customers
1,409.57,18,183,United Kingdom,409.57,183.0,0.0,261,0,discovery,b267cbc4601a,3,0.5527304846660631,1.321758175992605,Long-recency customers
1,282.93,18,183,United Kingdom,282.93,183.0,0.14285714285714285,275,0,discovery,49d28c1455bb,3,0.3400471465240544,1.5634547615404244,Long-recency customers
1,51.0,1,12,United Kingdom,51.0,12.0,0.0,165,0,discovery,9a4db4aac525,3,1.475875588017045,0.7116856496031181,Long-recency customers
4,1078.96,44,538,United Kingdom,269.74,134.5,0.0,158,116,discovery,e46706a4d7ab,1,0.7967817946096691,1.2907276730501571,Established mid-value customers
1,90.6,6,64,United Kingdom,90.6,64.0,0.0,216,0,discovery,8155e4477300,3,0.8943060514760798,1.1024787664864295,Long-recency customers
2,163.62,9,210,United Kingdom,81.81,105.0,0.0,6,25,discovery,8af399d4d8ce,2,1.2608319813758129,1.031300706472307,Recent occasional customers
1,225.12,39,147,United Kingdom,225.12,147.0,0.0,44,0,discovery,03649f870d70,2,0.5293289473382704,0.8382865367135831,Recent occasional customers
3,912.18,44,371,United Kingdom,304.06,123.66666666666667,0.05172413793103448,20,68,discovery,b1c75959c203,1,0.8773051369568958,0.45926218450706213,Established mid-value customers
4,2118.03,104,1139,United Kingdom,529.5074999999999,284.75,0.0,32,63,discovery,0f1f605f337f,1,0.8146023721748988,0.15738769456385482,Established mid-value customers
1,151.5,37,96,United Kingdom,151.5,96.0,0.0,23,0,discovery,a10d17cfdd92,2,0.7224899707006387,1.1460067309496933,Recent occasional customers
16,9227.82,270,4426,United Kingdom,576.73875,276.625,0.016981132075471698,9,268,discovery,bee1046490f5,0,0.8965629858429155,1.5636033553660917,High-value frequent customers
1,155.0,8,36,United Kingdom,155.0,36.0,0.0,320,0,discovery,1fdd011e06c7,3,0.5545169607084732,1.574037394770115,Long-recency customers
1,100.5,4,34,United Kingdom,100.5,34.0,0.0,296,0,discovery,25ad9d5fa773,3,0.8486489483291304,1.3561959425985421,Long-recency customers
1,76.55,4,17,United Kingdom,76.55,17.0,0.0,359,0,discovery,88bbb93c88c5,3,1.1592627347018007,1.335970033698,Long-recency customers
1,235.56,57,184,United Kingdom,235.56,184.0,0.0,186,0,discovery,fe0f3a35fde4,3,0.24688325562967056,1.3084119794191693,Long-recency customers
2,617.05,11,219,United Kingdom,308.525,109.5,0.0,192,71,discovery,5d7f45160a76,3,1.1386966029897856,0.018437836850787592,Long-recency customers
1,202.68,56,146,United Kingdom,202.68,146.0,0.0,53,0,discovery,c51ae2bb8034,2,0.6616060102427508,0.5716422618732189,Recent occasional customers
1,615.49,121,1231,United Kingdom,615.49,1231.0,0.0,27,0,discovery,455cd3b49400,2,0.7196142291600536,1.0059707435827179,Recent occasional customers
3,202.11,13,159,United Kingdom,67.36999999999999,53.0,0.0,10,14,discovery,a6ff68f81b8d,2,1.3633295578797948,0.5238530073591712,Recent occasional customers
1,142.4,7,54,United Kingdom,142.4,54.0,0.0,297,0,discovery,58e61b1e5cb5,3,0.5679450805319797,1.5145432189758194,Long-recency customers
3,1727.6,125,795,United Kingdom,575.8666666666667,265.0,0.0,33,77,discovery,a479992e8311,1,0.6502609568481251,0.6033056778843199,Established mid-value customers
8,3212.84,124,1941,United Kingdom,401.605,242.625,0.02617801047120419,11,362,discovery,e0390ddec452,0,0.09001104671816033,1.6735132800568169,High-value frequent customers
2,1043.46,33,729,United Kingdom,521.73,364.5,0.27419354838709675,66,125,discovery,4724d4cdf42f,1,0.5686823895282561,0.771677676529995,Established mid-value customers
1,67.95,5,13,United Kingdom,67.95,13.0,0.0,219,0,discovery,02f93e13d416,3,1.1696676440416693,1.0019939767737522,Long-recency customers
9,3479.91,181,1689,United Kingdom,386.65666666666664,187.66666666666666,0.008547008547008548,3,370,discovery,fb04bbec2b04,0,0.6500357571705015,1.6884710585252016,High-value frequent customers
2,487.99,71,225,United Kingdom,243.995,112.5,0.0,66,306,discovery,70e0ec4bbd28,1,0.8299337142547291,0.12465122260475736,Established mid-value customers
19,2612.96,18,1890,United Kingdom,137.52421052631578,99.47368421052632,0.08421052631578947,3,211,discovery,b21498b378e2,0,0.8627083025672505,1.631748130070568,High-value frequent customers
1,574.7,25,454,United Kingdom,574.7,454.0,0.038461538461538464,150,0,discovery,26cf8ee5c481,3,0.8659385967626078,0.5990446050584709,Long-recency customers
13,4051.48,113,4507,United Kingdom,311.6523076923077,346.6923076923077,0.00546448087431694,5,355,discovery,6d98e0f1bc47,0,0.589564515497411,1.7269962593938832,High-value frequent customers
4,1475.81,17,519,United Kingdom,368.9525,129.75,0.23076923076923078,131,117,discovery,802be966ac62,1,0.6966821925105595,1.319826999483423,Established mid-value customers
6,1449.32,70,827,United Kingdom,241.5533333333333,137.83333333333334,0.009900990099009901,34,336,discovery,0da84221d7cb,1,0.8939900787740609,0.06828146392195289,Established mid-value customers
1,156.75,8,77,United Kingdom,156.75,77.0,0.0,120,0,discovery,573cc9695ba1,3,0.677466643359849,0.6190779619555437,Long-recency customers
6,2157.73,67,1415,United Kingdom,359.62166666666667,235.83333333333334,0.039473684210526314,108,169,discovery,15420fa2def4,1,0.9724513762397664,0.7472023221321049,Established mid-value customers
7,2599.03,60,1610,United Kingdom,371.29,230.0,0.0,11,254,discovery,c7a8c3c25e4e,0,0.12048634026471475,1.5220961814579266,High-value frequent customers
6,2059.4500000000003,40,1230,United Kingdom,343.24166666666673,205.0,0.01818181818181818,72,297,discovery,d20ff5a4e8f9,1,0.8652640295020931,0.5299585664695999,Established mid-value customers
9,1100.27,153,567,United Kingdom,122.25222222222222,63.0,0.3262411347517731,93,213,discovery,6c8f83fc56a2,1,1.0630400515070964,0.6778530746915901,Established mid-value customers
1,1063.0,14,196,United Kingdom,1063.0,196.0,0.0,311,0,discovery,71a09366cf68,3,1.3163539751550541,0.7491327869950253,Long-recency customers
2,770.03,43,786,United Kingdom,385.015,393.0,0.044444444444444446,43,30,discovery,6f33a0f5c5d0,1,0.6979856310337648,0.3357039914423142,Established mid-value customers
1,121.05,22,67,United Kingdom,121.05,67.0,0.0,363,0,discovery,c129569cc08d,3,0.7982353562486123,1.5194212643266662,Long-recency customers
7,1496.98,79,2512,United Kingdom,213.8542857142857,358.85714285714283,0.01020408163265306,92,267,discovery,22121c02a10d,1,0.915389689045318,0.7243051695570307,Established mid-value customers
13,5855.57,283,2996,United Kingdom,450.42846153846153,230.46153846153845,0.036605657237936774,2,359,discovery,bcc7118034fe,0,0.9824643713086686,1.733706652018629,High-value frequent customers
3,1937.25,114,1711,United Kingdom,645.75,570.3333333333334,0.0,4,105,discovery,8e65959b06cd,0,1.0848498207677661,0.7577400301709964,High-value frequent customers
6,1051.79,112,483,United Kingdom,175.29833333333332,80.5,0.0,11,354,discovery,6983ba9f7300,0,0.7947626443892727,0.6321534585401091,High-value frequent customers
1,387.52,29,334,United Kingdom,387.52,334.0,0.03333333333333333,100,0,discovery,469dc9889543,3,0.8490776036779847,0.1963296018323023,Long-recency customers
6,4263.64,189,2906,United Kingdom,710.6066666666667,484.3333333333333,0.0,1,267,discovery,6b63555492be,0,1.0370403752011814,1.556289991316326,High-value frequent customers
1,265.2,3,120,United Kingdom,265.2,120.0,0.0,219,0,discovery,f36d9bf94c76,3,0.22698597053136108,1.466050250652873,Long-recency customers
1,322.08,1,48,United Kingdom,322.08,48.0,0.0,18,0,discovery,e97b2767e1c5,2,0.5016392679318422,1.5085515569069685,Recent occasional customers
2,363.34000000000003,16,228,United Kingdom,181.67000000000002,114.0,0.0,51,13,discovery,e88acb412d21,2,0.746251712566569,0.2976104051861258,Recent occasional customers
5,1224.06,108,428,United Kingdom,244.81199999999998,85.6,0.028368794326241134,8,318,discovery,1d4d54b1ba45,0,0.7572172291695923,0.7693715380780554,High-value frequent customers
6,1372.8,3,368,United Kingdom,228.79999999999998,61.333333333333336,0.0,22,51,discovery,c66db2293fd8,0,0.7660843422701612,0.3194557967036201,High-value frequent customers
1,89.06,9,129,United Kingdom,89.06,129.0,0.0,99,0,discovery,10b3e133a650,3,1.1523594894811062,0.3414030847239138,Long-recency customers
1,63.0,5,60,United Kingdom,63.0,60.0,0.16666666666666666,366,0,discovery,8afddb2f1339,3,1.3407167715213713,1.2716501406060594,Long-recency customers
1,131.9,9,82,United Kingdom,131.9,82.0,0.0,307,0,discovery,64a190b1d538,3,0.6412512538932151,1.4947412489326506,Long-recency customers
1,2661.24,32,526,Greece,2661.24,526.0,0.0,320,0,discovery,720ea7c8b38c,3,1.9773063546647298,0.21934227645870252,Long-recency customers
5,2357.6800000000003,33,588,United Kingdom,471.53600000000006,117.6,0.0,9,357,discovery,ba774519e1ef,0,0.39456826552571295,1.1863032942981708,High-value frequent customers
4,1712.89,43,446,United Kingdom,428.2225,111.5,0.13559322033898305,1,255,discovery,c755fa7a50cf,0,1.2209748769445263,1.1093450937446576,High-value frequent customers
2,1589.82,58,482,Channel Islands,794.9100000000001,241.0,0.07352941176470588,205,112,discovery,477018e37241,1,1.1779592649692192,0.5647412128641984,Established mid-value customers
4,1420.2,84,938,United Kingdom,355.05,234.5,0.05102040816326531,54,315,discovery,8db83cf7ef5f,1,0.4053196413695302,0.9762875270902913,Established mid-value customers
5,1163.23,54,571,United Kingdom,232.64600000000002,114.2,0.0,19,262,discovery,3529c57bc1dd,0,0.8667724507906501,0.18090197006860687,High-value frequent customers
4,885.8,201,741,United Kingdom,221.45000000000002,185.25,0.0,19,354,discovery,631947ef32cb,1,0.9574247526273594,0.18458282167740214,Established mid-value customers
3,483.25,32,241,United Kingdom,161.08333333333334,80.33333333333333,0.0,181,140,discovery,9e45c361cca4,1,1.0610890038832,0.3904616247701733,Established mid-value customers
2,259.05,55,116,United Kingdom,129.525,58.0,0.0,11,83,discovery,ebd2eb62c1b8,2,0.8835751076509177,0.9015581542244775,Recent occasional customers
9,3017.28,580,2885,United Kingdom,335.25333333333333,320.55555555555554,0.007337526205450734,6,137,discovery,fa04b5c66837,0,0.3365126881726697,1.704620964848348,High-value frequent customers
1,1837.92,37,760,United Kingdom,1837.92,760.0,0.0,156,0,discovery,5d42c2209b96,3,1.7072870050626912,0.04732076899097559,Long-recency customers
3,434.34,14,881,United Kingdom,144.78,293.6666666666667,0.058823529411764705,111,200,discovery,139749487e48,1,0.8248286709587008,0.7060779280768993,Established mid-value customers
3,2103.06,173,766,United Kingdom,701.02,255.33333333333334,0.0,149,113,discovery,7259b04baf6b,1,0.8679328429043478,1.3225107498633437,Established mid-value customers
11,1980.57,150,956,United Kingdom,180.0518181818182,86.9090909090909,0.02510460251046025,67,273,discovery,e497065467a4,1,1.256597519033442,0.10948963332737138,Established mid-value customers
3,529.62,6,179,United Kingdom,176.54,59.666666666666664,0.0,99,107,discovery,dfc31a7e8ecc,1,0.6340655868364493,0.9129133772640508,Established mid-value customers
3,1038.44,107,398,United Kingdom,346.1466666666667,132.66666666666666,0.0,247,56,discovery,a88abaf0b440,1,1.1570752817066035,0.6404365552311564,Established mid-value customers
7,2272.4,35,1006,United Kingdom,324.62857142857143,143.71428571428572,0.0,30,343,discovery,64d55ccb10a3,0,0.7238484817816994,0.44899547408840823,High-value frequent customers
2,461.19,43,193,United Kingdom,230.595,96.5,0.0,12,276,discovery,fafcd3c38978,2,0.9201220153916552,0.5541612245443586,Recent occasional customers
8,1852.67,153,1135,United Kingdom,231.58375,141.875,0.0,104,252,discovery,eef3253d4b0b,1,1.0980761019646859,0.6018962786928395,Established mid-value customers
3,925.85,35,447,United Kingdom,308.6166666666667,149.0,0.10638297872340426,72,233,discovery,ea7c5c0eb643,1,0.12295205953761014,1.4918261867545832,Established mid-value customers
1,193.0,17,110,United Kingdom,193.0,110.0,0.0,258,0,discovery,23be7f80f8bb,3,0.30128570102769664,1.5796575088088403,Long-recency customers
4,1309.6,7,720,United Kingdom,327.4,180.0,0.09090909090909091,20,278,discovery,c0813cc3350e,1,0.9338853088988667,0.0018211749563973312,Established mid-value customers
2,316.25,18,117,United Kingdom,158.125,58.5,0.0,254,112,discovery,dd79bb4fd436,3,0.8304869473750236,0.8022427679727682,Long-recency customers
1,279.05,13,143,United Kingdom,279.05,143.0,0.0,12,0,discovery,00d5e3dbfb18,2,0.694584503498713,1.5310715094322187,Recent occasional customers
2,636.51,25,489,United Kingdom,318.255,244.5,0.0,165,123,discovery,c178414e9d99,1,1.0407766674997967,0.13889983156131414,Established mid-value customers
6,2022.81,110,1627,United Kingdom,337.135,271.1666666666667,0.0,19,221,discovery,fd6194ef15c4,0,0.5072729008156481,0.7369231768866992,High-value frequent customers
1,137.1,9,97,United Kingdom,137.1,97.0,0.1,282,0,discovery,e90fe18c4975,3,0.5727178669532115,1.4743014841701143,Long-recency customers
1,321.92,14,210,United Kingdom,321.92,210.0,0.0,51,0,discovery,1d6f9027fbff,2,0.5542546223984609,0.7337866271800327,Recent occasional customers
6,1165.48,112,712,United Kingdom,194.24666666666667,118.66666666666667,0.0070921985815602835,27,342,discovery,10d15884ca06,0,0.9478472472427784,0.018867377130284968,High-value frequent customers
1,1064.28,46,799,United Kingdom,1064.28,799.0,0.061224489795918366,68,0,discovery,c606cbf9fd20,2,1.2783503091907282,0.25890319356296887,Recent occasional customers
2,340.93,17,139,United Kingdom,170.465,69.5,0.0,176,197,discovery,1d6e26862a8a,3,0.8653469198257913,0.4948560758498717,Long-recency customers
1,139.56,7,92,United Kingdom,139.56,92.0,0.0,26,0,discovery,64b66a4c1bcb,2,0.7728168637452915,1.0320067662613746,Recent occasional customers
2,123.8,6,62,United Kingdom,61.9,31.0,0.0,51,71,discovery,7b4f8397261b,2,1.0690389245245204,0.5022766508298087,Recent occasional customers
2,538.8100000000001,16,159,United Kingdom,269.40500000000003,79.5,0.0,312,62,discovery,ac1af3f86f57,3,1.1082704616479737,0.47578553722828043,Long-recency customers
5,1957.32,162,1098,United Kingdom,391.464,219.6,0.0,43,319,discovery,d42908ea9be9,1,0.778241927726831,0.2844896993441902,Established mid-value customers
3,808.44,146,496,United Kingdom,269.48,165.33333333333334,0.0,27,252,discovery,fe2704968f78,1,0.6958834566000823,0.7046069774254439,Established mid-value customers
3,356.85,6,117,United Kingdom,118.95,39.0,0.0,89,101,discovery,85b50f406c44,1,0.9025485088252114,0.5175315457341187,Established mid-value customers
2,251.21,9,161,United Kingdom,125.605,80.5,0.16666666666666666,184,136,discovery,96c7a6983e2e,3,0.7922900024625477,0.7797717916211819,Long-recency customers
11,2429.83,368,1480,United Kingdom,220.89363636363635,134.54545454545453,0.011382113821138212,20,294,discovery,4543c32ea35f,0,0.5320788115249461,1.0488799005325093,High-value frequent customers
6,3543.26,113,2004,United Kingdom,590.5433333333334,334.0,0.0,4,175,discovery,3b9b327156ce,0,0.5360679254144535,1.574748080169036,High-value frequent customers
4,673.26,85,308,United Kingdom,168.315,77.0,0.0,48,231,discovery,72e8f62c7b59,1,0.5113010256936923,1.1261731744874426,Established mid-value customers
5,1960.65,204,704,United Kingdom,392.13,140.8,0.0,18,352,discovery,e9985b3d828e,0,0.5781192103448975,0.5969854394491154,High-value frequent customers
2,268.05,52,129,United Kingdom,134.025,64.5,0.0,23,67,discovery,467b2cafe3f5,2,0.6287846259541561,0.8439761147602527,Recent occasional customers
5,1314.81,53,784,United Kingdom,262.962,156.8,0.04225352112676056,12,122,discovery,2194aedc5155,0,0.7020990590556387,0.613416453419808,High-value frequent customers
2,275.28,19,122,United Kingdom,137.64,61.0,0.0,188,45,discovery,d34a1c4f5d68,3,0.7994432284425985,0.7253435197823761,Long-recency customers
3,455.59000000000003,11,361,United Kingdom,151.86333333333334,120.33333333333333,0.3333333333333333,101,188,discovery,b1d633320d10,1,0.750321394549584,0.7721863759408923,Established mid-value customers
3,990.2,65,564,United Kingdom,330.06666666666666,188.0,0.0,62,270,discovery,5b9b7e06aa14,1,0.07537836613826719,1.524768986271652,Established mid-value customers
6,2076.89,68,1110,United Kingdom,346.1483333333333,185.0,0.0,18,201,discovery,ba6a4f550cb5,0,0.4701037332060909,0.8076226995302336,High-value frequent customers
2,330.45,17,91,United Kingdom,165.225,45.5,0.0,34,108,discovery,dfa211439c9f,2,0.6163185453003837,0.5865652964486385,Recent occasional customers
1,174.37,16,278,United Kingdom,174.37,278.0,0.0,65,0,discovery,6e5ef08782bf,2,0.8439830197787058,0.2563580071563417,Recent occasional customers
4,974.54,15,525,United Kingdom,243.635,131.25,0.0,25,174,discovery,954f661ae2b7,1,0.7770782826101511,0.384662797787685,Established mid-value customers
9,1843.83,161,669,United Kingdom,204.87,74.33333333333333,0.0,32,329,discovery,beb99c538607,0,0.8351078255131476,0.4026395605940175,High-value frequent customers
9,4215.9,217,2637,United Kingdom,468.4333333333333,293.0,0.02422145328719723,20,342,discovery,215126baaf99,0,0.4989800616871058,1.1826425593658598,High-value frequent customers
55,8507.13,330,2088,United Kingdom,154.6750909090909,37.96363636363636,0.03861386138613861,3,367,discovery,3bbee4c5f64c,0,1.3054327887353638,1.6937630303351265,High-value frequent customers
3,578.61,177,325,United Kingdom,192.87,108.33333333333333,0.0,61,50,discovery,3391f0740a49,1,0.4706038614810408,0.9010591284816543,Established mid-value customers
6,2862.11,140,1395,United Kingdom,477.0183333333334,232.5,0.0,26,271,discovery,964211042d25,0,0.619094053058659,0.6125008470326727,High-value frequent customers
4,932.85,45,284,United Kingdom,233.21250000000003,71.0,0.0,237,116,discovery,2bafcbbac115,1,1.1567526447880954,0.8435432382370389,Established mid-value customers
7,1949.72,53,4019,United Kingdom,278.5314285714286,574.1428571428571,0.046153846153846156,25,328,discovery,23b900e928e9,0,0.6484054255439364,0.5459384042147617,High-value frequent customers
18,4397.3,331,2027,United Kingdom,244.29444444444445,112.61111111111111,0.0712979890310786,3,316,discovery,7a5620f4217f,0,0.8777254492629212,1.7238794854105433,High-value frequent customers
1,355.56,10,120,United Kingdom,355.56,120.0,0.0,58,0,discovery,1a15a0988a6b,2,0.6466926933857507,0.5686428083911818,Recent occasional customers
2,388.25,19,155,United Kingdom,194.125,77.5,0.0,65,192,discovery,90999f4f36e9,2,0.8777722160650675,0.10044884349504513,Recent occasional customers
3,952.66,64,411,United Kingdom,317.55333333333334,137.0,0.0,10,300,discovery,d3b830e97f5c,0,1.2470555949617004,0.05766003839788847,High-value frequent customers
8,1453.35,71,641,United Kingdom,181.66875,80.125,0.0,59,261,discovery,0740783b5721,1,0.9739782325649169,0.3385085702714812,Established mid-value customers
1,103.25,5,19,United Kingdom,103.25,19.0,0.0,186,0,discovery,b636668a1f1c,3,0.7869910387966527,1.0285119950391186,Long-recency customers
16,3599.73,43,675,United Kingdom,224.983125,42.1875,0.3238095238095238,29,336,discovery,f0621056fe06,0,0.848063370956766,0.9069803172202078,High-value frequent customers
2,2004.3,97,1536,United Kingdom,1002.15,768.0,0.0,25,337,discovery,43f6114ca490,1,1.0401688056466556,0.5304238020938827,Established mid-value customers
5,2573.93,250,1313,United Kingdom,514.786,262.6,0.043373493975903614,6,243,discovery,7546b8281f5c,0,0.4691116110574139,1.3276151682674766,High-value frequent customers
2,652.8,2,256,United Kingdom,326.4,128.0,0.0,151,167,discovery,095e723a36cd,1,0.9744762636329363,0.23986904960627164,Established mid-value customers
1,289.24,56,136,United Kingdom,289.24,136.0,0.0,312,0,discovery,ca2dd949eacd,3,0.4379510206422834,1.5864359908712538,Long-recency customers
2,186.23,9,106,United Kingdom,93.11500000000001,53.0,0.0,19,186,discovery,a538051441bb,2,0.784332460167615,1.0077495381974115,Recent occasional customers
1,164.22,57,90,United Kingdom,164.22,90.0,0.0,152,0,discovery,d8588154d33c,3,0.4979919098789909,0.9644075849945153,Long-recency customers
5,859.27,103,493,United Kingdom,171.85399999999998,98.6,0.0,20,320,discovery,6abfc18db254,1,1.0256896038314518,0.0515393447214334,Established mid-value customers
4,2279.4900000000002,147,1443,United Kingdom,569.8725,360.75,0.0,11,42,discovery,202bee01bd44,0,0.6124423624580111,0.7936327698700687,High-value frequent customers
1,788.38,16,510,United Kingdom,788.38,510.0,0.5,86,0,discovery,9404d5dde681,2,1.2152873818923549,0.11332832599763076,Recent occasional customers
3,1080.76,67,1014,United Kingdom,360.25333333333333,338.0,0.0,76,109,discovery,17768310c6c6,1,0.1270001811964049,1.5783764783898033,Established mid-value customers
18,5006.77,187,1815,United Kingdom,278.1538888888889,100.83333333333333,0.049886621315192746,4,301,discovery,6573639e3cf3,0,0.8245109903848656,1.7223924750221173,High-value frequent customers
4,3099.12,111,1540,United Kingdom,774.78,385.0,0.015503875968992248,96,266,discovery,07f94813f10d,1,0.9049111601888659,0.7908043251661844,Established mid-value customers
2,1530.3600000000001,33,412,United Kingdom,765.1800000000001,206.0,0.029411764705882353,57,74,discovery,97298159f885,1,0.6497351283089913,0.8837902902711113,Established mid-value customers
1,227.39,10,79,United Kingdom,227.39,79.0,0.0,2,0,discovery,b57ef3628ce7,2,1.523620061737006,1.3443649434237335,Recent occasional customers
2,218.06,29,95,United Kingdom,109.03,47.5,0.0,281,0,discovery,eb803e9af5e6,3,0.8112455633055847,1.0981466966972113,Long-recency customers
7,2804.54,190,1420,United Kingdom,400.6485714285714,202.85714285714286,0.011320754716981131,4,321,discovery,3158b8b58308,0,0.5004789196481666,1.596284669377067,High-value frequent customers
1,35.400000000000006,1,12,United Kingdom,35.400000000000006,12.0,0.0,373,0,discovery,1bf6126d66b5,3,1.8961969145256747,1.0923145400972245,Long-recency customers
4,859.71,86,353,United Kingdom,214.9275,88.25,0.0,13,350,discovery,1497e7d50069,0,1.1051361436725493,0.08538787973349793,High-value frequent customers
1,168.63,24,240,United Kingdom,168.63,240.0,0.0,4,0,discovery,0f9e4a54f2fb,2,1.32861630764935,1.4779146263408711,Recent occasional customers
1,138.6,16,217,United Kingdom,138.6,217.0,0.0,17,0,discovery,247b3c44c4d7,2,0.8572791702527792,1.223389778000667,Recent occasional customers
5,986.96,243,751,United Kingdom,197.392,150.2,0.0,6,200,discovery,e275800f7cf1,0,0.9414156399044215,0.7262531227609802,High-value frequent customers
4,1033.06,68,381,United Kingdom,258.265,95.25,0.010101010101010102,170,29,discovery,3b5b6c756ec0,1,0.858291198919282,1.200520703726339,Established mid-value customers
1,157.05,29,91,United Kingdom,157.05,91.0,0.0,51,0,discovery,17fe37a27434,2,0.7879021338386473,0.5175815608328046,Recent occasional customers
1,237.36,19,444,United Kingdom,237.36,444.0,0.2962962962962963,277,0,discovery,00d2e6d56a94,3,0.2990960614134681,1.620571076102613,Long-recency customers
9,1580.29,170,749,United Kingdom,175.58777777777777,83.22222222222223,0.002688172043010753,19,313,discovery,ab064569d888,0,0.6237315866258519,0.7786022777259103,High-value frequent customers
1,39.75,3,5,United Kingdom,39.75,5.0,0.0,372,0,discovery,fbc98c6aef6c,3,1.7814602344251613,1.1254415893495497,Long-recency customers
4,1320.21,138,1228,United Kingdom,330.0525,307.0,0.0,16,198,discovery,3e8ca1473fe3,0,0.8766942495119351,0.19476975922212214,High-value frequent customers
3,557.94,132,407,United Kingdom,185.98,135.66666666666666,0.0,36,29,discovery,c1a454ca0180,1,0.6773371193332658,0.5762362822262044,Established mid-value customers
3,617.15,127,330,United Kingdom,205.71666666666667,110.0,0.0,22,177,discovery,f529f73573f7,1,0.9068575827619917,0.390927653532816,Established mid-value customers
6,1740.6,94,978,United Kingdom,290.09999999999997,163.0,0.0,20,294,discovery,7b18a0cbbbf9,0,0.599265276351373,0.5801174576135386,High-value frequent customers
2,866.24,45,566,United Kingdom,433.12,283.0,0.0,12,180,discovery,ec80feb6b35f,2,1.2213396611669067,0.10882035480389107,Recent occasional customers
1,221.97,49,189,United Kingdom,221.97,189.0,0.0,45,0,discovery,51b31079e913,2,0.5446281863088758,0.806575548308351,Recent occasional customers
1,393.33000000000004,25,125,United Kingdom,393.33000000000004,125.0,0.0,306,0,discovery,bad9ef81fa28,3,0.5910337198289011,1.4293460345488713,Long-recency customers
1,213.96,7,168,United Kingdom,213.96,168.0,0.0,11,0,discovery,443ec0f0e159,2,0.790420720909685,1.5061222660433033,Recent occasional customers
1,660.0,2,400,United Kingdom,660.0,400.0,0.0,275,0,discovery,6b8118a62c68,3,0.9292218142087348,1.088933834079092,Long-recency customers
93,12076.15,819,6187,United Kingdom,129.8510752688172,66.52688172043011,0.029720913374411018,2,372,discovery,8ec1e5bea293,0,1.563990734654803,1.698230909113444,High-value frequent customers
4,1785.15,8,437,United Kingdom,446.2875,109.25,0.0,5,358,discovery,971598acfe49,0,0.7921866132411014,0.9559725981831607,High-value frequent customers
4,601.56,2,7026,United Kingdom,150.39,1756.5,0.0,73,224,discovery,9b10bfa29dc9,1,0.5271553157692973,1.1923545167108074,Established mid-value customers
3,553.44,10,264,United Kingdom,184.48000000000002,88.0,0.058823529411764705,10,328,discovery,306b7e173f0a,1,1.3959171604994296,0.027297458206120728,Established mid-value customers
5,1788.3600000000001,80,993,United Kingdom,357.672,198.6,0.041666666666666664,2,357,discovery,351634e834a6,0,0.9335527123530316,1.2378100932515579,High-value frequent customers
1,320.58000000000004,21,146,United Kingdom,320.58000000000004,146.0,0.0,185,0,discovery,418309236003,3,0.37538890737288666,1.1639128993600434,Long-recency customers
5,886.7,108,418,United Kingdom,177.34,83.6,0.007462686567164179,33,203,discovery,81e32d984abf,1,0.7500396341234183,0.4839820367537939,Established mid-value customers
2,225.85,13,162,United Kingdom,112.925,81.0,0.0,58,2,discovery,248034a18bba,2,0.8200424016071843,0.5586195378761585,Recent occasional customers
2,899.63,51,335,United Kingdom,449.815,167.5,0.07017543859649122,197,165,discovery,e0661ba18e90,1,1.107202894512712,0.26320042729169657,Established mid-value customers
4,2791.27,108,1403,United Kingdom,697.8175,350.75,0.031746031746031744,24,210,discovery,1c0adb597805,0,0.7914759538936588,0.29062650490933073,High-value frequent customers
2,671.96,22,272,United Kingdom,335.98,136.0,0.0,92,151,discovery,82eed872da0b,1,0.7181626560271168,0.5487550241425077,Established mid-value customers
2,955.26,133,378,United Kingdom,477.63,189.0,0.006622516556291391,5,43,discovery,c97fb33a4c15,2,1.558714789218623,0.15396099734329405,Recent occasional customers
3,1006.98,38,622,United Kingdom,335.66,207.33333333333334,0.0,51,248,discovery,b3000b014a7e,1,0.2065598080245168,1.3552722669301522,Established mid-value customers
1,114.56,8,96,United Kingdom,114.56,96.0,0.0,263,0,discovery,8c8b6b9a977d,3,0.6998779198624545,1.3495811244545641,Long-recency customers
1,344.90000000000003,20,96,United Kingdom,344.90000000000003,96.0,0.0,267,0,discovery,e33066175f6e,3,0.43821769309363173,1.4416057116506036,Long-recency customers
2,609.85,27,241,United Kingdom,304.925,120.5,0.0,37,232,discovery,5450af88c4f5,1,0.8341382556755261,0.03572659613694262,Established mid-value customers
1,443.6,16,166,United Kingdom,443.6,166.0,0.0,51,0,discovery,634f4e0983eb,2,0.6490682654164169,0.7247632450428069,Recent occasional customers
6,2107.38,87,880,United Kingdom,351.23,146.66666666666666,0.0625,25,203,discovery,9eb2dd31c09e,0,0.6452546767291967,0.4854488591502022,High-value frequent customers
1,110.46,7,90,United Kingdom,110.46,90.0,0.0,22,0,discovery,dd503588e0ce,2,0.9866516907358454,0.9926926158297698,Recent occasional customers
1,96.12,2,76,United Kingdom,96.12,76.0,0.0,59,0,discovery,4aaf7a3c7b9a,2,1.207933680914075,0.19773283552664633,Recent occasional customers
2,693.8100000000001,30,815,United Kingdom,346.905,407.5,0.08823529411764706,171,188,discovery,5485f20f74ad,1,1.042113416241391,0.18217572954567385,Established mid-value customers
2,830.76,26,258,United Kingdom,415.38,129.0,0.10344827586206896,68,231,discovery,4d1ce40082f6,1,0.5954474446574199,0.6255946276817116,Established mid-value customers
2,597.09,28,381,United Kingdom,298.545,190.5,0.0,157,119,discovery,f1c97db2078e,1,1.0285848525861825,0.12524196579555302,Established mid-value customers
73,280206.02,700,196915,Netherlands,3838.438630136986,2697.4657534246576,0.002398081534772182,2,353,discovery,374a18cbd428,0,2.846572443257572,1.4929421711487638,High-value frequent customers
1,236.04000000000002,24,91,United Kingdom,236.04000000000002,91.0,0.0,202,0,discovery,5d5608d006b8,3,0.20938485721226516,1.4193288764979581,Long-recency customers
2,653.75,95,343,United Kingdom,326.875,171.5,0.0,68,144,discovery,d1f7ade1a046,1,0.6765340381864298,0.41937362413079327,Established mid-value customers
4,1932.23,35,1089,United Kingdom,483.0575,272.25,0.02,9,214,discovery,fc1d7a169d9d,0,0.6644265113770246,0.8041071990697984,High-value frequent customers
2,291.05,73,120,United Kingdom,145.525,60.0,0.0,170,114,discovery,e7131e309d46,3,0.8308040488992179,0.6058911038426475,Long-recency customers
4,848.22,103,466,United Kingdom,212.055,116.5,0.007874015748031496,18,309,discovery,612880c67f34,1,0.9957396639311415,0.1624340381909497,Established mid-value customers
1,107.95,4,35,United Kingdom,107.95,35.0,0.0,27,0,discovery,7468220a74f6,2,0.9882973761519008,0.8688689108893107,Recent occasional customers
2,636.24,78,465,United Kingdom,318.12,232.5,0.0,20,14,discovery,1318ee29e455,2,0.9169782397078325,0.19251284893331277,Recent occasional customers
5,1835.7,63,740,United Kingdom,367.14,148.0,0.23076923076923078,61,250,discovery,3d8fb53dba4b,1,0.6771965573936849,0.6445182170985233,Established mid-value customers
25,9175.04,354,5319,United Kingdom,367.00159999999994,212.76,0.005263157894736842,11,358,discovery,18185ca862f5,0,1.0129812197773742,1.497510627970626,High-value frequent customers
3,1259.24,158,770,United Kingdom,419.74666666666667,256.6666666666667,0.0,242,91,discovery,7313a3f3e142,1,1.146975649281566,0.7539887882845562,Established mid-value customers
2,392.86,107,326,United Kingdom,196.43,163.0,0.0,281,0,discovery,81500a5b71ff,3,0.9277476284396998,0.6787145756987872,Long-recency customers
2,765.55,58,454,United Kingdom,382.775,227.0,0.0,235,102,discovery,544a3c90cd45,3,1.2659427441347917,0.0029611082626517238,Long-recency customers
5,1736.4,39,1004,United Kingdom,347.28000000000003,200.8,0.0,4,364,discovery,8abba64728b1,0,0.7232668205818742,1.173489542284898,High-value frequent customers
1,596.36,93,336,United Kingdom,596.36,336.0,0.0,17,0,discovery,d78921fc77ad,2,0.7872340833377751,1.0861143725216413,Recent occasional customers
16,28754.11,73,13476,United Kingdom,1797.131875,842.25,0.19375,26,346,discovery,a2b7dc90a6f5,0,1.6114645819853766,1.067739170899555,High-value frequent customers
3,498.95,6,76,United Kingdom,166.31666666666666,25.333333333333332,0.0,72,140,discovery,ed1b012c90af,1,0.5920964457327642,0.7938965587631732,Established mid-value customers
2,52.0,1,80,United Kingdom,26.0,40.0,0.0,188,14,discovery,2594f169ec84,3,1.622861784305122,0.677132938601495,Long-recency customers
5,1201.51,231,821,United Kingdom,240.302,164.2,0.0,26,337,discovery,ec9a48a08064,1,0.8742981478556747,0.08695676071827851,Established mid-value customers
1,628.38,15,470,United Kingdom,628.38,470.0,0.0,107,0,discovery,aade92ce989d,3,1.0759342008024684,0.16944138610753479,Long-recency customers
1,112.8,13,76,United Kingdom,112.8,76.0,0.0,209,0,discovery,87e22c6ff7f6,3,0.692813511196391,1.172049371114611,Long-recency customers
2,355.05,40,167,United Kingdom,177.525,83.5,0.07692307692307693,45,107,discovery,ead282ad47a1,2,0.6940994752551439,0.3879318940947356,Recent occasional customers
5,2114.33,50,707,United Kingdom,422.866,141.4,0.0,31,182,discovery,412484b5a519,0,0.8352948313080871,0.10092284670580542,High-value frequent customers
7,2078.95,117,1630,United Kingdom,296.9928571428572,232.85714285714286,0.022556390977443608,5,369,discovery,54285b476c37,0,0.47362851639193676,1.4659254352140931,High-value frequent customers
2,188.60999999999999,22,181,United Kingdom,94.30499999999999,90.5,0.0,219,0,discovery,ca331696ae84,3,0.7953878806090072,1.0044570398953443,Long-recency customers
3,2195.1,80,1314,United Kingdom,731.6999999999999,438.0,0.0,33,206,discovery,ec879b2a640a,1,0.7656168926022091,0.443491727110106,Established mid-value customers
9,2526.09,268,921,United Kingdom,280.6766666666667,102.33333333333333,0.043859649122807015,11,306,discovery,c4d8c9995fa7,0,0.20650988560576983,1.534989179337586,High-value frequent customers
1,318.17,22,183,United Kingdom,318.17,183.0,0.0,15,0,discovery,42b58dae7091,2,0.5843035580145997,1.5159226099405316,Recent occasional customers
3,1126.37,25,621,United Kingdom,375.45666666666665,207.0,0.034482758620689655,3,366,discovery,fd870d7d42db,0,1.3190955771070156,0.5916614358377466,High-value frequent customers
13,4921.04,71,2484,United Kingdom,378.54153846153844,191.07692307692307,0.005076142131979695,16,343,discovery,9713925c70c6,0,0.5815570689724479,1.384198498925812,High-value frequent customers
4,599.48,124,375,United Kingdom,149.87,93.75,0.0,15,45,discovery,6a06ac579437,1,1.1787394411021166,0.1901282923068237,Established mid-value customers
11,2839.62,221,966,United Kingdom,258.1472727272727,87.81818181818181,0.005763688760806916,11,252,discovery,4cf4b5ba48a0,0,0.2998507807339966,1.5563530813833704,High-value frequent customers
3,917.07,21,315,United Kingdom,305.69,105.0,0.0,30,83,discovery,647332b78851,1,0.6016840867047144,0.8431923893181619,Established mid-value customers
1,160.19,10,229,United Kingdom,160.19,229.0,0.0,25,0,discovery,a09433df56f3,2,0.6687792622194026,1.134043398923651,Recent occasional customers
4,867.38,60,521,United Kingdom,216.845,130.25,0.0,25,307,discovery,f35066e88ab3,1,0.7881516722488614,0.44045879492743645,Established mid-value customers
2,307.51,46,495,United Kingdom,153.755,247.5,0.0,44,105,discovery,0a3aefa1f5f6,2,0.6691752150374306,0.5189228165941977,Recent occasional customers
5,1581.84,177,1025,United Kingdom,316.36800000000005,205.0,0.00423728813559322,2,248,discovery,f83393438880,0,0.9735088571703255,1.1827073166728352,High-value frequent customers
3,663.81,34,219,United Kingdom,221.27,73.0,0.0,6,121,discovery,45a2c4a77e7c,0,1.4871615350682361,0.13568658716626825,High-value frequent customers
1,180.42000000000002,28,118,United Kingdom,180.42000000000002,118.0,0.0,148,0,discovery,907586d625a0,3,0.4669101263688196,0.9451923217586491,Long-recency customers
6,1122.3600000000001,193,673,United Kingdom,187.06000000000003,112.16666666666667,0.0,11,361,discovery,a525d5dabfb9,0,0.7462167373203651,0.6818865556631838,High-value frequent customers
1,268.58,10,62,United Kingdom,268.58,62.0,0.0,275,0,discovery,11f43477db8f,3,0.31945798020878746,1.5854937370965976,Long-recency customers
1,313.49,69,197,United Kingdom,313.49,197.0,0.0,374,0,discovery,a363d4323783,3,0.6162262437573518,1.5866795179252287,Long-recency customers
8,1897.57,317,1078,United Kingdom,237.19625,134.75,0.0,2,275,discovery,f5d524f54c54,0,0.8526738802751461,1.461560668234444,High-value frequent customers
8,2702.4900000000002,105,1405,United Kingdom,337.81125,175.625,0.013422818791946308,9,331,discovery,cef228e4de4c,0,0.13086231086780648,1.6662829909726238,High-value frequent customers
12,9585.91,102,3764,United Kingdom,798.8258333333333,313.6666666666667,0.06481481481481481,17,351,discovery,4feb4c08c3f2,0,0.8910000034089591,1.302551739520028,High-value frequent customers
32,6065.69,99,2264,United Kingdom,189.55281250000002,70.75,0.05365853658536585,4,355,discovery,dea0e25f0f9c,0,1.037642235621492,1.6938868351773744,High-value frequent customers
3,1164.55,15,345,United Kingdom,388.18333333333334,115.0,0.0,4,350,discovery,3336e51f38f9,0,1.2496142091226692,0.5351731760367722,High-value frequent customers
7,1314.45,39,601,United Kingdom,187.77857142857144,85.85714285714286,0.03571428571428571,43,274,discovery,beaea5d40af0,1,0.9098800324408437,0.22236122133326675,Established mid-value customers
7,3902.28,47,3820,United Kingdom,557.4685714285714,545.7142857142857,0.01639344262295082,5,363,discovery,d3c4888ae68e,0,0.42841585945967364,1.672277364887811,High-value frequent customers
3,1448.21,85,735,United Kingdom,482.7366666666667,245.0,0.043010752688172046,198,86,discovery,43d480491bed,1,0.9818933860157514,0.9969234483403272,Established mid-value customers
6,1400.34,35,841,United Kingdom,233.39000000000001,140.16666666666666,0.0,12,361,discovery,bb941f385a09,0,0.5904983893412445,0.8095667994895763,High-value frequent customers
7,1099.98,21,627,United Kingdom,157.14000000000001,89.57142857142857,0.07142857142857142,17,350,discovery,43b5738b534b,0,0.8034766620626593,0.47822104208904015,High-value frequent customers
5,1220.26,46,1038,United Kingdom,244.052,207.6,0.014285714285714285,113,173,discovery,731795dd6b49,1,0.6982236287927933,1.188337360191038,Established mid-value customers
1,328.2,18,84,United Kingdom,328.2,84.0,0.05263157894736842,250,0,discovery,004e23ee1899,3,0.38025766437937764,1.4351534668683437,Long-recency customers
5,1415.75,87,1223,United Kingdom,283.15,244.6,0.03260869565217391,30,339,discovery,a39d70b882ec,1,0.8236375859320855,0.12596236170676522,Established mid-value customers
2,638.05,38,486,United Kingdom,319.025,243.0,0.0,45,251,discovery,af9d50a9ff6b,1,0.7477382986141539,0.18611459514635043,Established mid-value customers
11,5010.28,128,2219,United Kingdom,455.47999999999996,201.72727272727272,0.008438818565400843,10,325,discovery,168bc6e94b69,0,0.4513297818443601,1.6248901449700286,High-value frequent customers
1,738.96,38,416,United Kingdom,738.96,416.0,0.0,16,0,discovery,6f2dc24ceb63,2,0.9397360285190515,0.9216723554058843,Recent occasional customers
1,420.5,19,160,United Kingdom,420.5,160.0,0.0,76,0,discovery,ef599db014b0,2,0.865320427288242,0.20990825478289898,Recent occasional customers
4,1484.06,54,419,United Kingdom,371.015,104.75,0.0,145,115,discovery,c402477a55cb,1,0.7738503325879096,1.324706740969595,Established mid-value customers
3,1625.97,92,569,United Kingdom,541.99,189.66666666666666,0.0,5,228,discovery,a2909c4e94a1,0,1.0865343385849229,0.623202909881488,High-value frequent customers
1,89.2,5,40,United Kingdom,89.2,40.0,0.2857142857142857,298,0,discovery,2650b5ffef3c,3,0.95618934963876,1.3077231659373765,Long-recency customers
2,255.9,11,118,United Kingdom,127.95,59.0,0.0,59,276,discovery,487af71819c5,2,0.8038769737870093,0.4868786727621359,Recent occasional customers
1,300.52,21,341,United Kingdom,300.52,341.0,0.0,264,0,discovery,ad6250aeaf4a,3,0.34743128406356066,1.517052853831196,Long-recency customers
3,254.11,38,135,United Kingdom,84.70333333333333,45.0,0.0,30,147,discovery,b0119e6f59c6,2,1.1318564945481668,0.17273165564554893,Recent occasional customers
2,192.60000000000002,4,52,United Kingdom,96.30000000000001,26.0,0.16666666666666666,18,110,discovery,6d58e5a0aca0,2,0.783233077352205,1.0028894710021756,Recent occasional customers
8,10416.98,718,7239,United Kingdom,1302.1225,904.875,0.00375234521575985,3,355,discovery,ef3099c05e04,0,1.0255324197881932,1.6328647799073037,High-value frequent customers
2,876.42,49,490,United Kingdom,438.21,245.0,0.0,233,91,discovery,3643db3ee5ba,1,1.2460008487260754,0.10543365196044907,Established mid-value customers
1,139.26,9,82,United Kingdom,139.26,82.0,0.0,113,0,discovery,f84185873527,3,0.7795992933416793,0.5260549339096194,Long-recency customers
3,1011.9,57,1174,United Kingdom,337.3,391.3333333333333,0.0,59,314,discovery,674576cc36bd,1,0.09991452576621168,1.497540292249743,Established mid-value customers
2,730.86,34,306,United Kingdom,365.43,153.0,0.0,128,181,discovery,9d3f9e5563c7,1,0.8413049361147463,0.48591250189731683,Established mid-value customers
3,386.15,40,84,United Kingdom,128.71666666666667,28.0,0.0,281,43,discovery,ed2a016fe015,3,1.3904255961477434,0.12033819007701374,Long-recency customers
2,447.68,26,310,United Kingdom,223.84,155.0,0.0,55,25,discovery,c1c5d3579f6d,2,0.8373840715713129,0.05745687144035738,Recent occasional customers
2,289.99,15,237,United Kingdom,144.995,118.5,0.0,27,297,discovery,58337151306c,2,0.6027202618194217,0.7616705122741113,Recent occasional customers
2,77.4,2,84,United Kingdom,38.7,42.0,0.0,11,5,discovery,ca247c065fbd,2,1.5145670874719952,1.1082563337112055,Recent occasional customers
2,679.4399999999999,26,421,United Kingdom,339.72,210.5,0.0,8,19,discovery,d1c1ea0b914e,2,1.231841538778418,0.342173326808356,Recent occasional customers
1,197.64,6,116,United Kingdom,197.64,116.0,0.0,29,0,discovery,9c3b82e89d08,2,0.5123629886079755,1.1623745400181447,Recent occasional customers
4,745.06,30,699,United Kingdom,186.265,174.75,0.0,17,237,discovery,01db1c7ff5b9,1,1.0514094133971035,0.1818473212137539,Established mid-value customers
1,6.2,2,2,United Kingdom,6.2,2.0,0.5,64,0,discovery,308a96e7dcd6,3,3.8352273068955687,0.11536930802457501,Long-recency customers
1,131.45000000000002,6,17,United Kingdom,131.45000000000002,17.0,0.0,167,0,discovery,4ccdb79a3862,3,0.608326765181149,1.0123638617876498,Long-recency customers
17,7975.49,403,5995,United Kingdom,469.1464705882353,352.6470588235294,0.020761245674740483,2,365,discovery,81460774be75,0,1.1460037848051903,1.7318980868625788,High-value frequent customers
1,157.7,13,146,United Kingdom,157.7,146.0,0.0,52,0,discovery,eb59f5a72294,2,0.7930374590035946,0.4972153880550344,Recent occasional customers
12,4331.79,246,3644,United Kingdom,360.9825,303.6666666666667,0.017948717948717947,48,322,discovery,f1a136882ac0,0,1.1230173967406816,0.48769488848755027,High-value frequent customers
1,189.34,56,173,United Kingdom,189.34,173.0,0.0,62,0,discovery,df9883643178,2,0.7774704187241634,0.34405723927611764,Recent occasional customers
3,845.55,35,370,United Kingdom,281.84999999999997,123.33333333333333,0.0,163,130,discovery,71893a5b537b,1,0.7878155254954455,0.9210463305365204,Established mid-value customers
1,353.27,12,121,United Kingdom,353.27,121.0,0.0,9,0,discovery,0c4f23312d35,2,0.8543942170730362,1.3787954866312306,Recent occasional customers
4,546.4,30,114,United Kingdom,136.60000000000002,28.5,0.0,16,298,discovery,8cdeb537937e,1,1.1731565165095683,0.27062493039177804,Established mid-value customers
1,193.39000000000001,11,330,United Kingdom,193.39000000000001,330.0,0.0,76,0,discovery,8889a16e26b8,2,0.893914521357235,0.06642369876482423,Recent occasional customers
8,2718.6,176,2120,United Kingdom,339.82500000000005,265.0,0.08333333333333333,40,133,discovery,1974ec6711a2,0,0.9081976075717852,0.32686288762868787,High-value frequent customers
11,2085.33,106,1015,United Kingdom,189.57545454545453,92.27272727272727,0.0,41,329,discovery,8c817c89375f,0,1.0019965845648955,0.3207325868232389,High-value frequent customers
2,152.88,25,66,United Kingdom,76.44,33.0,0.0,370,0,discovery,3b4767674a53,3,1.0017880319744483,1.3126206831994716,Long-recency customers
1,271.85,4,5,United Kingdom,271.85,5.0,0.0,198,0,discovery,79d873e5ab9e,3,0.25613996398078454,1.3441706040413552,Long-recency customers
2,1110.34,52,655,United Kingdom,555.1700000000001,327.5,0.0,201,77,discovery,0f2c0b5007d6,1,1.1186713917774886,0.38749247839730194,Established mid-value customers
3,657.8,41,324,United Kingdom,219.26666666666665,108.0,0.0,74,180,discovery,c5b4fef893ad,1,0.3751830469244735,1.108860047481523,Established mid-value customers
2,272.07,13,109,United Kingdom,136.035,54.5,0.0,65,128,discovery,443cbeab0a1b,2,0.849166199411721,0.3907161262892198,Recent occasional customers
4,507.29,24,253,United Kingdom,126.8225,63.25,0.0,22,152,discovery,a22c09932689,1,1.030490721992143,0.5100108599674495,Established mid-value customers
1,48.800000000000004,2,20,United Kingdom,48.800000000000004,20.0,0.0,367,0,discovery,51b2b0ddfac7,3,1.579517304184631,1.1842626649759855,Long-recency customers
3,321.43,56,88,United Kingdom,107.14333333333333,29.333333333333332,0.0,181,14,discovery,b3491069a25b,1,1.2909913742127515,0.04826624838901972,Established mid-value customers
4,1127.71,19,525,United Kingdom,281.9275,131.25,0.0,11,81,discovery,bec0fec9f482,0,0.924877522010491,0.35596815882928623,High-value frequent customers
12,2221.01,82,989,United Kingdom,185.08416666666668,82.41666666666667,0.0,4,365,discovery,2217387ceaaf,0,0.6443544968842648,1.5848929674626406,High-value frequent customers
3,2139.76,17,2172,United Kingdom,713.2533333333334,724.0,0.0,197,140,discovery,1f4ec37cadf0,1,1.0869020267334375,1.115965718026815,Established mid-value customers
4,697.55,39,452,United Kingdom,174.3875,113.0,0.06666666666666667,30,343,discovery,01b4ba2dfd7c,1,0.7297828318320719,0.6912390017602196,Established mid-value customers
1,188.88,39,164,United Kingdom,188.88,164.0,0.0,54,0,discovery,e1c21106ba6f,2,0.7049338044544552,0.522152402710668,Recent occasional customers
6,1720.3,43,734,United Kingdom,286.71666666666664,122.33333333333333,0.04285714285714286,18,223,discovery,10a7fdf1e727,0,0.5596910754720166,0.6689875543233079,High-value frequent customers
3,102.44999999999999,5,45,United Kingdom,34.15,15.0,0.0,11,20,discovery,c3540796db64,2,1.6131570836550198,0.7390037394372195,Recent occasional customers
4,1649.5,96,1436,United Kingdom,412.375,359.0,0.01818181818181818,90,112,discovery,f40b85e66eaf,1,0.519369177022549,1.1823215503306734,Established mid-value customers
1,62.85,4,31,United Kingdom,62.85,31.0,0.0,268,0,discovery,46fa22edd87e,3,1.2608670437402758,1.1065347009787951,Long-recency customers
6,3295.76,103,1778,United Kingdom,549.2933333333334,296.3333333333333,0.0,54,305,discovery,155223ca4e6b,1,1.1034111548144776,0.04082774398612821,Established mid-value customers
4,2824.69,128,1166,United Kingdom,706.1725,291.5,0.08227848101265822,44,265,discovery,2a820214cbc5,1,0.8497156793859532,0.2831241724259975,Established mid-value customers
4,3189.81,87,1833,United Kingdom,797.4525,458.25,0.0,64,178,discovery,4758328898b5,1,0.8698893943563161,0.5192846352277082,Established mid-value customers
1,309.4,13,120,United Kingdom,309.4,120.0,0.0,149,0,discovery,d4c1fedbc547,3,0.4733770338336873,0.875393558199371,Long-recency customers
25,7930.54,159,5694,United Kingdom,317.2216,227.76,0.01020408163265306,22,352,discovery,7651c05709b6,0,1.0621365137759284,1.2027655884207122,High-value frequent customers
1,325.75,21,293,United Kingdom,325.75,293.0,0.045454545454545456,312,0,discovery,46c559a47407,3,0.49161958618332885,1.5344210090351205,Long-recency customers
6,2836.69,96,1747,United Kingdom,472.7816666666667,291.1666666666667,0.0,59,194,discovery,a63e7f21b6c3,1,1.0177007964085525,0.19420447327390722,Established mid-value customers
2,475.8,8,82,United Kingdom,237.9,41.0,0.1,25,187,discovery,d92f9013feeb,2,0.7317063377147535,0.37836654677499104,Recent occasional customers
7,2740.03,110,1820,United Kingdom,391.43285714285713,260.0,0.03076923076923077,79,196,discovery,bacfdc4a5b8e,1,1.103830351394654,0.33110635736956673,Established mid-value customers
2,645.65,13,267,United Kingdom,322.82500000000005,133.5,0.0,120,15,discovery,35a41dad7e0e,1,0.8446188127535037,0.43506064530517685,Established mid-value customers
3,1290.53,65,711,United Kingdom,430.1766666666667,237.0,0.0,37,20,discovery,c64151452d8e,1,0.47297881986249335,0.9150660599994695,Established mid-value customers
4,1353.74,47,671,United Kingdom,338.435,167.75,0.01694915254237288,13,192,discovery,b7e1d65f27a6,0,0.8323572500285048,0.36596151133859656,High-value frequent customers
1,170.32,11,232,United Kingdom,170.32,232.0,0.08333333333333333,20,0,discovery,e9dc37fe0433,2,0.6675308563512681,1.2739182785538503,Recent occasional customers
2,841.1999999999999,47,772,United Kingdom,420.6,386.0,0.0,26,123,discovery,66984fd4bf23,1,0.9110472543948691,0.1446235222951353,Established mid-value customers
1,266.76,11,132,United Kingdom,266.76,132.0,0.0,30,0,discovery,6327d16fe422,2,0.3796360322046842,1.269380255157761,Recent occasional customers
2,52.2,4,108,United Kingdom,26.1,54.0,0.0,8,365,discovery,325b6a7e112c,2,1.9181365532345171,1.031978770388912,Recent occasional customers
12,14389.9,30,6752,United Kingdom,1199.1583333333333,562.6666666666666,0.038834951456310676,11,356,discovery,52f44acd1a7e,0,1.0672903818187254,1.430703452763923,High-value frequent customers
3,710.28,31,328,United Kingdom,236.76,109.33333333333333,0.02702702702702703,186,151,discovery,dd037efbc4c0,1,0.940222101403648,0.6692388922917136,Established mid-value customers
8,2953.59,96,1405,United Kingdom,369.19875,175.625,0.02040816326530612,4,230,discovery,b65c9f91f7dc,0,0.5013208545871431,1.6527121578356692,High-value frequent customers
2,721.45,66,549,United Kingdom,360.725,274.5,0.014084507042253521,9,95,discovery,3f9fa1bedbe7,2,1.2174284793089762,0.28687099243603265,Recent occasional customers
1,327.25,13,119,United Kingdom,327.25,119.0,0.0,262,0,discovery,6c4d4be7ddeb,3,0.3956731562189189,1.4636540505566338,Long-recency customers
4,501.28000000000003,68,179,United Kingdom,125.32000000000001,44.75,0.0,4,357,discovery,3f9f57853cc3,0,1.5640491510224135,0.33295427163857627,High-value frequent customers
1,519.68,28,168,United Kingdom,519.68,168.0,0.0,211,0,discovery,73f994457f69,3,0.7151532398628029,1.0085207334024322,Long-recency customers
9,1476.09,62,799,United Kingdom,164.01,88.77777777777777,0.0,13,346,discovery,e0283d27d252,0,0.5594906252326722,0.9997733688866101,High-value frequent customers
3,690.59,45,365,United Kingdom,230.1966666666667,121.66666666666667,0.0,78,211,discovery,30504588a74d,1,0.35206301628121706,1.1704600274647006,Established mid-value customers
2,589.7,6,158,United Kingdom,294.85,79.0,0.0,27,7,discovery,31a69857e541,2,0.8366319180928693,0.14767818732181248,Recent occasional customers
1,765.3199999999999,15,724,United Kingdom,765.3199999999999,724.0,0.0,132,0,discovery,09b89ef465da,3,1.11750254523605,0.35727865596136765,Long-recency customers
1,364.8,18,160,United Kingdom,364.8,160.0,0.0,253,0,discovery,161e30ac7ae4,3,0.4584106523302771,1.374874361002412,Long-recency customers
1,1862.0,6,1100,United Kingdom,1862.0,1100.0,0.0,80,0,discovery,ede554e05255,1,1.6056297295146793,0.0890896254957434,Established mid-value customers
1,369.2,20,184,United Kingdom,369.2,184.0,0.0,208,0,discovery,7fb193807ef3,3,0.44863220803435666,1.2057367667215773,Long-recency customers
1,135.9,10,90,United Kingdom,135.9,90.0,0.0,337,0,discovery,4db7b903ae4c,3,0.6722553492022604,1.5403542221558797,Long-recency customers
1,125.65,7,51,United Kingdom,125.65,51.0,0.0,254,0,discovery,21888999ebad,3,0.6115114193635602,1.372808537476708,Long-recency customers
2,554.38,30,505,United Kingdom,277.19,252.5,0.0,149,39,discovery,cc0b8417f01f,1,1.0237151586193178,0.10269792913316755,Established mid-value customers
2,1237.8500000000001,72,799,United Kingdom,618.925,399.5,0.0,10,2,discovery,f8ee119395ae,1,1.4272287507430403,0.05431723053677473,Established mid-value customers
1,655.75,23,265,United Kingdom,655.75,265.0,0.0,86,0,discovery,275ecfcb0796,2,1.1221614451593696,0.09674656007405891,Recent occasional customers
20,11138.710000000001,273,4851,United Kingdom,556.9355,242.55,0.015810276679841896,8,283,discovery,bf580b3d2769,0,1.0580724337390814,1.5689005662150726,High-value frequent customers
6,1269.31,86,1001,United Kingdom,211.55166666666665,166.83333333333334,0.026785714285714284,24,348,discovery,fe7e427b6bce,0,0.8474320981327245,0.18459326476057514,High-value frequent customers
9,1421.29,73,661,United Kingdom,157.92111111111112,73.44444444444444,0.02040816326530612,12,361,discovery,99fa14c5af05,0,0.5760151995629045,1.0149153137186468,High-value frequent customers
1,332.66,20,218,United Kingdom,332.66,218.0,0.16666666666666666,26,0,discovery,fd8b6790522a,2,0.39179514130889803,1.3801205500253808,Recent occasional customers
2,1025.44,66,1985,United Kingdom,512.72,992.5,0.0,3,23,discovery,3dbdc9dbcda5,0,1.7549197476661211,0.0036338818099439507,High-value frequent customers
2,616.15,14,287,United Kingdom,308.07500000000005,143.5,0.05555555555555555,158,76,discovery,b560fb8deae7,1,1.0221026365607595,0.14808951798317782,Established mid-value customers
7,3501.1,125,1691,United Kingdom,500.15714285714284,241.57142857142858,0.017857142857142856,4,364,discovery,77c40689a239,0,0.5075814532888877,1.6476584369220877,High-value frequent customers
4,434.35,25,238,United Kingdom,108.5875,59.5,0.14285714285714285,3,52,discovery,b7915b2e1ba6,0,1.7112777718165701,0.27031392264444354,High-value frequent customers
201,143711.17,1787,80240,EIRE,714.980945273632,399.2039800995025,0.03831807392336385,2,372,discovery,c6fde3fe6d87,0,2.6179003284967712,1.5414342139147474,High-value frequent customers
2,867.85,21,971,Italy,433.92499999999995,485.5,0.03571428571428571,17,230,discovery,16ec4fe3e71c,2,1.1342014025551816,0.0045696338436918005,Recent occasional customers
4,1227.43,76,1743,United Kingdom,306.8575,435.75,0.0,36,324,discovery,5a64d8a67cf9,1,0.5589248597288253,0.6432771035281201,Established mid-value customers
2,307.48,12,112,United Kingdom,153.74,56.0,0.07692307692307693,92,186,discovery,c0b4c4968974,2,1.065627540853984,0.05107025042676261,Recent occasional customers
4,1268.98,72,1136,United Kingdom,317.245,284.0,0.02531645569620253,71,254,discovery,c5d4cd052c4e,1,0.33242930304061735,1.2626085781902596,Established mid-value customers
2,1316.07,78,953,United Kingdom,658.035,476.5,0.0,31,171,discovery,943fab6bbff6,1,0.8242009344787191,0.5262856037147929,Established mid-value customers
1,749.1,44,418,United Kingdom,749.1,418.0,0.0,51,0,discovery,f1600eca15cc,2,0.9482662226136768,0.6227599423145255,Recent occasional customers
1,223.88,11,136,United Kingdom,223.88,136.0,0.0,33,0,discovery,58ef1084a477,2,0.44996248892941976,1.1274361204887364,Recent occasional customers
3,2362.96,116,1160,Channel Islands,787.6533333333333,386.6666666666667,0.0,109,166,discovery,df3e9669f5c5,1,0.7390016950108855,1.1993402267554876,Established mid-value customers
1,363.53,17,80,Channel Islands,363.53,80.0,0.0,366,0,discovery,4b7a704feccb,3,0.6631678359801311,1.5249041668100252,Long-recency customers
2,1890.94,68,1042,Channel Islands,945.47,521.0,0.011363636363636364,82,201,discovery,a555841911a9,1,0.7456539242598185,1.0320562972540532,Established mid-value customers
1,1784.71,10,935,Channel Islands,1784.71,935.0,0.0,298,0,discovery,fad91b008ab7,3,1.6838881621806856,0.39385228899666447,Long-recency customers
8,8137.02,210,4085,Channel Islands,1017.1274999999999,510.625,0.00546448087431694,34,242,discovery,5d9fbd933409,0,1.0246406978112306,0.7655485331358562,High-value frequent customers
12,5900.25,101,2815,United Kingdom,491.68750000000006,234.58333333333334,0.011627906976744186,30,267,discovery,8fe3cbc2c9da,0,0.8970882752007718,0.9326455416050139,High-value frequent customers
2,290.82,14,179,United Kingdom,145.41,89.5,0.0,73,58,discovery,4de63217b175,2,0.9142857553593374,0.27709108811293726,Recent occasional customers
6,1101.97,56,673,United Kingdom,183.66166666666663,112.16666666666667,0.015625,24,196,discovery,9ec8a57ab677,0,0.9304571221167762,0.09121547605435099,High-value frequent customers
1,371.2,19,136,United Kingdom,371.2,136.0,0.05,20,0,discovery,abd6caeda10e,2,0.4931635625373832,1.4600556534846854,Recent occasional customers
1,311.69,20,311,United Kingdom,311.69,311.0,0.0,80,0,discovery,05583c274e0e,2,0.8500654758875922,0.09054019453936613,Recent occasional customers
11,8099.49,117,3355,United Kingdom,736.3172727272728,305.0,0.0738255033557047,60,305,discovery,66676e96587d,0,1.408115333454375,0.44101632727293105,High-value frequent customers
1,285.67,54,224,United Kingdom,285.67,224.0,0.0,26,0,discovery,ee4c65e2fc10,2,0.3794405591512904,1.3740840563591143,Recent occasional customers
1,294.85,75,117,United Kingdom,294.85,117.0,0.0,13,0,discovery,75439bdb1f8c,2,0.6520429830130452,1.524738584661357,Recent occasional customers
1,58.49,12,34,United Kingdom,58.49,34.0,0.0,254,0,discovery,3c357354951e,3,1.324293415219584,1.048134113376686,Long-recency customers
3,483.72999999999996,33,128,United Kingdom,161.2433333333333,42.666666666666664,0.0,148,98,discovery,61381cf704fa,1,0.9181909633767885,0.5667497501212994,Established mid-value customers
2,221.27,23,221,United Kingdom,110.63499999999999,110.5,0.0,9,163,discovery,e3c3a8fd103e,2,0.9974586540377053,0.9595400767123865,Recent occasional customers
9,7044.68,193,3708,United Kingdom,782.7422222222223,412.0,0.015772870662460567,11,350,discovery,fc4924ad0b04,0,0.5876758539146847,1.5149569047445453,High-value frequent customers
1,126.7,5,44,United Kingdom,126.7,44.0,0.0,271,0,discovery,d8e34b4a9048,3,0.6219974767290636,1.4158655798698674,Long-recency customers
5,1472.34,149,1159,United Kingdom,294.46799999999996,231.8,0.0,10,174,discovery,99559971a525,0,0.6239290245107527,0.8037040906585164,High-value frequent customers
1,206.21,13,143,United Kingdom,206.21,143.0,0.0,248,0,discovery,13b395f3cebd,3,0.2528857312704475,1.5804707553632285,Long-recency customers
2,596.09,80,363,United Kingdom,298.04499999999996,181.5,0.0,97,0,discovery,547cfe99814c,1,0.7860212834109461,0.4636613440463797,Established mid-value customers
1,183.02,35,179,United Kingdom,183.02,179.0,0.0,15,0,discovery,88aaed9bed26,2,0.719802317549861,1.3974149271429397,Recent occasional customers
1,147.59,37,127,United Kingdom,147.59,127.0,0.0,31,0,discovery,518c35e24042,2,0.7241379074585258,0.9488414244201174,Recent occasional customers
4,1592.06,24,250,United Kingdom,398.015,62.5,0.0,69,248,discovery,4aae2feed148,1,0.43455608939145407,1.0810776082014946,Established mid-value customers
3,1097.98,144,639,United Kingdom,365.99333333333334,213.0,0.0,36,8,discovery,f77e1ce4f65d,1,0.4650634534023633,0.9704295535098916,Established mid-value customers
3,1314.45,29,369,United Kingdom,438.15000000000003,123.0,0.0,108,118,discovery,db068b7c2a6b,1,0.4479082148616834,1.4900387220284737,Established mid-value customers
1,279.94,11,380,United Kingdom,279.94,380.0,0.0,58,0,discovery,7aa7c0558482,2,0.6286294655420249,0.5407048503759132,Recent occasional customers
7,790.86,47,234,United Kingdom,112.98,33.42857142857143,0.0136986301369863,58,269,discovery,a2dd2dcf905f,1,0.8618972677286538,0.6879157482472333,Established mid-value customers
5,1921.3700000000001,136,523,United Kingdom,384.274,104.6,0.0,73,258,discovery,daf75aff7175,1,0.7008488953437252,0.7470008763709483,Established mid-value customers
1,102.12,8,97,United Kingdom,102.12,97.0,0.0,247,0,discovery,727cb9a86761,3,0.7910829503835302,1.2543023686379222,Long-recency customers
2,292.01,78,256,United Kingdom,146.005,128.0,0.0,199,160,discovery,001316170382,3,0.8030884646984506,0.7177202709601476,Long-recency customers
2,326.4,2,128,United Kingdom,163.2,64.0,0.0,16,350,discovery,0fa6d2eafa71,2,0.7302776843745066,0.7681947799368712,Recent occasional customers
1,334.54,40,141,United Kingdom,334.54,141.0,0.0,212,0,discovery,426ae3fb046c,3,0.37345765101723,1.2906394099312524,Long-recency customers
2,231.98000000000002,53,102,United Kingdom,115.99000000000001,51.0,0.0,39,242,discovery,386e0ce33217,2,0.668470036615488,0.7556520909411616,Recent occasional customers
2,414.87,70,258,United Kingdom,207.435,129.0,0.0,171,71,discovery,57a2c2336831,3,0.9480535471053345,0.2898912366125558,Long-recency customers
1,490.52,76,218,United Kingdom,490.52,218.0,0.0,48,0,discovery,dfdb998a6c5e,2,0.6711813944416649,0.7795430904188212,Recent occasional customers
1,1220.77,154,623,United Kingdom,1220.77,623.0,0.0,148,0,discovery,bed04b092495,3,1.4222721775444482,0.26419833045696284,Long-recency customers
28,6295.37,360,4230,United Kingdom,224.83464285714285,151.07142857142858,0.034722222222222224,16,351,discovery,17caac543b0f,0,0.9279819917607439,1.3604448985413964,High-value frequent customers
1,480.38,121,286,United Kingdom,480.38,286.0,0.0,52,0,discovery,673b680e8b98,2,0.6956507263638775,0.6931143108516541,Recent occasional customers
1,156.91,12,69,United Kingdom,156.91,69.0,0.0,160,0,discovery,b7752c94d642,3,0.49731446453474876,1.0216914436594615,Long-recency customers
3,1259.43,148,639,United Kingdom,419.81,213.0,0.0,13,13,discovery,670df6698d91,0,1.1205786306324885,0.03497120434959511,High-value frequent customers
2,405.04,110,225,United Kingdom,202.51999999999998,112.5,0.0,54,320,discovery,fc542d721ca8,2,0.797415464646052,0.16464912391768605,Recent occasional customers
2,257.67,29,149,United Kingdom,128.83499999999998,74.5,0.0,44,133,discovery,364700ef0eca,2,0.6789549423507334,0.6409396138669218,Recent occasional customers
1,170.04,20,76,United Kingdom,170.04,76.0,0.0,173,0,discovery,050a16a0b2aa,3,0.4058282759805498,1.1521155749326903,Long-recency customers
1,125.58,20,63,United Kingdom,125.58,63.0,0.0,34,0,discovery,5ab25fbcc465,2,0.8622530520623191,0.7919134210979761,Recent occasional customers
3,496.21000000000004,30,189,United Kingdom,165.40333333333334,63.0,0.03125,39,329,discovery,47fc4e5dbc15,1,0.716024411083307,0.5079714045871492,Established mid-value customers
1,252.81,64,150,United Kingdom,252.81,150.0,0.0,267,0,discovery,8c4a50ba01b1,3,0.2823905723442666,1.5976918738221704,Long-recency customers
11,6720.41,347,2827,United Kingdom,610.9463636363636,257.0,0.0018050541516245488,4,366,discovery,c482d2259781,0,0.7861892281600629,1.7159496230939302,High-value frequent customers
10,1636.43,105,902,United Kingdom,163.643,90.2,0.0,10,358,discovery,1309bc9ae43a,0,0.49868509410167094,1.23855307595909,High-value frequent customers
1,361.96,66,184,United Kingdom,361.96,184.0,0.0,34,0,discovery,0a0383332fec,2,0.42100989078860196,1.181418676175043,Recent occasional customers
3,469.0,57,285,United Kingdom,156.33333333333334,95.0,0.0,81,197,discovery,17c0be9d26e8,1,0.6604820536239527,0.7599018664618372,Established mid-value customers
4,1066.1499999999999,30,565,United Kingdom,266.5375,141.25,0.05405405405405406,31,208,discovery,7b04e012babc,1,0.6384523568177256,0.5582472821085225,Established mid-value customers
4,627.13,35,459,United Kingdom,156.7825,114.75,0.0,9,360,discovery,25d0ddc50e5d,0,1.3187778912535582,0.1305024004914308,High-value frequent customers
2,518.28,7,372,United Kingdom,259.14,186.0,0.0,72,197,discovery,e9c87b95539c,1,0.7976419010798168,0.22505310101474607,Established mid-value customers
3,4959.1,29,2968,United Kingdom,1653.0333333333335,989.3333333333334,0.05454545454545454,257,110,discovery,bda2ea62a0b7,1,1.6375099621190603,1.0258561591663826,Established mid-value customers
10,2557.18,315,1672,United Kingdom,255.718,167.2,0.005952380952380952,5,325,discovery,8daa135c3d4d,0,0.4682561300298796,1.642353176874507,High-value frequent customers
8,4274.16,299,2413,United Kingdom,534.27,301.625,0.015151515151515152,16,338,discovery,368ea18c262c,0,0.3656455322369759,1.3513166804764742,High-value frequent customers
1,252.73000000000002,26,245,United Kingdom,252.73000000000002,245.0,0.0,90,0,discovery,2337c330a3fb,3,0.8136383159574542,0.13373264175863808,Long-recency customers
3,429.56,107,316,United Kingdom,143.18666666666667,105.33333333333333,0.0,73,107,discovery,a769e23f2c36,1,0.7168767287678353,0.6400450009765974,Established mid-value customers
47,19766.59,408,9131,United Kingdom,420.5657446808511,194.27659574468086,0.004045853000674309,10,359,discovery,74ce80e28223,0,1.4880924042342107,1.45902435138804,High-value frequent customers
1,135.93,5,30,United Kingdom,135.93,30.0,0.0,200,0,discovery,5e50f9c88dfb,3,0.5325183796263733,1.2203551292308448,Long-recency customers
1,537.0,3,300,United Kingdom,537.0,300.0,0.0,32,0,discovery,081d7b292e0a,2,0.6274182195210443,1.0862569530337771,Recent occasional customers
17,7634.7300000000005,233,2785,United Kingdom,449.1017647058824,163.8235294117647,0.017699115044247787,20,343,discovery,946c4873bb67,0,0.9163842346147351,1.2481710214760064,High-value frequent customers
2,735.66,11,114,United Kingdom,367.83,57.0,0.07692307692307693,152,106,discovery,781d7c4e73bb,1,0.947022525154725,0.3363277366781995,Established mid-value customers
15,5090.42,147,3372,United Kingdom,339.36133333333333,224.8,0.0049504950495049506,10,329,discovery,21c80711328c,0,0.5904815726188883,1.5965724702202015,High-value frequent customers
1,343.62,22,222,United Kingdom,343.62,222.0,0.0,270,0,discovery,92fc2f2ee3b0,3,0.44055037820490356,1.4496106653395864,Long-recency customers
4,381.0,86,192,United Kingdom,95.25,48.0,0.010526315789473684,66,303,discovery,bd1fb73fc4a5,1,0.8618364117725092,0.7328207811183078,Established mid-value customers
3,1737.69,68,1216,United Kingdom,579.23,405.3333333333333,0.02564102564102564,26,46,discovery,11dde85c2917,1,0.7943081946584442,0.3631983818171508,Established mid-value customers
1,207.73000000000002,27,79,United Kingdom,207.73000000000002,79.0,0.0,320,0,discovery,648ee6da1651,3,0.42792575242340136,1.6444267477886543,Long-recency customers
3,693.95,49,984,United Kingdom,231.3166666666667,328.0,0.0,5,277,discovery,5ea30e88d9c0,0,1.481595950053926,0.2242877740193161,High-value frequent customers
2,302.1,105,198,United Kingdom,151.05,99.0,0.0,13,28,discovery,c5d2b2a2c4e7,2,0.8057161298196259,0.8241874511524846,Recent occasional customers
2,1489.5,25,668,United Kingdom,744.75,334.0,0.0,276,40,discovery,f522a271d9dd,1,1.4117769108167801,0.3010974863793445,Established mid-value customers
11,2102.54,199,1054,United Kingdom,191.14,95.81818181818181,0.0,26,287,discovery,355d71a3cf46,0,0.7109842178116815,0.7387855852799686,High-value frequent customers
9,1337.72,161,604,United Kingdom,148.63555555555556,67.11111111111111,0.008368200836820083,41,294,discovery,e31698367f40,1,1.104125830869786,0.0016846505606156192,Established mid-value customers
4,294.25,81,257,United Kingdom,73.5625,64.25,0.0,9,1,discovery,ad89088a977c,2,1.641678162968353,0.09300103479153843,Recent occasional customers
48,54534.14,70,28920,United Kingdom,1136.1279166666666,602.5,0.01707317073170732,4,369,discovery,853670756bcf,0,2.0326090191389117,1.534979675665388,High-value frequent customers
4,987.86,47,763,United Kingdom,246.965,190.75,0.0,72,288,discovery,18d4f2097726,1,0.30054865288122873,1.3887345620650815,Established mid-value customers
4,3158.13,148,1383,United Kingdom,789.5325,345.75,0.0189873417721519,38,254,discovery,582832cd2af3,1,0.9604661881324769,0.07947112121749822,Established mid-value customers
1,893.59,42,317,United Kingdom,893.59,317.0,0.20754716981132076,54,0,discovery,6e6366c5f69a,2,1.0823610013787222,0.4669488523710943,Recent occasional customers
3,1744.76,82,954,United Kingdom,581.5866666666666,318.0,0.0,79,204,discovery,91aaa50fc6cb,1,0.4187484578293185,1.3242058646754737,Established mid-value customers
2,553.36,96,364,United Kingdom,276.67999999999995,182.0,0.0,47,210,discovery,b875ce55c1e3,1,0.8020895355612189,0.06848304281835249,Established mid-value customers
1,1109.53,70,520,United Kingdom,1109.53,520.0,0.0,180,0,discovery,75a2cd940e35,3,1.316931454149439,0.4450657027770961,Long-recency customers
1,106.2,1,36,United Kingdom,106.2,36.0,0.0,373,0,discovery,6003875fbc1c,3,0.90991100426719,1.4785065291524022,Long-recency customers
3,1043.41,31,491,United Kingdom,347.80333333333334,163.66666666666666,0.2894736842105263,10,177,discovery,69c21b1e3009,0,1.200053049891813,0.10291558890821118,High-value frequent customers
1,735.67,41,431,United Kingdom,735.67,431.0,0.0,106,0,discovery,f6994732747f,3,1.1819856101722754,0.12600853671521972,Long-recency customers
1,773.03,27,447,United Kingdom,773.03,447.0,0.0,78,0,discovery,ead46b74d472,2,1.1514990109401662,0.2168316038407916,Recent occasional customers
1,880.85,49,571,United Kingdom,880.85,571.0,0.0,173,0,discovery,c6b44c5d5cb8,3,1.1486448030685252,0.5824175296387193,Long-recency customers
32,9743.11,97,5105,United Kingdom,304.4721875,159.53125,0.024390243902439025,8,361,discovery,048ffadf15cf,0,1.1066808311852936,1.571883301705144,High-value frequent customers
4,895.61,46,389,United Kingdom,223.9025,97.25,0.020833333333333332,213,153,discovery,a01e70454f50,1,1.0628137181909336,0.9179735576775325,Established mid-value customers
5,504.8,26,190,United Kingdom,100.96000000000001,38.0,0.05714285714285714,23,345,discovery,776769ebeb6d,1,1.099067493623283,0.3939837391123935,Established mid-value customers
1,88.2,5,38,United Kingdom,88.2,38.0,0.0,257,0,discovery,4a5b713091c5,3,0.9322397738903501,1.215157753259776,Long-recency customers
1,306.94,15,470,United Kingdom,306.94,470.0,0.0,282,0,discovery,6e46201ee18c,3,0.39526289447309515,1.5320823561002552,Long-recency customers
2,1160.07,53,460,United Kingdom,580.0350000000001,230.0,0.05,22,46,discovery,e7d83a05157b,1,0.9904749726763487,0.2899900039619523,Established mid-value customers
6,2420.84,139,1359,United Kingdom,403.47333333333336,226.5,0.0,11,118,discovery,8d2294977551,0,0.2363880970393573,1.3219242193895462,High-value frequent customers
1,381.32,23,208,United Kingdom,381.32,208.0,0.0,309,0,discovery,1df345831e2e,3,0.5765699150118002,1.4501788195608833,Long-recency customers
1,480.71,30,346,United Kingdom,480.71,346.0,0.03225806451612903,68,0,discovery,4be3845623a2,2,0.8406915439745095,0.36636680043793834,Recent occasional customers
2,457.81,23,135,United Kingdom,228.90500000000003,67.5,0.0,216,68,discovery,83404214114f,3,0.9676748115123365,0.379556345937336,Long-recency customers
4,1370.6,30,1079,United Kingdom,342.65,269.75,0.04081632653061224,104,100,discovery,2cf03b0556e1,1,0.5190194260890966,1.331530593994638,Established mid-value customers
1,219.39000000000001,11,120,United Kingdom,219.39000000000001,120.0,0.0,43,0,discovery,20119c4645e5,2,0.5308685565464301,0.8544922896001984,Recent occasional customers
1,248.08,25,170,United Kingdom,248.08,170.0,0.0,5,0,discovery,362fef415ee6,2,1.140119400929089,1.4227531463255771,Recent occasional customers
3,39916.5,1,121,United Kingdom,13305.5,40.333333333333336,0.4,183,0,discovery,e5235bf68a87,1,2.5319317152560026,0.3023602440453317,Established mid-value customers
1,410.48,23,343,United Kingdom,410.48,343.0,0.0,85,0,discovery,62e3152e589e,2,0.937044748849177,0.05004219909083096,Recent occasional customers
3,876.0,1,80,United Kingdom,292.0,26.666666666666668,0.5,334,40,discovery,2a56306b677c,1,1.4571534701610787,0.2964951977808332,Established mid-value customers
2,317.53,8,241,United Kingdom,158.765,120.5,0.1111111111111111,9,351,discovery,0bbe50700309,2,0.966408730899435,0.7991003631703583,Recent occasional customers
2,703.36,35,329,United Kingdom,351.68,164.5,0.0,32,55,discovery,749f00dc373e,1,0.846069414852298,0.09499512233358587,Established mid-value customers
2,993.54,66,635,United Kingdom,496.77,317.5,0.028985507246376812,197,86,discovery,3763decc0f10,1,1.1020565956552404,0.33257997619296154,Established mid-value customers
5,1422.52,90,1181,United Kingdom,284.504,236.2,0.0196078431372549,18,252,discovery,8b36ac1a9c12,0,0.7324162284401681,0.36858323588309205,High-value frequent customers
6,319.5,12,169,United Kingdom,53.25,28.166666666666668,0.15,312,61,discovery,8eaa949e29c0,1,1.8224950857237885,0.26116051787987704,Established mid-value customers
4,1300.25,50,499,European Community,325.0625,124.75,0.01639344262295082,142,86,discovery,01b35961420d,1,0.7285433044790733,1.3794559400808373,Established mid-value customers
1,484.95,28,131,United Kingdom,484.95,131.0,0.0967741935483871,246,0,discovery,ee046411642c,3,0.6689629776893824,1.177480092752979,Long-recency customers
4,996.1,17,246,United Kingdom,249.025,61.5,0.10256410256410256,24,295,discovery,6f4e869cfbc2,1,0.8022047237289714,0.3338833649536378,Established mid-value customers
3,1567.48,70,710,United Kingdom,522.4933333333333,236.66666666666666,0.0,30,343,discovery,007a4d8412dc,1,0.6701161288086666,0.5689051649852228,Established mid-value customers
3,3509.43,77,2344,United Kingdom,1169.81,781.3333333333334,0.01020408163265306,10,45,discovery,e099b8b0b8c4,0,0.916666526917469,0.6589600973254348,High-value frequent customers
10,2760.56,136,3096,United Kingdom,276.056,309.6,0.0,31,271,discovery,7f0ac7ddc873,0,0.7562420990981693,0.6740630467301238,High-value frequent customers
1,340.11,21,157,United Kingdom,340.11,157.0,0.0,19,0,discovery,85c477955508,2,0.4883984328863647,1.4942236967584335,Recent occasional customers
5,1551.78,63,1948,United Kingdom,310.356,389.6,0.0125,15,201,discovery,7c434fae7b11,0,0.6345006260810548,0.5822409882375894,High-value frequent customers
1,244.8,1,1440,United Kingdom,244.8,1440.0,0.0,135,0,discovery,007beb536aa4,3,0.48265152843488457,0.7923168567597384,Long-recency customers
1,266.4,14,88,United Kingdom,266.4,88.0,0.0,246,0,discovery,847ea8d2f674,3,0.2547338350719974,1.5456115532701853,Long-recency customers
1,358.82,21,296,United Kingdom,358.82,296.0,0.045454545454545456,134,0,discovery,cb989a00c42e,3,0.6154036482109141,0.6535913327135533,Long-recency customers
2,457.72,28,199,United Kingdom,228.85999999999999,99.5,0.0,51,238,discovery,768be0dfbd27,2,0.8146875088053236,0.0775160385917244,Recent occasional customers
3,1633.78,65,800,United Kingdom,544.5933333333334,266.6666666666667,0.05747126436781609,115,183,discovery,87f91f7207e9,1,0.5761625101401955,1.4440719493776761,Established mid-value customers
2,2199.31,93,1195,United Kingdom,1099.655,597.5,0.0,8,199,discovery,dfa9bb7a8451,0,1.459992714262887,0.1760598509356479,High-value frequent customers
2,184.19,14,233,United Kingdom,92.095,116.5,0.0,23,169,discovery,bd3fc20fd557,2,0.7509982511623988,0.988484299576938,Recent occasional customers
15,11528.48,102,6193,United Kingdom,768.5653333333333,412.8666666666667,0.09285714285714286,26,245,discovery,e2dd64429224,0,1.1575076006004605,1.083719227953481,High-value frequent customers
1,406.53,16,251,United Kingdom,406.53,251.0,0.0,66,0,discovery,ec4dddee3aec,2,0.7623304637544136,0.4000599510025976,Recent occasional customers
4,1471.0,74,1343,United Kingdom,367.75,335.75,0.08108108108108109,61,159,discovery,d34bcbaef75e,1,0.39591739276720733,1.0549879172293597,Established mid-value customers
11,3447.4,54,1794,United Kingdom,313.40000000000003,163.0909090909091,0.0,51,241,discovery,1e2900c81510,0,1.1282992084593657,0.3379148676096264,High-value frequent customers
1,330.11,22,197,United Kingdom,330.11,197.0,0.0,170,0,discovery,37c8d31fca12,3,0.43090665290570684,1.0349887450044246,Long-recency customers
5,977.9300000000001,49,679,United Kingdom,195.586,135.8,0.0,19,244,discovery,e597b98278e5,0,0.9774437295156847,0.06774166485610766,High-value frequent customers
3,982.42,27,680,United Kingdom,327.47333333333336,226.66666666666666,0.0,128,174,discovery,88a098089984,1,0.5585397878698841,1.2715650013418407,Established mid-value customers
8,1387.99,44,887,United Kingdom,173.49875,110.875,0.0,15,226,discovery,d19366e482b9,0,0.6130417988754767,0.8154570137177283,High-value frequent customers
4,1286.7,61,776,United Kingdom,321.675,194.0,0.014492753623188406,3,94,discovery,b6593c09e650,0,1.0524523982280638,0.8854416225360284,High-value frequent customers
2,178.96,13,208,United Kingdom,89.48,104.0,0.0,240,97,discovery,6cbe64cde3c9,3,0.8127263443762593,1.0774807872874235,Long-recency customers
7,2354.25,74,1572,United Kingdom,336.32142857142856,224.57142857142858,0.012345679012345678,53,212,discovery,f67672fa05e2,1,1.041199065660607,0.08879969259320908,Established mid-value customers
1,498.74,26,365,United Kingdom,498.74,365.0,0.0,47,0,discovery,c34f8282ebc9,2,0.6716997838598937,0.7992994262235935,Recent occasional customers
1,259.45,14,150,United Kingdom,259.45,150.0,0.0,226,0,discovery,88ebe9611635,3,0.22001924585490887,1.503078509474481,Long-recency customers
17,6580.44,132,3050,United Kingdom,387.084705882353,179.41176470588235,0.0045871559633027525,9,304,discovery,466e293d6311,0,0.7512832959488523,1.5997126489437732,High-value frequent customers
4,1194.73,54,756,United Kingdom,298.6825,189.0,0.0,5,244,discovery,be86e658351a,0,0.9715491836736831,0.7320417663127237,High-value frequent customers
2,1327.16,90,1473,United Kingdom,663.58,736.5,0.042105263157894736,165,127,discovery,873b384f7731,1,0.9838690498193883,0.6586866049982631,Established mid-value customers
1,623.5,28,366,United Kingdom,623.5,366.0,0.034482758620689655,241,0,discovery,354e0dd271a8,3,0.8632461018898131,1.0224899177989806,Long-recency customers
1,520.8000000000001,23,128,United Kingdom,520.8000000000001,128.0,0.0,134,0,discovery,58d7444f9b57,3,0.8433821210056499,0.5026471726557674,Long-recency customers
10,5291.33,282,3642,United Kingdom,529.133,364.2,0.0029239766081871343,18,252,discovery,4e44de1c413d,0,0.562664219157977,1.2917753412687771,High-value frequent customers
13,4745.69,196,2704,United Kingdom,365.05307692307696,208.0,0.025179856115107913,10,178,discovery,50904c21ccc6,0,0.4999231814401765,1.6156251918569189,High-value frequent customers
1,329.25,22,198,United Kingdom,329.25,198.0,0.0,32,0,discovery,03b1c3666e70,2,0.3851445155867077,1.2423098263983707,Recent occasional customers
1,254.28,66,89,United Kingdom,254.28,89.0,0.05333333333333334,76,0,discovery,826731299241,2,0.8218870378818321,0.12739205503215667,Recent occasional customers
3,1936.07,125,2392,United Kingdom,645.3566666666667,797.3333333333334,0.06015037593984962,4,355,discovery,8e497ab4c25f,0,1.084979689172942,0.7574981890021124,High-value frequent customers
1,401.40000000000003,7,198,United Kingdom,401.40000000000003,198.0,0.0,46,0,discovery,00ecb279dd2f,2,0.5589393707425451,0.8562026174908842,Recent occasional customers
30,18641.010000000002,363,11441,United Kingdom,621.3670000000001,381.3666666666667,0.013888888888888888,2,360,discovery,22058900babe,0,1.593975598977879,1.6790255807830914,High-value frequent customers
2,304.47,29,186,United Kingdom,152.235,93.0,0.0,19,174,discovery,d09574621c48,2,0.6694906705853731,0.7963371737934601,Recent occasional customers
3,824.58,79,351,United Kingdom,274.86,117.0,0.0,69,271,discovery,bd942a6746c4,1,0.1896110122690632,1.359497053189486,Established mid-value customers
1,158.8,39,65,United Kingdom,158.8,65.0,0.0,321,0,discovery,66a295355f5b,3,0.5421527725949894,1.5834070075436926,Long-recency customers
1,1289.5,5,290,United Kingdom,1289.5,290.0,0.2857142857142857,332,0,discovery,c12a5c6591e3,3,1.4740108877616769,0.641546104586538,Long-recency customers
1,135.75,11,145,United Kingdom,135.75,145.0,0.0,323,0,discovery,abe56444d360,3,0.6476488061608727,1.5259912917794185,Long-recency customers
1,40.5,3,30,United Kingdom,40.5,30.0,0.0,261,0,discovery,b946f2bbec79,3,1.6939560490546302,0.9492672420309356,Long-recency customers
5,2206.95,91,1938,United Kingdom,441.39,387.6,0.021052631578947368,19,301,discovery,960f12a81ff3,0,0.5607576434913359,0.6241764694071052,High-value frequent customers
1,87.5,6,36,United Kingdom,87.5,36.0,0.0,368,0,discovery,439657f6c4d7,3,1.056441468121793,1.3983187341932666,Long-recency customers
3,689.4799999999999,11,544,United Kingdom,229.82666666666668,181.33333333333334,0.1111111111111111,67,203,discovery,cf77c634ff31,1,0.3261391349139584,1.13968338586623,Established mid-value customers
2,402.2,59,199,United Kingdom,201.10000000000002,99.5,0.0,30,161,discovery,975155c38c24,2,0.6551532132183363,0.4677208458691141,Recent occasional customers
16,4777.18,61,1887,United Kingdom,298.57375,117.9375,0.021505376344086023,2,211,discovery,40ffdbb45b92,0,0.981853082100112,1.7308232901633196,High-value frequent customers
41,16225.39,80,6149,United Kingdom,395.74121951219513,149.97560975609755,0.08620689655172414,2,331,discovery,05afe28b2470,0,1.5821975227021035,1.6894339465672628,High-value frequent customers
1,499.32,19,144,United Kingdom,499.32,144.0,0.0,61,0,discovery,b9bf1df7dc92,2,0.79490706769823,0.5012009144478641,Recent occasional customers
15,7616.53,209,5703,United Kingdom,507.76866666666666,380.2,0.049079754601226995,4,365,discovery,9ba8a544388a,0,0.9208774335020691,1.7111501225596883,High-value frequent customers
1,3861.0,1,1404,United Kingdom,3861.0,1404.0,0.0,3,0,discovery,3edba61d4c01,2,2.398705868295883,0.08991470730541007,Recent occasional customers
3,1079.6100000000001,30,469,United Kingdom,359.87000000000006,156.33333333333334,0.1111111111111111,11,348,discovery,f31d95729838,0,1.1836912971256663,0.06361772364298779,High-value frequent customers
2,193.64,10,120,United Kingdom,96.82,60.0,0.0,93,32,discovery,549ebe1fd30a,3,1.095645464814611,0.0403066072430911,Long-recency customers
5,1236.54,35,1210,United Kingdom,247.308,242.0,0.28865979381443296,88,160,discovery,99089db56a23,1,0.5880789974808108,1.1025526462494533,Established mid-value customers
6,1827.8,82,1753,United Kingdom,304.6333333333333,292.1666666666667,0.0,26,286,discovery,d59df38308f6,0,0.7152302720644244,0.3534219410529038,High-value frequent customers
1,316.58,9,258,United Kingdom,316.58,258.0,0.0,358,0,discovery,f50a7daa6b93,3,0.5832104450671908,1.5765469900149496,Long-recency customers
2,653.24,37,378,United Kingdom,326.62,189.0,0.02631578947368421,86,42,discovery,145cace2ca14,1,0.7102432673242753,0.505816953502755,Established mid-value customers
4,420.29999999999995,3,162,United Kingdom,105.075,40.5,0.0,11,265,discovery,7a3cd04359f7,1,1.4724520747630674,0.14704206036244005,Established mid-value customers
5,870.12,25,316,United Kingdom,174.024,63.2,0.023255813953488372,2,352,discovery,d877e9c6c34f,0,1.2572666508318393,0.8799451659555657,High-value frequent customers
2,894.4100000000001,52,240,United Kingdom,447.20500000000004,120.0,0.0,61,305,discovery,560d98034360,1,0.5837212904612374,0.6375688861049889,Established mid-value customers
1,101.8,5,36,United Kingdom,101.8,36.0,0.2857142857142857,242,0,discovery,cb5ea5958169,3,0.7913517847625666,1.238662607220549,Long-recency customers
2,328.35,22,272,United Kingdom,164.17499999999998,136.0,0.04,319,11,discovery,75e502a635aa,3,0.9057650259155878,0.8769859258993207,Long-recency customers
8,1661.44,109,1254,United Kingdom,207.68,156.75,0.0,2,241,discovery,13c44a216178,0,0.8952080607461438,1.402031870853624,High-value frequent customers
3,734.94,33,225,United Kingdom,244.98000000000002,75.0,0.18604651162790697,47,50,discovery,0d8bf4a14dc7,1,0.3805402291453733,1.0182337229047884,Established mid-value customers
1,96.6,2,28,United Kingdom,96.6,28.0,0.0,88,0,discovery,4a61696873f5,3,1.1593500466807285,0.2152525876777327,Long-recency customers
11,5756.89,77,3329,United Kingdom,523.3536363636363,302.6363636363636,0.0,11,308,discovery,4506b0397352,0,0.5254416151613399,1.568020498527546,High-value frequent customers
1,305.75,9,45,United Kingdom,305.75,45.0,0.0,177,0,discovery,31a1a2410ff6,3,0.36593662524685616,1.1327502561386191,Long-recency customers
1,403.25,5,43,United Kingdom,403.25,43.0,0.5454545454545454,367,0,discovery,96eb49d5cefe,3,0.7200190419270924,1.4796261861007436,Long-recency customers
1,585.0,5,440,United Kingdom,585.0,440.0,0.0,319,0,discovery,496651a4441c,3,0.8862473392103805,1.2385786592119576,Long-recency customers
2,755.75,14,213,United Kingdom,377.875,106.5,0.375,226,24,discovery,24b4ac9b235c,1,1.238753210049674,0.0176636635321894,Established mid-value customers
1,409.40000000000003,23,226,United Kingdom,409.40000000000003,226.0,0.0,235,0,discovery,b45bd8db756b,3,0.5305419054991691,1.246866415099468,Long-recency customers
1,154.41,8,71,United Kingdom,154.41,71.0,0.0,311,0,discovery,19bdbf7b293f,3,0.5386979527770037,1.5641808788748335,Long-recency customers
5,1219.4,43,750,United Kingdom,243.88000000000002,150.0,0.0,37,281,discovery,51bee5b57ffe,1,0.6943144927090015,0.43291503000890574,Established mid-value customers
4,3386.71,110,2255,United Kingdom,846.6775,563.75,0.007936507936507936,67,228,discovery,03155cf4574b,1,0.9088253870813969,0.5152529600844526,Established mid-value customers
2,429.6,23,351,United Kingdom,214.8,175.5,0.0,240,1,discovery,b600863e9337,3,0.9407184346778169,0.509327854591913,Long-recency customers
2,612.06,26,686,United Kingdom,306.03,343.0,0.0,114,27,discovery,9c8155e3868e,1,0.8399203796109219,0.43081556256419884,Established mid-value customers
1,197.0,14,196,United Kingdom,197.0,196.0,0.0,277,0,discovery,e20206cf6ea2,3,0.3334813806387015,1.6099175990247296,Long-recency customers
12,2247.51,132,1324,United Kingdom,187.29250000000002,110.33333333333333,0.0,218,156,discovery,8369d436a9a1,1,1.6972097949424119,0.6619397725115994,Established mid-value customers
1,321.05,15,269,United Kingdom,321.05,269.0,0.0,299,0,discovery,8f47d04b2641,3,0.45565509556258604,1.5288191456169673,Long-recency customers
4,1412.32,94,1071,United Kingdom,353.08000000000004,267.75,0.0,2,226,discovery,05610ec3a6ae,0,1.1172813282493341,0.9836277677454968,High-value frequent customers
3,1071.99,49,692,United Kingdom,357.33,230.66666666666666,0.038461538461538464,30,155,discovery,5e856cc03170,1,0.594251103256419,0.7802252590091436,Established mid-value customers
2,780.59,48,594,United Kingdom,390.295,297.0,0.057692307692307696,11,68,discovery,e71a531c281e,2,1.190171442912716,0.19781183242442868,Recent occasional customers
5,1706.57,58,1369,United Kingdom,341.31399999999996,273.8,0.060240963855421686,45,267,discovery,de4f3b073f64,1,0.7067064120261245,0.41942201056612716,Established mid-value customers
1,316.68,22,185,United Kingdom,316.68,185.0,0.0,75,0,discovery,4ba3fa278ff4,2,0.8039443079767292,0.18991920190514833,Recent occasional customers
2,631.57,31,405,United Kingdom,315.78499999999997,202.5,0.0,66,183,discovery,97e3bfc793cf,1,0.6915185861503268,0.3739254534780738,Established mid-value customers
3,2515.84,55,1784,United Kingdom,838.6133333333333,594.6666666666666,0.0,135,127,discovery,a9bb478dc240,1,0.8896298790942492,1.2104202422637567,Established mid-value customers
2,514.15,32,247,United Kingdom,257.07500000000005,123.5,0.0,239,120,discovery,651e6b9a87c6,3,1.0317638357999153,0.3480027626079518,Long-recency customers
1,356.0,6,160,United Kingdom,356.0,160.0,0.0,123,0,discovery,fc902a014e1c,3,0.6678986150256272,0.5293940871199476,Long-recency customers
13,6688.46,211,3577,United Kingdom,514.496923076923,275.15384615384613,0.0223463687150838,32,225,discovery,f640f146cc44,0,0.9927650031335252,0.909821093290691,High-value frequent customers
2,740.78,44,522,United Kingdom,370.39,261.0,0.0,37,147,discovery,b714a4b3db46,1,0.7670514586743576,0.21837979812982844,Established mid-value customers
5,918.1999999999999,52,866,United Kingdom,183.64,173.2,0.03636363636363636,17,153,discovery,48aab0ee1da7,0,0.9946178733022853,0.11697149128392226,High-value frequent customers
1,317.15,7,46,United Kingdom,317.15,46.0,0.125,284,0,discovery,877325e24a4a,3,0.4173006168231052,1.5174763136566074,Long-recency customers
2,623.16,32,142,United Kingdom,311.58000000000004,71.0,0.0,169,49,discovery,3ba47c72397a,1,1.0635653716104874,0.09914505367680504,Established mid-value customers
7,1810.77,62,885,United Kingdom,258.68142857142857,126.42857142857143,0.01282051282051282,101,272,discovery,e1401aad87ca,1,0.9921203395259872,0.6861430140974667,Established mid-value customers
1,178.95000000000002,10,73,United Kingdom,178.95000000000002,73.0,0.0,324,0,discovery,782e9df6f717,3,0.4873999364729511,1.6211899793381317,Long-recency customers
2,1506.1200000000001,76,612,United Kingdom,753.06,306.0,0.0,152,84,discovery,51deb3da1103,1,0.9499108844938565,0.7881824486747727,Established mid-value customers
1,119.3,6,18,United Kingdom,119.3,18.0,0.0,339,0,discovery,e2772c543452,3,0.7687139898906727,1.4907795497487324,Long-recency customers
5,1717.36,8,944,United Kingdom,343.472,188.8,0.0,23,160,discovery,1ed9191fd538,0,0.7368758155319944,0.27235087282908366,High-value frequent customers
2,721.94,63,310,United Kingdom,360.97,155.0,0.0,58,29,discovery,4b1b415c0cfb,1,0.6444435565254873,0.4369616809357211,Established mid-value customers
1,615.14,41,498,United Kingdom,615.14,498.0,0.023809523809523808,38,0,discovery,35b04d5b23a2,2,0.7405804602557758,0.9061851622772988,Recent occasional customers
1,290.51,19,189,United Kingdom,290.51,189.0,0.09523809523809523,355,0,discovery,0d3c4e946957,3,0.545490457844918,1.6051858507847943,Long-recency customers
1,113.12,16,154,United Kingdom,113.12,154.0,0.0,173,0,discovery,4e13e3c08fe5,3,0.722263804093956,0.993337112361635,Long-recency customers
9,2332.15,121,1211,United Kingdom,259.1277777777778,134.55555555555554,0.07333333333333333,59,275,discovery,5843e3212568,1,1.189979989043069,0.033119028653314286,Established mid-value customers
1,240.55,3,55,United Kingdom,240.55,55.0,0.0,50,0,discovery,24f7cce94936,2,0.5675976569818378,0.7041212124419066,Recent occasional customers
2,486.69,17,433,United Kingdom,243.34500000000003,216.5,0.047619047619047616,23,48,discovery,5bb4faac61b3,2,0.7529475377766865,0.3847800305846436,Recent occasional customers
5,2306.52,80,775,United Kingdom,461.304,155.0,0.0,44,322,discovery,39f3e3c7eddb,1,0.8488758070218836,0.2014772068107613,Established mid-value customers
3,939.78,43,1008,United Kingdom,313.26,336.0,0.01694915254237288,30,220,discovery,9c84640df1f1,1,0.5988991477662734,0.8344277115385973,Established mid-value customers
18,7943.22,93,4501,United Kingdom,441.29,250.05555555555554,0.03773584905660377,5,355,discovery,49ead36d7fce,0,0.9380842589781401,1.6853720609694802,High-value frequent customers
15,4668.3,62,2103,United Kingdom,311.22,140.2,0.05504587155963303,26,348,discovery,95140cb44af3,0,0.8144733884236846,1.0400422158445728,High-value frequent customers
1,178.39,24,55,United Kingdom,178.39,55.0,0.0,202,0,discovery,fbba105ab29e,3,0.3169688080874563,1.3607981314172481,Long-recency customers
6,3672.86,137,1766,United Kingdom,612.1433333333333,294.3333333333333,0.03,51,276,discovery,03dd26ed3b71,0,1.107186679673842,0.06082655761122213,High-value frequent customers
3,641.94,30,292,United Kingdom,213.98000000000002,97.33333333333333,0.04878048780487805,11,53,discovery,fdda0f83512a,1,1.3036715550286315,0.14299717034105175,Established mid-value customers
12,4799.9,115,3116,United Kingdom,399.9916666666666,259.6666666666667,0.010309278350515464,3,364,discovery,6b77241d51d3,0,0.7796603728989271,1.7352869571602247,High-value frequent customers
7,4507.01,7,2948,United Kingdom,643.8585714285715,421.14285714285717,0.4166666666666667,68,305,discovery,ccbadee84797,0,1.3397379091964958,0.0027534499753412156,High-value frequent customers
1,496.44,28,292,United Kingdom,496.44,292.0,0.0,65,0,discovery,2d5af3669eea,2,0.8277564608916886,0.42338180543276727,Recent occasional customers
12,5049.95,167,2751,United Kingdom,420.82916666666665,229.25,0.016260162601626018,51,318,discovery,e2adc4988828,0,1.191812613774525,0.48004153172497754,High-value frequent customers
1,574.02,31,248,United Kingdom,574.02,248.0,0.0,291,0,discovery,02074174c571,3,0.8389861291047083,1.1962754363916377,Long-recency customers
8,694.4000000000001,8,104,United Kingdom,86.8,13.0,0.11538461538461539,61,308,discovery,cd9d3fcfa184,1,0.9902690660538055,0.6584323429880791,Established mid-value customers
1,205.3,12,37,United Kingdom,205.3,37.0,0.0,96,0,discovery,cf9162540a4a,3,0.7661873511258331,0.2721762112988294,Long-recency customers
1,310.47,19,175,United Kingdom,310.47,175.0,0.09523809523809523,275,0,discovery,a64d2f0352c5,3,0.3871152894428653,1.5164831200825832,Long-recency customers
2,570.5,35,862,United Kingdom,285.25,431.0,0.02631578947368421,65,52,discovery,ac7f0ed6dadd,1,0.7417056981433756,0.26935566072546013,Established mid-value customers
1,165.0,1,100,United Kingdom,165.0,100.0,0.0,327,0,discovery,9f423a7e727b,3,0.5337511702478667,1.6004199100177758,Long-recency customers
1,312.62,33,642,United Kingdom,312.62,642.0,0.0,4,0,discovery,b697aadf662b,2,1.232035660895431,1.317574836826251,Recent occasional customers
1,204.5,16,175,United Kingdom,204.5,175.0,0.0,284,0,discovery,afb6de5a2a6e,3,0.3374854950274927,1.6234633879994012,Long-recency customers
1,267.13,36,326,United Kingdom,267.13,326.0,0.0,45,0,discovery,18855c1e32fe,2,0.4909240913344004,0.865126505345978,Recent occasional customers
3,2748.31,83,1181,United Kingdom,916.1033333333334,393.6666666666667,0.09523809523809523,71,221,discovery,1efda740c076,1,0.719966179980711,0.9067202649747751,Established mid-value customers
1,679.68,42,416,United Kingdom,679.68,416.0,0.14285714285714285,86,0,discovery,2667a698d599,2,1.1395136094792722,0.10028171649907214,Recent occasional customers
1,161.74,47,231,United Kingdom,161.74,231.0,0.0,104,0,discovery,7afad1c479e3,3,0.766484529757102,0.41358228101613903,Long-recency customers
1,311.71,29,386,United Kingdom,311.71,386.0,0.0,334,0,discovery,7959b26d084c,3,0.5210655527820914,1.5701058807548471,Long-recency customers
1,208.75,10,116,United Kingdom,208.75,116.0,0.0,53,0,discovery,78c70da59718,2,0.6486834404843561,0.5822068326903603,Recent occasional customers
3,1049.7,51,486,United Kingdom,349.90000000000003,162.0,0.08064516129032258,40,132,discovery,bfc61aad7332,1,0.386204259674472,1.1127661489003253,Established mid-value customers
2,714.96,10,1312,United Kingdom,357.48,656.0,0.0,33,28,discovery,c54e6cd04779,1,0.8272486179298228,0.12557672930081498,Established mid-value customers
4,1661.06,29,652,Lithuania,415.265,163.0,0.0,367,3,discovery,cea4f5e3aba6,1,1.6108002768373122,0.7240834713566568,Established mid-value customers
1,1028.56,16,344,United Kingdom,1028.56,344.0,0.0,209,0,discovery,e177a6dfe4f8,3,1.2476142173192117,0.5851466418303293,Long-recency customers
1,170.22,34,79,United Kingdom,170.22,79.0,0.0,54,0,discovery,4e8293232f66,2,0.762095838850191,0.4828560630271197,Recent occasional customers
2,574.07,77,416,United Kingdom,287.03499999999997,208.0,0.022727272727272728,67,252,discovery,9f4860f954d9,1,0.7384981437830853,0.2897715356693811,Established mid-value customers
1,406.09,24,283,United Kingdom,406.09,283.0,0.07692307692307693,130,0,discovery,d75468ae66ab,3,0.7022668477288078,0.5598779055503499,Long-recency customers
1,364.5,21,84,United Kingdom,364.5,84.0,0.0,88,0,discovery,7c3823d80bc4,3,0.9157878169245316,0.02195167783511598,Long-recency customers
3,563.94,21,116,United Kingdom,187.98,38.666666666666664,0.1875,1,74,discovery,00f16bca76a1,0,1.8527069172851998,0.23574637678859078,High-value frequent customers
1,393.54,20,81,United Kingdom,393.54,81.0,0.13043478260869565,46,0,discovery,9c5232551d35,2,0.5513165908805376,0.8583459951966871,Recent occasional customers
1,252.42000000000002,17,144,United Kingdom,252.42000000000002,144.0,0.0,333,0,discovery,9093ae65348d,3,0.45682618556163174,1.6354563816495125,Long-recency customers
1,201.60000000000002,5,130,United Kingdom,201.60000000000002,130.0,0.0,367,0,discovery,f203edcf55e4,3,0.5553134807712523,1.6542153595922324,Long-recency customers
1,158.04,9,84,United Kingdom,158.04,84.0,0.0,73,0,discovery,8bd70e515411,2,0.961563936911738,0.07683463193663387,Recent occasional customers
2,463.90999999999997,65,321,United Kingdom,231.95499999999998,160.5,0.0,159,29,discovery,7c3197a2024c,3,1.0174614743743482,0.12278150724027603,Long-recency customers
7,1934.66,157,742,United Kingdom,276.38,106.0,0.03524229074889868,13,357,discovery,66a563061d62,0,0.35055890868736816,1.1378418917413062,High-value frequent customers
2,277.05,9,45,United Kingdom,138.525,22.5,0.0,30,24,discovery,bdae6b3abc13,2,0.602465570029426,0.7588364916811848,Recent occasional customers
22,8347.2,292,7050,United Kingdom,379.41818181818184,320.45454545454544,0.01607142857142857,5,361,discovery,4f0cfe601c82,0,1.0130753934471235,1.6754642321421973,High-value frequent customers
1,418.92,7,336,United Kingdom,418.92,336.0,0.0,362,0,discovery,fc0c5283ac04,3,0.7323046489062507,1.457970370505031,Long-recency customers
2,913.19,29,493,United Kingdom,456.595,246.5,0.0,96,159,discovery,95ba100dfd66,1,0.6546774354827388,0.7811379326706233,Established mid-value customers
7,2314.32,65,1084,United Kingdom,330.6171428571429,154.85714285714286,0.24503311258278146,26,290,discovery,f49e774c9dfc,0,0.6242742869360277,0.6085079404864283,High-value frequent customers
2,602.51,37,621,United Kingdom,301.255,310.5,0.0,76,283,discovery,99b003d6e31a,1,0.7231538299071575,0.390135981924676,Established mid-value customers
4,1877.59,91,1057,United Kingdom,469.39750000000004,264.25,0.010416666666666666,58,218,discovery,6c1a0ece86c2,1,0.5388324290029377,0.8230004030168071,Established mid-value customers
1,446.94000000000005,4,230,United Kingdom,446.94000000000005,230.0,0.0,22,0,discovery,5967f8e457b3,2,0.5471972112757433,1.316083973088643,Recent occasional customers
7,2386.05,65,830,United Kingdom,340.86428571428576,118.57142857142857,0.010526315789473684,41,292,discovery,215e6dd8c8d4,0,0.9366548341060347,0.15882986717884562,High-value frequent customers
1,2007.3999999999999,27,2924,United Kingdom,2007.3999999999999,2924.0,0.0,138,0,discovery,0565532fb0a2,1,1.7291702316433935,0.06321429686640045,Established mid-value customers
3,1221.56,100,615,United Kingdom,407.18666666666667,205.0,0.0,41,182,discovery,f46e4ce5f33c,1,0.388099678709544,1.0657438395309198,Established mid-value customers
7,3703.29,145,2305,United Kingdom,529.0414285714286,329.2857142857143,0.01020408163265306,170,189,discovery,d608d4efe281,1,1.480405376350124,0.6185282683668152,Established mid-value customers
5,1690.2600000000002,22,376,United Kingdom,338.052,75.2,0.02702702702702703,9,357,discovery,7ea095940489,0,0.5468167136917952,0.9579323275347178,High-value frequent customers
2,596.85,8,171,United Kingdom,298.42499999999995,85.5,0.0,214,55,discovery,95c9c7397c4d,3,1.1128252202417368,0.13529228476153898,Long-recency customers
6,5955.71,193,4012,United Kingdom,992.6183333333333,668.6666666666666,0.013071895424836602,15,281,discovery,ff2c6d482e10,0,0.5386110837400374,1.2324774652242403,High-value frequent customers
2,642.41,34,596,United Kingdom,321.205,298.0,0.046511627906976744,170,190,discovery,a81d1a8419d6,1,1.058549430614236,0.12088096193887243,Established mid-value customers
1,316.88,12,161,United Kingdom,316.88,161.0,0.0,41,0,discovery,88aa5e5c09b9,2,0.4452056713236142,0.9998837306003444,Recent occasional customers
1,394.14,31,446,United Kingdom,394.14,446.0,0.0,187,0,discovery,68f921ea69cd,3,0.5174689113158621,1.0493339190822442,Long-recency customers
1,140.54,10,88,Canada,140.54,88.0,0.0,271,0,discovery,3e1191beaf7a,3,0.5377194110681885,1.465910980511985,Long-recency customers
1,500.0,1,400,United Kingdom,500.0,400.0,0.0,173,0,discovery,55c1e18f5525,3,0.7173559030460849,0.8264240669648432,Long-recency customers
4,1535.53,74,1277,United Kingdom,383.8825,319.25,0.011764705882352941,5,356,discovery,9d3eab6632fd,0,0.8507823637463898,0.8749277212450846,High-value frequent customers
2,231.86,10,150,United Kingdom,115.93,75.0,0.0,17,265,discovery,176e878d91b4,2,0.7356235471038666,0.9439951191325995,Recent occasional customers
4,2183.54,54,910,United Kingdom,545.885,227.5,0.0,10,349,discovery,e2dc8a3629ec,0,0.6221677734054375,0.8217172675740944,High-value frequent customers
1,107.45,7,17,United Kingdom,107.45,17.0,0.0,326,0,discovery,b717e8fed382,3,0.8306813393814421,1.431590867197306,Long-recency customers
1,288.18,14,122,United Kingdom,288.18,122.0,0.0,113,0,discovery,9ddca5e870f2,3,0.6528268298313842,0.46447872182158845,Long-recency customers
1,94.0,6,20,United Kingdom,94.0,20.0,0.0,290,0,discovery,d6eb33f5b958,3,0.9011895443959117,1.3156133734997655,Long-recency customers
3,815.77,45,611,United Kingdom,271.92333333333335,203.66666666666666,0.0,2,78,discovery,e824c39d48df,0,1.5452895614503648,0.48013379964437686,High-value frequent customers
2,626.77,35,694,United Kingdom,313.385,347.0,0.0,149,48,discovery,428215a8e477,1,0.9788848750648308,0.2155166562075138,Established mid-value customers
1,349.1,8,193,United Kingdom,349.1,193.0,0.0,190,0,discovery,e26219f87ab2,3,0.4245163009233075,1.1435983211991556,Long-recency customers
2,510.71000000000004,51,254,United Kingdom,255.35500000000002,127.0,0.08620689655172414,32,270,discovery,bf963fb2512f,2,0.7598676919089635,0.21122043513774713,Recent occasional customers
4,1046.74,142,552,United Kingdom,261.685,138.0,0.0,34,272,discovery,1e77b63aa1ef,1,0.5798688590928898,0.6664843724229619,Established mid-value customers
1,267.18,34,106,United Kingdom,267.18,106.0,0.0,265,0,discovery,92b974d301ae,3,0.2941618443315629,1.575913746496771,Long-recency customers
8,3450.84,48,1200,United Kingdom,431.355,150.0,0.0,85,177,discovery,2b9732bf9d18,1,1.2975738277840616,0.19968916850978569,Established mid-value customers
1,190.53,10,108,United Kingdom,190.53,108.0,0.0,172,0,discovery,de5c3e581a1f,3,0.3455945477564158,1.1779291194889565,Long-recency customers
3,774.9000000000001,37,443,United Kingdom,258.3,147.66666666666666,0.0,10,233,discovery,7995a3744108,1,1.3230602180891446,0.03989146399149357,Established mid-value customers
1,559.61,46,551,United Kingdom,559.61,551.0,0.0,314,0,discovery,4c774b8cd049,3,0.8478574444592909,1.252642308293228,Long-recency customers
1,508.8,28,284,United Kingdom,508.8,284.0,0.0,86,0,discovery,b52c8a935ad6,2,1.0130922952222883,0.0666935190233997,Recent occasional customers
1,135.86,8,230,United Kingdom,135.86,230.0,0.0,25,0,discovery,4015f0f7f56c,2,0.7980426821797616,1.039294967694678,Recent occasional customers
2,97.7,6,38,United Kingdom,48.85,19.0,0.0,324,0,discovery,9a0ed8734864,3,1.1753834099227953,1.1680901354832112,Long-recency customers
1,43.5,2,101,United Kingdom,43.5,101.0,0.0,39,0,discovery,684035d9b089,2,1.8596716154733157,0.3046422377690081,Recent occasional customers
2,383.34,17,554,United Kingdom,191.67000000000002,277.0,0.0,255,0,discovery,ca10be32a22b,3,0.8978612800493988,0.6456532672777697,Long-recency customers
5,1404.07,217,656,United Kingdom,280.81399999999996,131.2,0.028268551236749116,20,350,discovery,668b494fe449,0,0.7745759588963083,0.26576799570916354,High-value frequent customers
3,1430.54,233,967,United Kingdom,476.84666666666664,322.3333333333333,0.0,34,14,discovery,bd3ea59cb0f5,1,0.5597471479586421,0.7580679400828297,Established mid-value customers
1,93.78,6,102,United Kingdom,93.78,102.0,0.0,16,0,discovery,a54b80f96863,2,1.1848223228544497,1.0447650537804078,Recent occasional customers
1,171.19,10,65,United Kingdom,171.19,65.0,0.0,24,0,discovery,e3869f98bb19,2,0.6257802780884387,1.1942092069866403,Recent occasional customers
2,533.3,40,534,United Kingdom,266.65,267.0,0.22641509433962265,214,54,discovery,31fdf7ad6210,3,1.0486231376418444,0.23475601226890208,Long-recency customers
1,149.29,29,54,United Kingdom,149.29,54.0,0.0,23,0,discovery,7bde5852028a,2,0.733748700579691,1.1376088454128723,Recent occasional customers
3,1067.75,243,574,United Kingdom,355.9166666666667,191.33333333333334,0.0,13,222,discovery,1ef3ac7bce82,1,1.1463927948825616,0.05035492814475995,Established mid-value customers
1,200.16,44,79,United Kingdom,200.16,79.0,0.0,263,0,discovery,f1ce55c1930e,3,0.2950163277630696,1.5974187036659093,Long-recency customers
1,156.57999999999998,25,59,United Kingdom,156.57999999999998,59.0,0.0,132,0,discovery,497a5af64719,3,0.6135616658121673,0.7550419945062615,Long-recency customers
3,383.68,50,197,United Kingdom,127.89333333333333,65.66666666666667,0.0,55,154,discovery,175ef59e7821,1,0.8194967941238571,0.4175232678796461,Established mid-value customers
1,594.0,2,120,United Kingdom,594.0,120.0,0.0,249,0,discovery,ab43f2319c35,3,0.8292893291299497,1.0727603400839751,Long-recency customers
7,3213.59,237,1639,United Kingdom,459.0842857142857,234.14285714285714,0.008,2,319,discovery,4606afad208c,0,0.7838557550649061,1.5918542124314579,High-value frequent customers
2,1411.21,191,759,United Kingdom,705.605,379.5,0.0,10,31,discovery,4d5289c29f5d,1,1.4398365993262752,0.09787248344951749,Established mid-value customers
1,113.5,5,58,United Kingdom,113.5,58.0,0.0,265,0,discovery,4fa01426a2b9,3,0.7098756597099791,1.3497706161319647,Long-recency customers
1,155.17,9,85,United Kingdom,155.17,85.0,0.0,331,0,discovery,d2b269d5c4be,3,0.5765980000086735,1.5834301552249623,Long-recency customers
1,494.64,28,232,United Kingdom,494.64,232.0,0.0,313,0,discovery,53d340fca385,3,0.7584104072289751,1.3154017029685012,Long-recency customers
3,974.52,47,812,United Kingdom,324.84,270.6666666666667,0.03225806451612903,27,235,discovery,6da17fde8b60,1,0.6695207883781337,0.7122491518419357,Established mid-value customers
1,429.84,30,376,United Kingdom,429.84,376.0,0.0,31,0,discovery,d818813927ae,2,0.4892730907970315,1.2164449349661206,Recent occasional customers
3,528.48,47,280,United Kingdom,176.16,93.33333333333333,0.0,30,235,discovery,92b12988bb4a,1,0.8017408172350228,0.42487455604291247,Established mid-value customers
7,1371.77,169,837,United Kingdom,195.96714285714285,119.57142857142857,0.0,2,186,discovery,a45e4aeb2a96,0,0.9700720643855637,1.2676918962356276,High-value frequent customers
1,179.1,23,86,United Kingdom,179.1,86.0,0.0,363,0,discovery,43eaf635d941,3,0.5797735573965251,1.6379622389025612,Long-recency customers
3,434.59000000000003,48,633,United Kingdom,144.86333333333332,211.0,0.0,284,76,discovery,11bd9bb04ae5,3,1.426752834399146,0.04280453178171428,Long-recency customers
1,237.07,56,132,United Kingdom,237.07,132.0,0.0,263,0,discovery,3f9d5c3c5bd9,3,0.26323981102281757,1.6076199618621136,Long-recency customers
1,161.64,7,156,United Kingdom,161.64,156.0,0.0,26,0,discovery,626a7122f4e6,2,0.6580028123447831,1.1168356074936745,Recent occasional customers
1,214.26,53,107,United Kingdom,214.26,107.0,0.0,355,0,discovery,02d8135acffd,3,0.5146439228086847,1.6545620072140665,Long-recency customers
3,234.6,9,172,United Kingdom,78.2,57.333333333333336,0.0,95,93,discovery,944ca3a8b11a,1,1.2688440606038396,0.18969578121687625,Established mid-value customers
1,126.14,7,106,United Kingdom,126.14,106.0,0.0,30,0,discovery,2f9211285316,2,0.8522157271482261,0.8844978772645028,Recent occasional customers
1,334.53,56,246,United Kingdom,334.53,246.0,0.0,86,0,discovery,5fd3f4fa5a71,3,0.9043688700290458,0.004773119656394265,Long-recency customers
3,524.88,41,310,United Kingdom,174.96,103.33333333333333,0.018867924528301886,10,143,discovery,8ea213f970ac,2,1.4076445667282025,0.004453608573462775,Recent occasional customers
2,538.55,24,153,United Kingdom,269.275,76.5,0.1111111111111111,51,70,discovery,b9cb98c8956a,1,0.7982765371623796,0.08591931421019539,Established mid-value customers
1,454.48,67,256,United Kingdom,454.48,256.0,0.0,3,0,discovery,d93c4b1e4641,2,1.4015437282907217,1.137700570267795,Recent occasional customers
1,371.56,76,251,United Kingdom,371.56,251.0,0.0,114,0,discovery,217217cc2c0a,3,0.7396834617381504,0.4015947604300175,Long-recency customers
7,1771.2,4,672,United Kingdom,253.02857142857144,96.0,0.21428571428571427,15,46,discovery,e86706ec9136,0,0.4484246264150124,0.9528670757558659,High-value frequent customers
1,454.10999999999996,29,319,United Kingdom,454.10999999999996,319.0,0.0,78,0,discovery,0aeae53048c1,2,0.9070251483440401,0.18259709128914792,Recent occasional customers
2,1399.92,34,575,United Kingdom,699.96,287.5,0.0,41,16,discovery,b9dead108c07,1,0.712755320559232,0.6998630681332109,Established mid-value customers
1,905.5,45,303,Malta,905.5,303.0,0.0,117,0,discovery,d8738f94b8ce,3,1.280129436010093,0.19054647246888323,Long-recency customers
12,10879.76,46,5004,United Kingdom,906.6466666666666,417.0,0.23015873015873015,16,343,discovery,30fd63e5226e,0,0.9469791589883032,1.3196507455697195,High-value frequent customers
4,225.26,74,291,United Kingdom,56.315,72.75,0.0,162,105,discovery,2d5af2fe11c8,1,1.508782371196196,0.14556856455534195,Established mid-value customers
4,3590.41,135,3150,United Kingdom,897.6025,787.5,0.005319148936170213,2,77,discovery,d8ef03eaf884,0,0.9789728715354712,1.2953212934409377,High-value frequent customers
3,2564.5,59,1281,United Kingdom,854.8333333333334,427.0,0.0,31,343,discovery,d916ddcb5f8c,1,0.8779318790216997,0.287205526171721,Established mid-value customers
1,91.32000000000001,2,73,United Kingdom,91.32000000000001,73.0,0.0,93,0,discovery,112b0f2211dc,3,1.167286509476388,0.27582380111349614,Long-recency customers
3,1134.28,47,608,United Kingdom,378.0933333333333,202.66666666666666,0.09090909090909091,23,189,discovery,08b13b5a8cc3,1,0.7806476114888401,0.4855821639778082,Established mid-value customers
6,3100.09,108,1646,United Kingdom,516.6816666666667,274.3333333333333,0.0064516129032258064,96,140,discovery,5198835c7ddb,1,1.1038875366683547,0.49974390620449705,Established mid-value customers
5,1953.41,177,551,United Kingdom,390.68199999999996,110.2,0.006872852233676976,33,238,discovery,0b8cbb6297c0,1,0.8776227397700688,0.014773174882601992,Established mid-value customers
2,1280.58,120,1139,United Kingdom,640.2900000000001,569.5,0.0,22,100,discovery,9d2b0060ca73,1,0.9996571183557149,0.3466123102596127,Established mid-value customers
2,1262.2,13,624,United Kingdom,631.1,312.0,0.0625,18,302,discovery,18a205ad7fbd,1,1.108209367474757,0.25457246916864906,Established mid-value customers
4,1131.56,64,572,United Kingdom,282.89,143.0,0.0,9,73,discovery,22568843712a,0,0.9251904313535652,0.4695609861916644,High-value frequent customers
12,10384.93,164,4236,United Kingdom,865.4108333333334,353.0,0.15476190476190477,16,354,discovery,c2d0de88f77a,0,0.921630234773205,1.3245143493846439,High-value frequent customers
1,141.04,66,70,United Kingdom,141.04,70.0,0.0,363,0,discovery,8d0cefeebaaa,3,0.6979813100873541,1.573922171969934,Long-recency customers
1,52.83,13,33,United Kingdom,52.83,33.0,0.0,82,0,discovery,6410f142cb96,3,1.6598956937784195,0.17246475509064663,Long-recency customers
5,3610.96,90,2390,United Kingdom,722.192,478.0,0.020202020202020204,53,103,discovery,8db9913ee5d0,1,1.0590982529938175,0.11448756694913964,Established mid-value customers
1,475.86,41,160,United Kingdom,475.86,160.0,0.0,172,0,discovery,252763174ce4,3,0.6818252067259233,0.8457092307468054,Long-recency customers
6,1000.27,78,440,United Kingdom,166.71166666666667,73.33333333333333,0.0,190,46,discovery,89dfef61a5a8,1,1.1453544236832767,1.2027137608457097,Established mid-value customers
5,900.53,117,269,United Kingdom,180.106,53.8,0.0,12,74,discovery,b36cc7e05fb2,0,0.963817237949677,0.3441956493116043,High-value frequent customers
2,121.0,7,68,United Kingdom,60.5,34.0,0.0,156,204,discovery,431edf0af701,3,1.0248474414665012,0.648849209973926,Long-recency customers
19,14758.220000000001,183,5709,United Kingdom,776.7484210526317,300.4736842105263,0.01910828025477707,34,340,discovery,3947cd44f533,0,1.4163785212165172,0.9571081371252952,High-value frequent customers
11,4023.7200000000003,96,2098,United Kingdom,365.7927272727273,190.72727272727272,0.15736040609137056,13,352,discovery,19e0d3238bf5,0,0.3796850368871115,1.522179210571823,High-value frequent customers
3,62.43,15,27,United Kingdom,20.81,9.0,0.0,45,2,discovery,97dce5b688ce,2,1.8588268627108593,0.3770796991319876,Recent occasional customers
8,1921.55,135,1263,United Kingdom,240.19375,157.875,0.027777777777777776,65,268,discovery,352a9d2d326f,1,1.0431883928881187,0.27448414133453736,Established mid-value customers
1,343.5,18,314,United Kingdom,343.5,314.0,0.0,2,0,discovery,5a29351003d1,2,1.511668001211078,1.217468205511872,Recent occasional customers
1,412.01000000000005,10,132,United Kingdom,412.01000000000005,132.0,0.0,85,0,discovery,f20a7730ba4b,2,0.9379872447454457,0.05066001156913158,Recent occasional customers
1,440.0,1,4,United Kingdom,440.0,4.0,0.0,25,0,discovery,b17365a222a8,2,0.5131319994910817,1.3190302514748142,Recent occasional customers
3,734.37,133,387,United Kingdom,244.79,129.0,0.012658227848101266,3,371,discovery,bdf50febf0b1,0,1.5278349817896946,0.3513103722842874,High-value frequent customers
2,148.44,4,24,United Kingdom,74.22,12.0,0.0,34,0,discovery,e7e3949208d7,2,0.866598488238964,0.9067285242910931,Recent occasional customers
8,2428.53,127,991,United Kingdom,303.56625,123.875,0.01818181818181818,19,336,discovery,eb907a1eeedb,0,0.4180411920187364,1.0273072776136016,High-value frequent customers
1,229.33,26,123,United Kingdom,229.33,123.0,0.0,255,0,discovery,e2288c6cd15d,3,0.24418104916415095,1.6010565462542143,Long-recency customers
11,3962.6,415,3455,United Kingdom,360.23636363636365,314.09090909090907,0.0030120481927710845,23,344,discovery,86662eb49f32,0,0.6164263325301351,1.0829836310576313,High-value frequent customers
4,1497.31,90,938,United Kingdom,374.3275,234.5,0.0,22,225,discovery,229c2b39224d,1,0.9004130404521032,0.00545046092066781,Established mid-value customers
4,1564.73,205,515,United Kingdom,391.1825,128.75,0.027131782945736434,26,333,discovery,bf9bbdcfa2f2,1,0.8116597623979619,0.14276310066290365,Established mid-value customers
4,502.9,55,135,United Kingdom,125.725,33.75,0.04,174,154,discovery,098b7b27cfe8,1,1.0522488348659116,0.7197868732869332,Established mid-value customers
1,110.92,24,29,United Kingdom,110.92,29.0,0.0,164,0,discovery,9120a1a7f1d2,3,0.7549551511717268,0.9301354293483798,Long-recency customers
1,213.3,15,200,United Kingdom,213.3,200.0,0.0,12,0,discovery,f69764c91cac,2,0.7500029049380236,1.4947500919253507,Recent occasional customers
1,85.13000000000001,29,49,United Kingdom,85.13000000000001,49.0,0.0,115,0,discovery,d7541844859a,3,1.115000597323099,0.4931665903536093,Long-recency customers
1,127.86,26,86,United Kingdom,127.86,86.0,0.0,289,0,discovery,b8feb7d214d2,3,0.6379347479381233,1.453793809440509,Long-recency customers
9,3546.71,122,3109,United Kingdom,394.0788888888889,345.44444444444446,0.007662835249042145,10,363,discovery,b08899f9df2c,0,0.19232209568681,1.6897757964950262,High-value frequent customers
2,288.96999999999997,78,162,United Kingdom,144.485,81.0,0.0,55,317,discovery,a9e30fc34278,2,0.7594165786093148,0.4423824827287066,Recent occasional customers
3,1681.46,104,694,United Kingdom,560.4866666666667,231.33333333333334,0.008695652173913044,78,239,discovery,5af3554225b8,1,0.38982343382641765,1.350963654575755,Established mid-value customers
4,575.63,43,295,United Kingdom,143.9075,73.75,0.0,5,297,discovery,c0603f8348c0,0,1.43335427524112,0.33033020320541406,High-value frequent customers
1,90.12,17,60,United Kingdom,90.12,60.0,0.0,218,0,discovery,92220a1d28df,3,0.8992339026425201,1.1074231237814445,Long-recency customers
1,217.2,14,74,United Kingdom,217.2,74.0,0.0,278,0,discovery,ea8c7a24579d,3,0.3073400465690656,1.6252238559104426,Long-recency customers
16,4794.86,401,4427,United Kingdom,299.67875,276.6875,0.028477546549835708,13,357,discovery,4af6d626ba46,0,0.6115692740888732,1.4860387548471472,High-value frequent customers
1,279.77,31,236,United Kingdom,279.77,236.0,0.0,25,0,discovery,10d136d4c366,2,0.388220498639009,1.3903295870162902,Recent occasional customers
1,468.91,16,213,United Kingdom,468.91,213.0,0.0,29,0,discovery,fbe1216126c0,2,0.5381613213216682,1.2355476098406695,Recent occasional customers
4,800.59,27,267,United Kingdom,200.1475,66.75,0.12903225806451613,12,204,discovery,beb25b65aced,0,1.1479323402862665,0.09748997163247664,High-value frequent customers
1,134.55,1,39,United Kingdom,134.55,39.0,0.0,352,0,discovery,54627ac65ad1,3,0.7066690738276824,1.5495127449201505,Long-recency customers
4,1400.44,88,1501,United Kingdom,350.11,375.25,0.03418803418803419,23,336,discovery,7879872b1635,1,0.8590639440461069,0.09148623518170906,Established mid-value customers
2,173.16,8,60,United Kingdom,86.58000000000001,30.0,0.0,51,20,discovery,06a012b5a108,2,0.8668932718706797,0.6190650489815686,Recent occasional customers
1,186.01,7,223,United Kingdom,186.01,223.0,0.0,19,0,discovery,de0a7783e665,2,0.6264104667335139,1.3386133742926027,Recent occasional customers
5,1375.71,27,666,United Kingdom,275.142,133.2,0.0,104,229,discovery,218b2df896df,1,0.6778963004190136,1.1128265652396734,Established mid-value customers
12,4148.82,231,2063,United Kingdom,345.73500000000007,171.91666666666666,0.02147239263803681,8,362,discovery,6ea7163c2050,0,0.43363053457655754,1.6916207393683296,High-value frequent customers
7,2533.42,166,1213,United Kingdom,361.9171428571429,173.28571428571428,0.0,5,274,discovery,3219a6ec2fe0,0,0.4109338019491254,1.5710156958170982,High-value frequent customers
2,591.1899999999999,88,355,United Kingdom,295.59499999999997,177.5,0.0,32,54,discovery,dedb88172470,2,0.8382511768673362,0.06811442174561488,Recent occasional customers
4,675.64,131,332,United Kingdom,168.91,83.0,0.0,178,195,discovery,2c665398c40f,1,0.9597592402326733,0.9129582149636022,Established mid-value customers
1,921.37,43,394,United Kingdom,921.37,394.0,0.0,38,0,discovery,8bee6dd75c67,2,1.023035726580679,0.5733797045614641,Recent occasional customers
3,258.88,39,89,United Kingdom,86.29333333333334,29.666666666666668,0.0,152,154,discovery,57328db73c8d,3,1.3428361981009942,0.0038763273603366066,Long-recency customers
2,327.6,45,117,United Kingdom,163.8,58.5,0.0,69,245,discovery,5e39da45e2d0,2,0.8848812265761158,0.2149899610307514,Recent occasional customers
3,682.9100000000001,39,453,United Kingdom,227.63666666666668,151.0,0.0,25,196,discovery,e02a84a8700f,1,0.7930171252174222,0.5353755595752056,Established mid-value customers
4,720.86,89,313,United Kingdom,180.215,78.25,0.016129032258064516,24,139,discovery,3e08cd9f7990,1,0.8514377195509375,0.4792883346075614,Established mid-value customers
4,913.6800000000001,3,312,United Kingdom,228.42,78.0,0.0,51,301,discovery,f20f58be5e6b,1,0.36579535041043143,1.1487095274768977,Established mid-value customers
3,478.53000000000003,28,243,United Kingdom,159.51,81.0,0.03333333333333333,256,55,discovery,82c140cc1612,1,1.3433309268357372,0.10181444336355572,Established mid-value customers
1,388.58,24,354,United Kingdom,388.58,354.0,0.0,47,0,discovery,e0f43190b8da,2,0.5565826694076519,0.8343689013864275,Recent occasional customers
1,199.8,5,60,United Kingdom,199.8,60.0,0.0,71,0,discovery,2d2ad6fbf56d,2,0.8374342888234422,0.17174465877557255,Recent occasional customers
5,1771.78,85,983,United Kingdom,354.356,196.6,0.009615384615384616,16,219,discovery,e5ff920d028b,0,0.5818519296167178,0.6283355697661223,High-value frequent customers
5,1406.59,51,561,United Kingdom,281.318,112.2,0.08333333333333333,101,265,discovery,85641da908fa,1,0.6699744408256282,1.0924243207047684,Established mid-value customers
1,324.57,22,279,United Kingdom,324.57,279.0,0.043478260869565216,36,0,discovery,589a1b3388fa,2,0.40482837792701093,1.1373767727327924,Recent occasional customers
1,240.68,14,160,United Kingdom,240.68,160.0,0.125,54,0,discovery,9a8cfe1c0f63,2,0.6099164072398969,0.6032835485780771,Recent occasional customers
2,761.74,50,718,United Kingdom,380.87,359.0,0.0,27,178,discovery,bf6b43aece72,1,0.9090604529300312,0.08148998947808084,Established mid-value customers
14,6776.56,230,4983,United Kingdom,484.04,355.92857142857144,0.00966183574879227,12,361,discovery,a38a0b61544e,0,0.700178519459233,1.508004018131854,High-value frequent customers
9,1297.8700000000001,30,1137,United Kingdom,144.20777777777778,126.33333333333333,0.12962962962962962,9,360,discovery,778579aeb06d,0,0.6391879001616692,1.0739505403686211,High-value frequent customers
1,216.39,17,159,United Kingdom,216.39,159.0,0.0,53,0,discovery,27284f7986ff,2,0.6341215785886356,0.5946657338873278,Recent occasional customers
9,2920.16,48,892,United Kingdom,324.4622222222222,99.11111111111111,0.15384615384615385,62,263,discovery,3d8ec79b1429,0,1.2481280462116837,0.027226299743548843,High-value frequent customers
1,104.76,13,202,United Kingdom,104.76,202.0,0.0,337,0,discovery,472389cf1955,3,0.8667922559935753,1.4349448628196857,Long-recency customers
4,1093.68,59,714,United Kingdom,273.42,178.5,0.0,29,92,discovery,25313b30d42e,1,0.6817458508442289,0.47452413541509797,Established mid-value customers
1,298.48,16,148,United Kingdom,298.48,148.0,0.1111111111111111,185,0,discovery,ee49674e4b2a,3,0.33185208278995415,1.2058712894813008,Long-recency customers
1,112.46000000000001,6,66,United Kingdom,112.46000000000001,66.0,0.0,52,0,discovery,e1722b83f21e,2,1.0402108241651664,0.36883534429500964,Recent occasional customers
13,1591.45,23,504,United Kingdom,122.41923076923078,38.76923076923077,0.044444444444444446,10,325,discovery,db7a56384bfe,0,0.6081309383860583,1.2332265100632047,High-value frequent customers
2,195.15,4,52,United Kingdom,97.575,26.0,0.0,37,25,discovery,36e3b8652e4b,2,0.7225555704765975,0.8486567980137233,Recent occasional customers
23,10399.74,184,5508,United Kingdom,452.1626086956522,239.47826086956522,0.013986013986013986,11,349,discovery,a41eed571186,0,1.0503920286745192,1.488766876956277,High-value frequent customers
4,776.851,39,454,United Kingdom,194.21275,113.5,0.08163265306122448,33,104,discovery,28826433c5d7,1,0.6404511484649245,0.751465224078347,Established mid-value customers
1,336.40000000000003,3,136,United Kingdom,336.40000000000003,136.0,0.0,11,0,discovery,5d09ab3f665e,2,0.7458128902734223,1.4354250119860748,Recent occasional customers
3,1553.18,92,915,United Kingdom,517.7266666666666,305.0,0.038461538461538464,57,302,discovery,bbc5543e0f65,1,0.32754768454066757,1.2324091713232181,Established mid-value customers
4,1293.03,11,501,United Kingdom,323.2575,125.25,0.1111111111111111,5,17,discovery,a38c3500d203,0,0.9307425217733621,0.777647774802419,High-value frequent customers
9,3709.56,169,1674,United Kingdom,412.17333333333335,186.0,0.13551401869158877,44,239,discovery,a5d08d24e240,0,0.9960282564074816,0.41818552066968784,High-value frequent customers
4,588.13,26,357,United Kingdom,147.0325,89.25,0.0,117,140,discovery,2b187aab0e81,1,0.7175026560309814,1.1796448370026609,Established mid-value customers
4,1534.26,44,1188,United Kingdom,383.56499999999994,297.0,0.058823529411764705,104,132,discovery,e306684c3964,1,0.5585272075460178,1.2676587361170504,Established mid-value customers
2,675.8,49,766,United Kingdom,337.9,383.0,0.0,75,255,discovery,773e505b3d60,1,0.6701928177103806,0.48886836427376235,Established mid-value customers
9,2870.2400000000002,85,1894,United Kingdom,318.91555555555556,210.44444444444446,0.012738853503184714,5,362,discovery,ad7e491526d1,0,0.42183232724924136,1.6789390224109737,High-value frequent customers
2,1186.35,57,800,United Kingdom,593.175,400.0,0.01639344262295082,46,159,discovery,d55116ab0e26,1,0.6414375813970787,0.6800263188446003,Established mid-value customers
8,3285.31,107,2109,United Kingdom,410.66375,263.625,0.05649717514124294,16,259,discovery,311c5eb5dfe4,0,0.2849457192152903,1.3318053768432585,High-value frequent customers
1,243.55,15,99,United Kingdom,243.55,99.0,0.0,18,0,discovery,5361e4b75669,2,0.524268304334583,1.466127484291363,Recent occasional customers
2,724.76,20,284,United Kingdom,362.38,142.0,0.0,90,193,discovery,066b379e0763,1,0.6842143488717967,0.6041622404283886,Established mid-value customers
1,223.36,15,128,United Kingdom,223.36,128.0,0.0,53,0,discovery,2ac2906d18e1,2,0.6224089301143261,0.6052219493225783,Recent occasional customers
1,425.32,25,323,United Kingdom,425.32,323.0,0.0,135,0,discovery,ce0d30fbb8c6,3,0.7084851961529883,0.5933398178595708,Long-recency customers
15,12416.11,240,6572,United Kingdom,827.7406666666667,438.1333333333333,0.0205761316872428,5,368,discovery,f4b673b43fa4,0,1.1047456480963889,1.6344266872294115,High-value frequent customers
4,1887.2,102,1562,United Kingdom,471.80000000000007,390.5,0.0,106,254,discovery,29bf420cd673,1,0.66137579865924,1.1450593036437202,Established mid-value customers
3,664.0,31,246,United Kingdom,221.33333333333334,82.0,0.08333333333333333,192,91,discovery,c86a239a6b24,1,0.9860133912464741,0.5899556497288225,Established mid-value customers
4,803.54,166,550,United Kingdom,200.885,137.5,0.0,167,95,discovery,b2ea6cae8fea,1,0.8667067087323302,1.0827677285362687,Established mid-value customers
1,612.01,50,256,United Kingdom,612.01,256.0,0.0,19,0,discovery,57657cc554fc,2,0.7725095075909577,1.0592085748495252,Recent occasional customers
3,447.64000000000004,35,394,United Kingdom,149.21333333333334,131.33333333333334,0.027777777777777776,158,215,discovery,3d8467ff613d,1,1.0048017389104575,0.44079667633378783,Established mid-value customers
2,639.5,23,218,United Kingdom,319.75,109.0,0.1111111111111111,205,63,discovery,94799ba1f4c9,3,1.1550946702257323,0.04134022050338548,Long-recency customers
2,816.0,1,192,United Kingdom,408.0,96.0,0.0,337,31,discovery,98d655382f3e,3,1.3699270151005318,0.20759426329596553,Long-recency customers
3,646.3,27,479,United Kingdom,215.4333333333333,159.66666666666666,0.0,37,224,discovery,21f0451ff659,1,0.580479829865079,0.7309333059282489,Established mid-value customers
1,337.74,21,208,United Kingdom,337.74,208.0,0.0,92,0,discovery,f0a8517fe874,3,0.8566395458630278,0.10458555549363513,Long-recency customers
2,877.4399999999999,4,1200,United Kingdom,438.71999999999997,600.0,0.0,93,23,discovery,97f0a1d4aaf2,1,0.6481845942624533,0.750542481397908,Established mid-value customers
2,922.53,15,475,United Kingdom,461.265,237.5,0.0,10,17,discovery,85850e6a4abb,2,1.3115188467780423,0.11246091219409093,Recent occasional customers
1,560.67,34,324,United Kingdom,560.67,324.0,0.08108108108108109,244,0,discovery,15e1e50c1048,3,0.7813771403771402,1.0885239245912057,Long-recency customers
4,748.5,46,343,United Kingdom,187.125,85.75,0.0,46,239,discovery,e1b9460d851e,1,0.47713516704870146,1.0822417012107952,Established mid-value customers
1,30.0,1,24,United Kingdom,30.0,24.0,0.0,23,0,discovery,46b1ceb96b15,2,2.2324806636610024,0.466043366326244,Recent occasional customers
2,309.8,4,236,United Kingdom,154.89999999999998,118.0,0.0,318,21,discovery,2b8253394677,3,0.8891103373520597,0.918118644213934,Long-recency customers
1,138.14,9,106,United Kingdom,138.14,106.0,0.0,107,0,discovery,91551b51b1b0,3,0.8200610079530768,0.45216785246384195,Long-recency customers
1,386.43,17,157,United Kingdom,386.43,157.0,0.10526315789473684,51,0,discovery,b22123870a82,2,0.5954147580763355,0.7357070618821758,Recent occasional customers
2,2222.21,92,1654,United Kingdom,1111.105,827.0,0.0,169,75,discovery,8ba55711377e,1,1.134533414801454,0.8432402442342231,Established mid-value customers
1,301.32,13,240,United Kingdom,301.32,240.0,0.0,40,0,discovery,493dffa91c9c,2,0.43164386775245706,1.0238767236431634,Recent occasional customers
4,684.34,31,342,United Kingdom,171.085,85.5,0.05714285714285714,41,223,discovery,f3fed878e1b9,1,0.5702839057296915,0.9851799003949974,Established mid-value customers
7,2657.13,52,1699,United Kingdom,379.59000000000003,242.71428571428572,0.037037037037037035,19,252,discovery,4881ab53fb11,0,0.3944425119634387,1.0141014186432546,High-value frequent customers
4,2726.23,107,1451,United Kingdom,681.5575,362.75,0.0,89,239,discovery,eca25e739581,1,0.805257127865562,0.8326581148095129,Established mid-value customers
5,2446.6,88,1275,United Kingdom,489.32000000000005,255.0,0.15555555555555556,74,181,discovery,fc92457f5981,1,0.8265752725704296,0.6031664071824057,Established mid-value customers
3,323.69,20,527,United Kingdom,107.89666666666666,175.66666666666666,0.0,82,199,discovery,481f37380249,1,0.9684504018908079,0.4047208782303303,Established mid-value customers
1,352.7,12,184,United Kingdom,352.7,184.0,0.0,53,0,discovery,18b46ae96e42,2,0.5915194838759419,0.6879121580255798,Recent occasional customers
3,1333.68,61,952,United Kingdom,444.56,317.3333333333333,0.0,10,357,discovery,17e72722fa82,0,1.0876211798868922,0.22911037152216096,High-value frequent customers
5,1426.16,32,816,United Kingdom,285.232,163.2,0.208955223880597,26,255,discovery,4eaa306856db,0,0.8755797793860507,0.024312285384046173,High-value frequent customers
1,193.75,10,131,United Kingdom,193.75,131.0,0.0,118,0,discovery,981152bfe0cf,3,0.6120522785310856,0.5994054116384477,Long-recency customers
9,2993.1,119,1310,United Kingdom,332.56666666666666,145.55555555555554,0.011904761904761904,9,322,discovery,5c57d1f3f805,0,0.1754943574689507,1.6974835265705608,High-value frequent customers
2,254.1,8,84,United Kingdom,127.05,42.0,0.0,120,242,discovery,cb45a59dcfad,3,0.9471800446585846,0.31817258715196284,Long-recency customers
2,239.76,19,408,United Kingdom,119.88,204.0,0.0,5,96,discovery,1e4b7e3bfd41,2,1.2384168684089816,0.9067416868111406,Recent occasional customers
1,136.8,2,72,United Kingdom,136.8,72.0,0.0,253,0,discovery,98f5761c0e54,3,0.5385139550282596,1.4128319523218755,Long-recency customers
1,191.04,12,138,United Kingdom,191.04,138.0,0.0,29,0,discovery,73c89195149f,2,0.5340787279834945,1.1435990912018172,Recent occasional customers
14,6479.4,42,1677,United Kingdom,462.8142857142857,119.78571428571429,0.012658227848101266,1,372,discovery,e1c32b1a4546,0,1.2010354213897136,1.7280612217598292,High-value frequent customers
1,309.65,18,113,United Kingdom,309.65,113.0,0.0,18,0,discovery,0fc24563d062,2,0.49775023765182175,1.5079212493188425,Recent occasional customers
2,696.68,85,357,United Kingdom,348.34,178.5,0.033707865168539325,173,1,discovery,808ed641d2cd,1,1.0493994619704974,0.17546346426904424,Established mid-value customers
4,1529.0,193,912,United Kingdom,382.25,228.0,0.0,3,108,discovery,03d9776996ec,0,0.9816916128667376,0.9713244292372415,High-value frequent customers
1,211.5,5,66,United Kingdom,211.5,66.0,0.0,265,0,discovery,0781e4591dee,3,0.28075905524536404,1.6103797704750438,Long-recency customers
1,143.1,6,62,United Kingdom,143.1,62.0,0.0,202,0,discovery,3741ad9a4658,3,0.4876231160269826,1.2551323123325147,Long-recency customers
4,1060.56,50,321,United Kingdom,265.14,80.25,0.06779661016949153,64,53,discovery,1434a862b460,1,0.2905956048274639,1.2966270232307147,Established mid-value customers
7,3235.25,124,1217,United Kingdom,462.17857142857144,173.85714285714286,0.031914893617021274,41,329,discovery,29ee44c6e3f7,0,0.9226022710742627,0.30590240874930874,High-value frequent customers
5,1072.3600000000001,41,486,United Kingdom,214.47200000000004,97.2,0.0,10,278,discovery,e49aae604cb3,0,0.8346409136290389,0.5685669193497274,High-value frequent customers
2,330.03000000000003,34,186,United Kingdom,165.01500000000001,93.0,0.0,12,66,discovery,4cf06e82c86a,2,0.8441972613331691,0.7751400399665805,Recent occasional customers
1,150.3,7,70,United Kingdom,150.3,70.0,0.0,235,0,discovery,a5dc96376213,3,0.44605037461032604,1.4108323342752027,Long-recency customers
13,5030.07,299,2718,United Kingdom,386.92846153846153,209.07692307692307,0.001072961373390558,33,305,discovery,08698e2a5348,0,0.9248465550555734,0.8472554065787617,High-value frequent customers
1,598.73,128,281,United Kingdom,598.73,281.0,0.0,25,0,discovery,f5db336a8b95,2,0.7070232595001782,1.0452837098911318,Recent occasional customers
5,2211.21,45,1023,United Kingdom,442.242,204.6,0.04285714285714286,36,255,discovery,f9e4cbd199d3,1,0.894791275957337,0.026382992466341237,Established mid-value customers
2,218.25,11,73,United Kingdom,109.125,36.5,0.08333333333333333,202,83,discovery,8a4ca847aa83,3,0.7785153129390373,0.9269749491487517,Long-recency customers
1,415.25,32,221,United Kingdom,415.25,221.0,0.0,16,0,discovery,31f00c9d4c39,2,0.6217907491301047,1.3630732035943653,Recent occasional customers
7,5159.06,213,3063,United Kingdom,737.0085714285715,437.57142857142856,0.0,17,343,discovery,067a9f3692ae,0,0.47739872015755197,1.24117229624468,High-value frequent customers
1,85.0,5,28,United Kingdom,85.0,28.0,0.16666666666666666,213,0,discovery,73e5745a694a,3,0.9548166494158298,1.0655100737669825,Long-recency customers
3,1120.88,68,689,United Kingdom,373.6266666666667,229.66666666666666,0.0410958904109589,66,141,discovery,e6bb0edcaa08,1,0.07291599970385045,1.6054741998407058,Established mid-value customers
2,294.12,13,215,United Kingdom,147.06,107.5,0.0,213,160,discovery,84be0a970452,3,0.8002090422807419,0.7569390116423914,Long-recency customers
1,162.3,10,62,United Kingdom,162.3,62.0,0.0,283,0,discovery,27714b7f0b38,3,0.4520097922037392,1.55111041337715,Long-recency customers
2,1339.45,25,346,United Kingdom,669.7250000000001,173.0,0.0,115,86,discovery,df0f27d0f719,1,0.7577786043830064,0.9700071672761994,Established mid-value customers
8,1188.1200000000001,60,597,United Kingdom,148.51500000000001,74.625,0.10126582278481013,15,228,discovery,fffae2ea96e4,0,0.7226507624596614,0.6925291724990246,High-value frequent customers
16,4812.42,46,2982,United Kingdom,300.77625,186.375,0.017045454545454544,19,354,discovery,d802cfa5086f,0,0.708192210741603,1.2694333238551674,High-value frequent customers
1,154.88,9,152,United Kingdom,154.88,152.0,0.0,50,0,discovery,ad2e482eb93c,2,0.7894705308359236,0.5339588514774072,Recent occasional customers
4,775.96,59,214,United Kingdom,193.99,53.5,0.0,17,168,discovery,3cd9ce3d9cb5,1,1.043868131706324,0.16216110507242432,Established mid-value customers
1,34.8,3,120,United Kingdom,34.8,120.0,0.0,78,0,discovery,d6aeabeea62f,3,2.051223106708485,0.15194693895186395,Long-recency customers
1,196.88,28,178,United Kingdom,196.88,178.0,0.034482758620689655,135,0,discovery,145e9953e747,3,0.503138624649446,0.8111531573190942,Long-recency customers
3,946.64,52,466,United Kingdom,315.5466666666666,155.33333333333334,0.0,13,160,discovery,5d0177077615,1,1.1484967225267295,0.10970553071016576,Established mid-value customers
1,144.36,19,50,United Kingdom,144.36,50.0,0.0,41,0,discovery,0719f9cec4af,2,0.7793935636971927,0.7045981775084891,Recent occasional customers
3,44534.3,5,18028,United Kingdom,14844.766666666668,6009.333333333333,0.3333333333333333,236,97,discovery,8bb31ea5630a,1,2.677268834725039,0.373660396846061,Established mid-value customers
8,2463.05,214,1783,United Kingdom,307.88125,222.875,0.006825938566552901,3,364,discovery,184423719997,0,0.6438060835815299,1.5764315096744244,High-value frequent customers
1,79.2,1,144,United Kingdom,79.2,144.0,0.0,305,0,discovery,1f2a5bb96029,3,1.0706935654415122,1.270447571603842,Long-recency customers
2,714.42,43,491,United Kingdom,357.21000000000004,245.5,0.0,66,152,discovery,358302c5074e,1,0.6403590952980414,0.4870310099695776,Established mid-value customers
1,205.25,9,47,United Kingdom,205.25,47.0,0.0,25,0,discovery,e84fd1cb720f,2,0.5019739305708355,1.2726732370370162,Recent occasional customers
3,253.04,5,60,United Kingdom,84.34666666666668,20.0,0.0,219,140,discovery,bfee736070e9,3,1.2994095324044526,0.26460475624402724,Long-recency customers
2,1086.92,58,271,United Kingdom,543.46,135.5,0.031746031746031744,32,46,discovery,cecbe2e2e44c,1,0.7892031989639664,0.4335640391996577,Established mid-value customers
6,3279.97,150,2050,United Kingdom,546.6616666666667,341.6666666666667,0.0425531914893617,89,188,discovery,c31fd9498080,1,1.1169681714424333,0.42464648203879185,Established mid-value customers
3,621.8299999999999,23,244,United Kingdom,207.27666666666664,81.33333333333333,0.03571428571428571,116,110,discovery,ac7d134a5e09,1,0.6223390607920818,1.022114061982981,Established mid-value customers
26,56252.72,26,29672,United Kingdom,2163.566153846154,1141.2307692307693,0.11564625850340136,8,364,discovery,5b45b6d5e416,0,1.9180941104164269,1.41137077306745,High-value frequent customers
1,635.6800000000001,10,311,United Kingdom,635.6800000000001,311.0,0.0,6,0,discovery,d1aa27cef3b9,2,1.2244894739172636,1.0159866624213738,Recent occasional customers
1,270.8,25,87,United Kingdom,270.8,87.0,0.0,69,0,discovery,3d47b81245b4,2,0.7465071931959893,0.2847497518535119,Recent occasional customers
1,104.9,7,68,United Kingdom,104.9,68.0,0.0,246,0,discovery,483da7f10967,3,0.7660224375546507,1.2640141826547104,Long-recency customers
5,2328.9700000000003,58,1612,United Kingdom,465.79400000000004,322.4,0.04597701149425287,33,263,discovery,d9c51a9fae62,0,0.8563926303333245,0.09536455620725504,High-value frequent customers
3,4919.0,257,3340,United Kingdom,1639.6666666666667,1113.3333333333333,0.04659498207885305,47,68,discovery,49c2ee155e73,1,1.1454852099866737,0.26367705469062486,Established mid-value customers
3,933.26,156,534,United Kingdom,311.08666666666664,178.0,0.0,27,35,discovery,d27164763904,1,0.672865777860904,0.7294607572587508,Established mid-value customers
1,351.3,25,438,United Kingdom,351.3,438.0,0.0,359,0,discovery,d713a63cfe91,3,0.6316050131502524,1.5352019143277502,Long-recency customers
1,218.75,34,113,United Kingdom,218.75,113.0,0.0,11,0,discovery,13d64070a460,2,0.783520767238481,1.5124661911887651,Recent occasional customers
2,1612.69,66,731,United Kingdom,806.345,365.5,0.013157894736842105,44,161,discovery,56738c59a834,1,0.7287131290560239,0.7877234596243193,Established mid-value customers
3,965.61,6,553,United Kingdom,321.87,184.33333333333334,0.07692307692307693,15,254,discovery,7d35fa661079,1,1.058829016628435,0.20205719964802737,Established mid-value customers
8,2708.61,70,860,United Kingdom,338.57625,107.5,0.014925373134328358,2,301,discovery,ce534fd82ff2,0,0.7888466988384555,1.5882216551413495,High-value frequent customers
4,2207.4,8,873,United Kingdom,551.85,218.25,0.0,114,206,discovery,95259565b8bc,1,0.7774121114148718,1.0699359225195397,Established mid-value customers
3,884.14,94,955,United Kingdom,294.7133333333333,318.3333333333333,0.0,76,259,discovery,cfbe074ea210,1,0.17623105543499218,1.437003159167661,Established mid-value customers
2,696.89,116,332,United Kingdom,348.445,166.0,0.0,108,139,discovery,73b0ff911a1d,1,0.7673253710099601,0.5942592039161487,Established mid-value customers
3,1063.95,61,570,United Kingdom,354.65000000000003,190.0,0.07246376811594203,47,63,discovery,97281bf9a1d6,1,0.2669382175327174,1.3027160190276406,Established mid-value customers
1,415.82000000000005,8,290,United Kingdom,415.82000000000005,290.0,0.0,52,0,discovery,b6bc3123f513,2,0.631774834587234,0.707343927965969,Recent occasional customers
13,4206.39,170,2565,United Kingdom,323.5684615384616,197.30769230769232,0.040145985401459854,1,198,discovery,377620c0cce4,0,1.0944255347044465,1.7011211193189373,High-value frequent customers
3,784.58,24,602,United Kingdom,261.5266666666667,200.66666666666666,0.0,47,230,discovery,cd84719f16aa,1,0.3453724530591857,1.0821963374581256,Established mid-value customers
3,903.9,48,430,United Kingdom,301.3,143.33333333333334,0.0,51,27,discovery,5ea5c7aeddb2,1,0.23203107851064858,1.2771460482070645,Established mid-value customers
4,3651.27,142,1305,United Kingdom,912.8175,326.25,0.01015228426395939,307,63,discovery,debe7103b802,1,1.669186650400601,1.048936846934548,Established mid-value customers
5,515.77,31,301,United Kingdom,103.154,60.2,0.18604651162790697,37,266,discovery,9e02ba5d4a05,1,0.8828096341028991,0.7406614395823082,Established mid-value customers
6,2218.62,117,1071,United Kingdom,369.77,178.5,0.04316546762589928,23,343,discovery,af70fd566728,0,0.5808363795040513,0.6041277177836794,High-value frequent customers
5,1801.14,36,922,United Kingdom,360.228,184.4,0.0,108,210,discovery,f62bc4f76526,1,0.7809289368942174,0.9872557427368007,Established mid-value customers
2,1303.9099999999999,40,603,United Kingdom,651.9549999999999,301.5,0.0,208,32,discovery,68b7af1b561d,1,1.1580695055154835,0.4527828125744804,Established mid-value customers
4,1945.33,63,1271,United Kingdom,486.3325,317.75,0.02702702702702703,17,34,discovery,4d6960fe49c8,0,0.7267322953876796,0.39464072754317003,High-value frequent customers
5,2100.6,33,1856,United Kingdom,420.12,371.2,0.0,64,196,discovery,e8ee7ba7369e,1,0.7406199384235324,0.5939644455728204,Established mid-value customers
4,1905.45,96,1357,United Kingdom,476.3625,339.25,0.0,50,227,discovery,c8b7258176ce,1,0.5798994606217813,0.6803051477646258,Established mid-value customers
2,570.96,57,202,United Kingdom,285.48,101.0,0.0,45,17,discovery,0011f20d9274,1,0.7979525521762616,0.07611255960707175,Established mid-value customers
2,885.47,28,375,United Kingdom,442.735,187.5,0.0,4,356,discovery,ed7a2c13ae68,2,1.5994166324571935,0.1702641509160585,Recent occasional customers
1,15.0,1,1,United Kingdom,15.0,1.0,0.9411764705882353,373,0,discovery,2cc72bd7edbb,3,2.779632352960669,0.8870580644639805,Long-recency customers
1,532.94,20,220,United Kingdom,532.94,220.0,0.0,173,0,discovery,aaa0ac9d0396,3,0.7656663206893569,0.7940825733962363,Long-recency customers
3,1654.31,64,963,United Kingdom,551.4366666666666,321.0,0.014492753623188406,57,154,discovery,36aae6deb19b,1,0.3712558373656793,1.1749682681573643,Established mid-value customers
14,1836.0900000000001,72,882,United Kingdom,131.14928571428572,63.0,0.1417910447761194,74,299,discovery,1c45f92154a9,1,1.3743218131148518,0.11594589443119707,Established mid-value customers
2,636.14,44,996,United Kingdom,318.07,498.0,0.0,100,41,discovery,08053b47de41,1,0.7688703144197169,0.5252505558700375,Established mid-value customers
1,576.0,39,415,United Kingdom,576.0,415.0,0.04878048780487805,38,0,discovery,ecf83bbfaff5,2,0.6968573711059529,0.9641736062705624,Recent occasional customers
1,836.79,54,465,United Kingdom,836.79,465.0,0.0,255,0,discovery,cf990e639877,3,1.0980672395344875,0.8510622452500121,Long-recency customers
4,954.09,47,439,United Kingdom,238.5225,109.75,0.0,45,286,discovery,b4d5d7b4a6d3,1,0.4188422629150441,1.0085488101245572,Established mid-value customers
1,137.37,10,26,United Kingdom,137.37,26.0,0.16666666666666666,51,0,discovery,b3dbdee6b2a0,2,0.8808664780720404,0.4635352326927392,Recent occasional customers
1,391.98,24,189,United Kingdom,391.98,189.0,0.0,65,0,discovery,846285e85da6,2,0.7420673301236969,0.41889571110755286,Recent occasional customers
19,33643.08,54,18368,United Kingdom,1770.6884210526316,966.7368421052631,0.011834319526627219,12,356,discovery,fedd80c0e1fd,0,1.6112515816611561,1.3460366237610366,High-value frequent customers
3,1048.49,56,675,United Kingdom,349.49666666666667,225.0,0.046153846153846156,34,115,discovery,7b836f4b17af,1,0.5045216429402928,0.9264827586236193,Established mid-value customers
2,355.56,26,396,United Kingdom,177.78,198.0,0.03571428571428571,59,114,discovery,8d8949c12b67,2,0.8097160156770412,0.2337922213712832,Recent occasional customers
1,118.95000000000002,8,27,United Kingdom,118.95000000000002,27.0,0.0,304,0,discovery,b292be8e2187,3,0.7172390888077644,1.4448395423752918,Long-recency customers
1,130.73999999999998,11,134,United Kingdom,130.73999999999998,134.0,0.0,47,0,discovery,336ae289919f,2,0.8914185746543064,0.5271611819810333,Recent occasional customers
8,3711.77,97,1926,United Kingdom,463.97125,240.75,0.014285714285714285,18,320,discovery,0c48cf7cd786,0,0.38014677682906967,1.2364756297818906,High-value frequent customers
2,160.71,22,48,United Kingdom,80.355,24.0,0.0,187,11,discovery,87ecf9309a66,3,0.854304730447406,0.8525664261372218,Long-recency customers
1,110.8,29,135,United Kingdom,110.8,135.0,0.0,52,0,discovery,b1219ed5b098,2,1.0521001604605134,0.36365777012178335,Recent occasional customers
27,16143.64,295,10866,United Kingdom,597.9125925925925,402.44444444444446,0.012578616352201259,5,361,discovery,aa8f910fef61,0,1.3560274618054744,1.6116792814599608,High-value frequent customers
1,297.0,14,308,United Kingdom,297.0,308.0,0.0,19,0,discovery,6781efbfcbbd,2,0.47319167963875997,1.4932977066798254,Recent occasional customers
5,1427.57,145,1163,United Kingdom,285.514,232.6,0.0,16,352,discovery,0a1748870e83,0,0.6976532787281801,0.46933584917391735,High-value frequent customers
8,965.16,105,437,United Kingdom,120.645,54.625,0.0,41,328,discovery,40ad7aca6c37,1,1.0065071170716453,0.24274147578801464,Established mid-value customers
2,68.84,18,19,United Kingdom,34.42,9.5,0.0,26,167,discovery,ae8bbd5ddc3a,2,1.4800719251337868,0.7339685653227199,Recent occasional customers
6,1936.3200000000002,16,1192,United Kingdom,322.71999999999997,198.66666666666666,0.16666666666666666,23,294,discovery,5a12ac602ab4,0,0.624719691671857,0.516741573735556,High-value frequent customers
3,895.13,37,368,United Kingdom,298.37666666666667,122.66666666666667,0.0,41,173,discovery,2cc1107ae0cd,1,0.38581980879657535,1.0826707834087832,Established mid-value customers
2,149.64,13,175,United Kingdom,74.82,87.5,0.0,278,0,discovery,c4f51391257e,3,0.8996205677817822,1.1634465877640787,Long-recency customers
1,351.44,68,333,United Kingdom,351.44,333.0,0.0,33,0,discovery,de1f71143c29,2,0.40628035197041457,1.2111235778603011,Recent occasional customers
5,501.39000000000004,26,260,United Kingdom,100.278,52.0,0.09375,313,52,discovery,937f1dc16c64,1,1.591450176346009,0.41482130910700565,Established mid-value customers
4,516.36,23,276,United Kingdom,129.09,69.0,0.041666666666666664,199,170,discovery,43c4dca771c4,1,1.141278158041195,0.6285616892155617,Established mid-value customers
2,396.48,42,223,United Kingdom,198.24,111.5,0.0,3,31,discovery,197ba06c868c,2,1.4550835213075661,0.6836378780989616,Recent occasional customers
1,181.09,12,147,United Kingdom,181.09,147.0,0.0,61,0,discovery,4ec62e1af92f,2,0.7897555590914656,0.3514901475187724,Recent occasional customers
1,168.31,11,76,United Kingdom,168.31,76.0,0.14285714285714285,81,0,discovery,a9cc95f6c832,3,0.9413422907410953,0.05243010994485542,Long-recency customers
1,511.68,60,418,United Kingdom,511.68,418.0,0.0,227,0,discovery,44c2bbb0a161,3,0.7029620149551913,1.0818819527336694,Long-recency customers
2,258.25,35,164,United Kingdom,129.125,82.0,0.0,254,116,discovery,29cecb395e1d,3,0.7912505985639193,0.9521351513645886,Long-recency customers
1,179.17,11,94,United Kingdom,179.17,94.0,0.0,150,0,discovery,05c4f899db54,3,0.4609757006627037,0.9640447667845291,Long-recency customers
2,208.59,17,223,United Kingdom,104.295,111.5,0.0,195,0,discovery,265e6e48c028,3,0.7862850061805075,0.8959683178653962,Long-recency customers
5,1383.83,70,567,United Kingdom,276.76599999999996,113.4,0.011764705882352941,2,367,discovery,e46dd294009e,0,1.0250575530334411,1.1187505201602113,High-value frequent customers
1,56.25,4,39,United Kingdom,56.25,39.0,0.0,369,0,discovery,1c366c1c279e,3,1.4478224349085633,1.2350346559962753,Long-recency customers
1,337.28,44,216,United Kingdom,337.28,216.0,0.0,24,0,discovery,0ba172525535,2,0.41042206248218505,1.417479404845162,Recent occasional customers
3,351.73,102,379,United Kingdom,117.24333333333334,126.33333333333333,0.0,17,138,discovery,afaeea34510e,2,1.1924948656068526,0.12271462248698772,Recent occasional customers
7,5126.76,46,2410,United Kingdom,732.3942857142857,344.2857142857143,0.013333333333333334,10,286,discovery,5c4f0e257203,0,0.35982458882639184,1.5600786094467105,High-value frequent customers
7,1567.69,113,544,United Kingdom,223.95571428571427,77.71428571428571,0.006622516556291391,20,236,discovery,780089fa32c6,0,0.6310560193261329,0.6103626937014187,High-value frequent customers
3,882.72,175,478,United Kingdom,294.24,159.33333333333334,0.0,4,207,discovery,e6570ddd3b00,0,1.3805590316571374,0.40662318821900145,High-value frequent customers
1,191.94,7,98,United Kingdom,191.94,98.0,0.0,174,0,discovery,bcd0ba732704,3,0.33546008757063633,1.196252117309339,Long-recency customers
8,1228.88,215,1013,United Kingdom,153.61,126.625,0.0,1,316,discovery,ab8f2eee5d11,0,1.1942912767660239,1.2751170901036335,High-value frequent customers
2,264.62,19,185,United Kingdom,132.31,92.5,0.0,179,55,discovery,10010a4a568b,3,0.8029717070700436,0.7210186721437074,Long-recency customers
8,1502.8600000000001,124,752,United Kingdom,187.85750000000002,94.0,0.03205128205128205,17,350,discovery,1a91fe8791a2,0,0.5960694015652074,0.7852640324306018,High-value frequent customers
1,123.1,12,42,United Kingdom,123.1,42.0,0.0,248,0,discovery,c25874319b75,3,0.6244524704717543,1.3468783146281358,Long-recency customers
2,334.23,33,153,United Kingdom,167.115,76.5,0.0,191,81,discovery,64c35076029a,3,0.8445157013941347,0.5742933996268493,Long-recency customers
1,369.5,11,138,United Kingdom,369.5,138.0,0.08333333333333333,374,0,discovery,213c83b9bc11,3,0.6877887544116023,1.522856824472064,Long-recency customers
1,127.08,21,122,United Kingdom,127.08,122.0,0.0,373,0,discovery,a41ecc7e1e51,3,0.7826566984771678,1.5449991032171977,Long-recency customers
1,207.15,12,93,United Kingdom,207.15,93.0,0.0,195,0,discovery,223c9419b095,3,0.24555832572700342,1.370042396295705,Long-recency customers
1,426.63,21,139,United Kingdom,426.63,139.0,0.0,68,0,discovery,f78d019a128c,2,0.7965746707181931,0.3622762868016425,Recent occasional customers
8,2495.87,93,2325,United Kingdom,311.98375,290.625,0.03361344537815126,5,285,discovery,f6d82c5a1442,0,0.4184017936766072,1.6073050616615754,High-value frequent customers
3,1107.46,63,885,United Kingdom,369.15333333333336,295.0,0.0,22,65,discovery,b3b616327b65,1,0.8092570732843645,0.4557379484794897,Established mid-value customers
2,416.86,12,115,United Kingdom,208.43,57.5,0.0,240,2,discovery,a71ace852b0a,3,0.9267462222254611,0.5358481308275663,Long-recency customers
1,145.35,7,73,United Kingdom,145.35,73.0,0.0,65,0,discovery,31c2e569f223,2,0.947096550142451,0.20408886808048876,Recent occasional customers
15,6115.01,28,4728,United Kingdom,407.6673333333334,315.2,0.012987012987012988,90,242,discovery,b11fb0ea5e5c,0,1.6794537005312604,0.17542531880934287,High-value frequent customers
1,35.8,1,4,United Kingdom,35.8,4.0,0.5,312,0,discovery,03faf3e4369f,3,1.843897518425919,1.0098011438492638,Long-recency customers
1,337.44,14,232,United Kingdom,337.44,232.0,0.0,134,0,discovery,4ec874ad5481,3,0.5847260807225366,0.6784423088434043,Long-recency customers
1,325.1,6,50,United Kingdom,325.1,50.0,0.0,277,0,discovery,433c06001f3f,3,0.41786644285033037,1.4939202095624364,Long-recency customers
1,181.0,2,52,United Kingdom,181.0,52.0,0.0,366,0,discovery,0609726d7611,3,0.5830629315354277,1.6407736286099637,Long-recency customers
1,1708.24,29,898,United Kingdom,1708.24,898.0,0.0,83,0,discovery,8f5c742d09db,1,1.5928701540068186,0.06182211837984597,Established mid-value customers
2,955.24,51,567,United Kingdom,477.62,283.5,0.0,9,35,discovery,c5d411b2aa75,2,1.363673561135635,0.11452661649939588,Recent occasional customers
4,1744.71,86,719,United Kingdom,436.1775,179.75,0.049019607843137254,32,328,discovery,76934cf26bf7,1,0.7306064721939157,0.2872933318037728,Established mid-value customers
4,781.91,65,391,United Kingdom,195.4775,97.75,0.0,34,192,discovery,5bd904f8d54a,1,0.6210962638379611,0.7790168815907794,Established mid-value customers
8,1657.28,63,891,United Kingdom,207.16,111.375,0.049019607843137254,16,354,discovery,c68fde0596f8,0,0.514627246201669,0.9105966010343785,High-value frequent customers
1,428.89,40,211,United Kingdom,428.89,211.0,0.0,32,0,discovery,5b124c1f5ea0,2,0.49038385144242863,1.1933691259391361,Recent occasional customers
1,104.35,7,33,United Kingdom,104.35,33.0,0.0,75,0,discovery,a23a8da193e9,3,1.2076965399232253,0.0333673245965862,Long-recency customers
2,470.76,26,298,United Kingdom,235.38,149.0,0.0,20,26,discovery,3b6213c23989,2,0.7647481800729918,0.45309877153775746,Recent occasional customers
4,808.87,88,434,United Kingdom,202.2175,108.5,0.0,18,350,discovery,9872741084c5,1,1.0023724285337519,0.1864540778468744,Established mid-value customers
2,397.68,73,205,United Kingdom,198.84,102.5,0.0,24,295,discovery,22e673d542d1,2,0.666071280664655,0.5520001250521994,Recent occasional customers
3,666.1,20,124,United Kingdom,222.03333333333333,41.333333333333336,0.047619047619047616,3,183,discovery,ff0c5d754e55,0,1.58285755625866,0.26619602809844234,High-value frequent customers
12,4199.85,10,1717,United Kingdom,349.9875,143.08333333333334,0.0,18,294,discovery,0f1ac6be2f16,0,0.5396184475761826,1.2971833691296872,High-value frequent customers
1,307.82000000000005,4,106,United Kingdom,307.82000000000005,106.0,0.3333333333333333,367,0,discovery,39b47556566f,3,0.5934596678219956,1.5903624065608364,Long-recency customers
1,371.01,24,243,United Kingdom,371.01,243.0,0.0,85,0,discovery,badb9ae32f2a,2,0.9150803498299607,0.0324090793284344,Recent occasional customers
2,427.64,83,275,United Kingdom,213.82,137.5,0.0,166,55,discovery,5b7c74e16bd2,3,0.9684376911605269,0.2367145192416663,Long-recency customers
2,1054.73,48,1016,United Kingdom,527.365,508.0,0.0,18,22,discovery,263ba3f2d7e9,1,1.0982976454956102,0.14788879710489589,Established mid-value customers
3,2398.86,40,1560,United Kingdom,799.6199999999999,520.0,0.0,89,166,discovery,42f1c0b61b54,1,0.6680343731396242,1.1210102951968892,Established mid-value customers
4,1465.12,82,886,United Kingdom,366.28000000000003,221.5,0.0,23,351,discovery,e2641f014abb,1,0.8685833283679426,0.0625628759180199,Established mid-value customers
10,2780.63,217,1815,United Kingdom,278.063,181.5,0.019011406844106463,3,366,discovery,9e2d398cbfb4,0,0.6674577381820095,1.6509013602324565,High-value frequent customers
2,1142.42,29,1086,United Kingdom,571.21,543.0,0.02631578947368421,124,113,discovery,0c4bb3ec0f2c,1,0.7789429166235785,0.8281308253780791,Established mid-value customers
1,168.12,14,268,United Kingdom,168.12,268.0,0.0,31,0,discovery,fa2739455945,2,0.6243594522559184,1.0232409444706572,Recent occasional customers
1,156.78,26,180,United Kingdom,156.78,180.0,0.0,20,0,discovery,ca0add2416bd,2,0.725101763216269,1.2287473239234168,Recent occasional customers
2,792.11,52,443,United Kingdom,396.055,221.5,0.0,45,243,discovery,9e11905ae097,1,0.6751342776390896,0.3854206795346913,Established mid-value customers
7,2777.67,335,2037,United Kingdom,396.81,291.0,0.014519056261343012,9,36,discovery,9d9d8f1e4528,0,0.10484312685985388,1.6467507096309952,High-value frequent customers
1,414.27,31,173,United Kingdom,414.27,173.0,0.0,55,0,discovery,93eb8f2cda95,2,0.6601811804570823,0.6381168550438756,Recent occasional customers
6,1032.58,103,380,United Kingdom,172.09666666666666,63.333333333333336,0.0078125,89,278,discovery,66a9fe9e7d78,1,0.7369765971777568,0.9940299347911122,Established mid-value customers
5,3080.22,370,2032,United Kingdom,616.044,406.4,0.005917159763313609,37,326,discovery,75fdbd132f37,0,0.9125034521126959,0.13651480322067477,High-value frequent customers
5,2735.37,82,1185,United Kingdom,547.074,237.0,0.0,30,330,discovery,15bec8692990,0,0.777868827861804,0.28576150102951803,High-value frequent customers
4,578.71,173,280,United Kingdom,144.6775,70.0,0.0,13,258,discovery,12d06123cfde,1,1.269322270693338,0.11330957374488415,Established mid-value customers
1,101.4,8,84,United Kingdom,101.4,84.0,0.0,212,0,discovery,b15c2631ac94,3,0.7896976774539327,1.1358761565064608,Long-recency customers
4,1693.81,221,1388,United Kingdom,423.4525,347.0,0.0,48,168,discovery,c76dc80bdec1,1,0.5290052455933045,0.7306171501153151,Established mid-value customers
3,478.78,29,323,United Kingdom,159.59333333333333,107.66666666666667,0.0,24,181,discovery,8b8e9b2d5d72,1,0.9723511922957847,0.23202860124452707,Established mid-value customers
4,972.11,68,366,United Kingdom,243.0275,91.5,0.0,23,137,discovery,fe5fa05e078d,1,0.8302601241667324,0.3062004719945972,Established mid-value customers
3,392.4,62,202,United Kingdom,130.79999999999998,67.33333333333333,0.0,246,117,discovery,8643bf067802,3,1.3785448975897316,0.01754333747211767,Long-recency customers
16,3352.96,99,2035,United Kingdom,209.56,127.1875,0.0,9,358,discovery,880c089a1ec5,0,0.5168688249787258,1.5978900732921462,High-value frequent customers
3,1415.29,87,799,United Kingdom,471.7633333333333,266.3333333333333,0.0,36,120,discovery,5c04242b95b7,1,0.5191384599193543,0.8270156551243322,Established mid-value customers
3,646.83,123,258,United Kingdom,215.61,86.0,0.02127659574468085,38,254,discovery,046bbee6354c,1,0.5653185748559573,0.7490519458532874,Established mid-value customers
8,1465.51,156,602,United Kingdom,183.18875,75.25,0.008849557522123894,4,363,discovery,77565ae18a03,0,0.7246060609998279,1.3052123088150176,High-value frequent customers
3,851.01,42,487,United Kingdom,283.67,162.33333333333334,0.0,17,49,discovery,9e57df7e41e8,1,0.989913026733387,0.35492977910236456,Established mid-value customers
1,602.63,68,255,United Kingdom,602.63,255.0,0.0,261,0,discovery,bfe81d8f2562,3,0.8483424743191801,1.0994021391700701,Long-recency customers
1,251.03,61,397,United Kingdom,251.03,397.0,0.0,13,0,discovery,4d4ae3c11a49,2,0.6674937922617441,1.5284245957714266,Recent occasional customers
1,439.65999999999997,28,338,United Kingdom,439.65999999999997,338.0,0.0,30,0,discovery,54ad3587fe9c,2,0.5005639256180948,1.2330497804657368,Recent occasional customers
6,934.62,11,1147,United Kingdom,155.77,191.16666666666666,0.058823529411764705,92,211,discovery,93011aac8678,1,0.7511423368592055,1.0404274577210226,Established mid-value customers
63,80850.84,44,40108,United Kingdom,1283.3466666666666,636.6349206349206,0.10740740740740741,39,335,discovery,73cd72da41fd,0,2.3514348445877973,0.9643855885331054,High-value frequent customers
1,331.24,28,283,United Kingdom,331.24,283.0,0.0,310,0,discovery,b9d2a3dfdc72,3,0.49603203785400934,1.524432901394098,Long-recency customers
2,547.9,91,421,United Kingdom,273.95,210.5,0.0,93,155,discovery,9c2329be0abd,1,0.8136145927219406,0.37855355337705643,Established mid-value customers
20,8778.82,538,3529,United Kingdom,438.941,176.45,0.013123359580052493,6,364,discovery,bca7f865b9ab,0,0.9782011329609073,1.6491373726806524,High-value frequent customers
3,437.7,18,242,United Kingdom,145.9,80.66666666666667,0.0,197,136,discovery,c9f9cfb7518e,1,1.1725709104655544,0.23777692305130738,Established mid-value customers
2,758.92,55,716,United Kingdom,379.46000000000004,358.0,0.0,88,176,discovery,2da048b240f3,1,0.6630119346542525,0.6347336523109122,Established mid-value customers
3,1313.55,57,684,United Kingdom,437.84999999999997,228.0,0.0,66,203,discovery,d580797776a3,1,0.18386025019489638,1.5055501030375407,Established mid-value customers
3,3166.4,6,1584,United Kingdom,1055.4666666666667,528.0,0.0,31,111,discovery,857e4d80553c,1,0.9948224231183789,0.16485826211841337,Established mid-value customers
5,1177.47,68,743,United Kingdom,235.494,148.6,0.05405405405405406,23,310,discovery,70e140415b98,0,0.9231520423736932,0.017457804930376075,High-value frequent customers
4,773.99,30,503,United Kingdom,193.4975,125.75,0.0,38,280,discovery,d348d3e1334f,1,0.5607988724026375,0.8918718765721733,Established mid-value customers
4,1340.7,71,897,United Kingdom,335.175,224.25,0.0,120,171,discovery,f6db7fa88a8a,1,0.6083919116542721,1.3581279872014775,Established mid-value customers
2,256.44,8,144,United Kingdom,128.22000000000003,72.0,0.1111111111111111,374,0,discovery,fbd622bb5e44,3,0.9371216748760903,1.087582250953326,Long-recency customers
1,137.9,10,278,United Kingdom,137.9,278.0,0.0,174,0,discovery,570bab604445,3,0.5554222212935904,1.0784024809474837,Long-recency customers
1,362.06,34,282,United Kingdom,362.06,282.0,0.0,55,0,discovery,ee5c4ad7c4a6,2,0.6189360924998084,0.6400000197863724,Recent occasional customers
2,1511.95,81,1793,United Kingdom,755.975,896.5,0.0,33,90,discovery,de6824488575,1,0.8237605446226505,0.622438926022166,Established mid-value customers
1,783.9,70,380,United Kingdom,783.9,380.0,0.0,146,0,discovery,3e24dca53dbe,3,1.101533288310448,0.45583225045755293,Long-recency customers
1,134.8,8,22,United Kingdom,134.8,22.0,0.0,221,0,discovery,d6030b394229,3,0.5332567121718652,1.3064203769837202,Long-recency customers
1,650.75,66,345,United Kingdom,650.75,345.0,0.0,46,0,discovery,de2eb5f6f20f,2,0.8244979973702357,0.7684338325570313,Recent occasional customers
7,2263.12,109,863,United Kingdom,323.30285714285714,123.28571428571429,0.09701492537313433,17,268,discovery,e6c6181bb1d5,0,0.373459519004675,1.0319797976186347,High-value frequent customers
6,1453.16,126,641,United Kingdom,242.19333333333336,106.83333333333333,0.0,66,302,discovery,e14178cbb248,1,0.7400572875030063,0.6627342154899336,Established mid-value customers
4,1153.62,50,800,United Kingdom,288.405,200.0,0.0,10,355,discovery,54ff06be48c6,0,0.9106745003439553,0.42567407917894806,High-value frequent customers
5,1521.04,77,935,United Kingdom,304.20799999999997,187.0,0.0,17,108,discovery,550f5209f8f3,0,0.6783148565672239,0.4660068096094465,High-value frequent customers
2,852.15,32,457,United Kingdom,426.07500000000005,228.5,0.0,23,10,discovery,46aef134cf53,1,0.9748248924394425,0.09917678890629356,Established mid-value customers
1,584.3199999999999,23,140,United Kingdom,584.3199999999999,140.0,0.0,289,0,discovery,fbdf99656a61,3,0.8501457025377535,1.182797574001585,Long-recency customers
1,122.39999999999999,1,48,United Kingdom,122.39999999999999,48.0,0.5,298,0,discovery,608ad8f17981,3,0.6856952947004233,1.4484488438002054,Long-recency customers
10,2234.73,71,1435,United Kingdom,223.473,143.5,0.015267175572519083,4,205,discovery,88e4895930a1,0,0.5880078108922366,1.5810673334621264,High-value frequent customers
1,79.2,1,16,United Kingdom,79.2,16.0,0.0,284,0,discovery,81967c79164c,3,1.05196616280132,1.2308383176053515,Long-recency customers
3,1352.0,18,864,United Kingdom,450.6666666666667,288.0,0.0,17,24,discovery,85d3e28cab97,1,0.997865204892572,0.12742136274120153,Established mid-value customers
2,217.16,10,128,United Kingdom,108.58,64.0,0.09090909090909091,82,193,discovery,06456e62d2f3,2,1.02429532896639,0.1361779939959029,Recent occasional customers
5,2799.42,175,1473,United Kingdom,559.884,294.6,0.0,57,310,discovery,61681374be8f,1,0.9039696070952382,0.3186640445231629,Established mid-value customers
2,1317.62,31,908,United Kingdom,658.81,454.0,0.0,101,260,discovery,5e6e5223dd39,1,0.6924059680036481,0.96399075809032,Established mid-value customers
1,436.18,38,216,United Kingdom,436.18,216.0,0.0,300,0,discovery,62664efc3d42,3,0.6509960702492281,1.3629003657059713,Long-recency customers
5,981.51,123,636,United Kingdom,196.302,127.2,0.0,24,297,discovery,72c6b9b10f09,1,0.9129046622193483,0.13345055020818852,Established mid-value customers
2,315.06,16,154,United Kingdom,157.53,77.0,0.0,155,44,discovery,d0122436cab5,3,0.8762082701933253,0.4646081835036612,Long-recency customers
3,817.86,37,628,United Kingdom,272.62,209.33333333333334,0.03773584905660377,115,140,discovery,2525cdc057f6,1,0.5004775711931299,1.2651177343441753,Established mid-value customers
1,17.0,1,20,United Kingdom,17.0,20.0,0.0,107,0,discovery,3c77696eaa23,3,2.6738204061489577,0.323550171353002,Long-recency customers
1,320.62,12,155,United Kingdom,320.62,155.0,0.0,265,0,discovery,1cf21d335027,3,0.3876398235686946,1.4816851148331116,Long-recency customers
1,185.04999999999998,10,87,United Kingdom,185.04999999999998,87.0,0.0,241,0,discovery,f3c9b9eba0a2,3,0.29778758790990173,1.5289198594889764,Long-recency customers
7,2005.63,34,613,United Kingdom,286.5185714285714,87.57142857142857,0.0,88,286,discovery,b2c9daf30884,1,0.9920006885005643,0.5580168338659224,Established mid-value customers
3,731.9,29,434,United Kingdom,243.9666666666667,144.66666666666666,0.0,51,175,discovery,5a0bd01a6698,1,0.34314149035407554,1.070536788814201,Established mid-value customers
1,1290.7,76,757,United Kingdom,1290.7,757.0,0.08433734939759036,71,0,discovery,490dfa2d2dc0,2,1.417408923128975,0.12954765940906388,Recent occasional customers
3,1842.14,41,942,United Kingdom,614.0466666666667,314.0,0.0,43,86,discovery,26d5939dc622,1,0.5432136546271458,0.8241921751992352,Established mid-value customers
1,336.96,13,330,United Kingdom,336.96,330.0,0.0,249,0,discovery,58ddafd9e1a6,3,0.3971603773451394,1.4157700876486725,Long-recency customers
1,108.38,6,74,United Kingdom,108.38,74.0,0.0,66,0,discovery,552cd931b631,2,1.156452229639042,0.11237831652030583,Recent occasional customers
7,3204.1600000000003,16,1176,United Kingdom,457.7371428571429,168.0,0.0,18,166,discovery,7cbca09a15e7,0,0.35062945012453395,1.148539105082506,High-value frequent customers
1,842.5,48,615,United Kingdom,842.5,615.0,0.02040816326530612,85,0,discovery,1d2501affcf1,2,1.2446117137855026,0.13061933640745682,Recent occasional customers
2,611.88,18,612,United Kingdom,305.93999999999994,306.0,0.0,219,90,discovery,255a20cf1f8a,3,1.1272494335519865,0.13179433268259233,Long-recency customers
3,1320.95,283,720,United Kingdom,440.31666666666666,240.0,0.0,46,266,discovery,27c3324e0a91,1,0.3363523317389425,1.1487015542954464,Established mid-value customers
4,195.73999999999998,15,574,United Kingdom,48.935,143.5,0.0,144,195,discovery,adad43446c20,1,1.5687767379430622,0.11328698105808677,Established mid-value customers
1,161.38,30,176,United Kingdom,161.38,176.0,0.0,184,0,discovery,69214de5a656,3,0.41553189497229504,1.2096257123443381,Long-recency customers
1,135.75000000000003,8,43,United Kingdom,135.75000000000003,43.0,0.0,171,0,discovery,17babf15454c,3,0.5740596605569108,1.0520919171787573,Long-recency customers
8,1660.8799999999999,169,994,United Kingdom,207.61,124.25,0.0,10,283,discovery,337cb484075d,0,0.43652507336592644,1.2057335570443275,High-value frequent customers
1,612.78,34,248,United Kingdom,612.78,248.0,0.02857142857142857,212,0,discovery,e5bdecd6525c,3,0.8451644400505827,0.9245608618851231,Long-recency customers
1,232.21,30,130,United Kingdom,232.21,130.0,0.0,190,0,discovery,a6368e045fd9,3,0.23518938226861874,1.3406458590846864,Long-recency customers
2,423.36,14,240,United Kingdom,211.68,120.0,0.0,9,64,discovery,94ec164479c1,2,1.011993397696103,0.6322122496783802,Recent occasional customers
4,1309.14,26,878,United Kingdom,327.285,219.5,0.0625,60,0,discovery,902021f59ac9,1,0.3465373270298603,1.1272772770989992,Established mid-value customers
4,684.4200000000001,26,1128,United Kingdom,171.10500000000002,282.0,0.0,74,293,discovery,f86007adb274,1,0.44777601459957944,1.3149433145684812,Established mid-value customers
1,307.78,16,170,United Kingdom,307.78,170.0,0.0,52,0,discovery,d5d20523ffb5,2,0.5615795813970669,0.704000468864136,Recent occasional customers
1,249.0,11,48,United Kingdom,249.0,48.0,0.3125,318,0,discovery,1cddf2cc830b,3,0.4147790254580947,1.6335024799467177,Long-recency customers
1,289.35,13,124,United Kingdom,289.35,124.0,0.0,368,0,discovery,2ba0e613dd6c,3,0.575784538034747,1.6105337938773152,Long-recency customers
4,6287.77,57,2125,United Kingdom,1571.9425,531.25,0.0,30,267,discovery,322e00910ec8,0,1.0276554960974351,0.40795378142058203,High-value frequent customers
1,656.25,40,323,United Kingdom,656.25,323.0,0.0,40,0,discovery,1b998ae24d2c,2,0.7943383026348252,0.8306951754813772,Recent occasional customers
5,1880.22,76,988,United Kingdom,376.044,197.6,0.0,18,265,discovery,702a2d394208,0,0.5949735692531106,0.5681532993270333,High-value frequent customers
6,3506.54,55,1802,United Kingdom,584.4233333333334,300.3333333333333,0.0,52,188,discovery,9f472e45bed6,0,1.1185173674980888,0.022210004111827386,High-value frequent customers
33,14589.04,219,8887,United Kingdom,442.09212121212124,269.3030303030303,0.07123287671232877,4,315,discovery,ebe33c906c8f,0,1.3804885286256239,1.6471731122770725,High-value frequent customers
2,618.09,34,371,United Kingdom,309.045,185.5,0.07894736842105263,22,338,discovery,adf9c3ebc485,2,0.8842541266551932,0.18476584442407595,Recent occasional customers
1,517.55,21,209,United Kingdom,517.55,209.0,0.0,263,0,discovery,bc2a93c70e64,3,0.7324801004907744,1.1876975194042263,Long-recency customers
3,709.38,35,440,United Kingdom,236.46,146.66666666666666,0.0,60,218,discovery,19c2dd0b0946,1,0.31218084269389035,1.13015436611636,Established mid-value customers
2,725.18,32,730,United Kingdom,362.59,365.0,0.05405405405405406,66,306,discovery,fd5a6b1ac2b2,1,0.6349603940081316,0.5002488626517141,Established mid-value customers
1,620.4,30,238,United Kingdom,620.4,238.0,0.0,89,0,discovery,86036b71cbbe,2,1.1177244126250638,0.04983658005929392,Recent occasional customers
6,2424.94,75,919,United Kingdom,404.1566666666667,153.16666666666666,0.00847457627118644,4,366,discovery,b9dd9cc77f4f,0,0.5478091793294101,1.465345656497123,High-value frequent customers
1,175.2,1,16,United Kingdom,175.2,16.0,0.0,247,0,discovery,15bbaa21002d,3,0.34113289844416933,1.519713384428572,Long-recency customers
11,3799.4900000000002,134,3123,United Kingdom,345.4081818181818,283.90909090909093,0.05485232067510549,9,351,discovery,b6260e08bdfd,0,0.34149091088191263,1.6803545006508862,High-value frequent customers
1,375.0,22,246,United Kingdom,375.0,246.0,0.0,134,0,discovery,8e4934184aa4,3,0.6390629994287543,0.6354037855308344,Long-recency customers
1,76.32000000000001,1,72,United Kingdom,76.32000000000001,72.0,0.0,297,0,discovery,e5595197d9fa,3,1.0973739134184974,1.2410085555033006,Long-recency customers
2,280.52,18,308,United Kingdom,140.26,154.0,0.0,5,138,discovery,d400380a64a0,2,1.225613077553244,0.8447107431838616,Recent occasional customers
5,2053.02,91,1047,United Kingdom,410.604,209.4,0.13970588235294118,43,330,discovery,94af20a57a91,1,0.7997567456122419,0.2533922059181013,Established mid-value customers
1,1829.04,29,642,United Kingdom,1829.04,642.0,0.0,269,0,discovery,886850c76633,3,1.6869041443023969,0.3318352419338244,Long-recency customers
5,1824.23,78,1073,United Kingdom,364.846,214.6,0.0,50,305,discovery,cf30205502f9,1,0.7052766555845628,0.4760137138578572,Established mid-value customers
9,3092.04,108,1273,United Kingdom,343.56,141.44444444444446,0.06569343065693431,9,302,discovery,f1eb0aaf857d,0,0.1758909974852686,1.7065771655237865,High-value frequent customers
3,656.69,12,347,United Kingdom,218.89666666666668,115.66666666666667,0.05263157894736842,16,57,discovery,e4dadcf4396b,1,1.0789489112862078,0.2905342485246909,Established mid-value customers
1,348.2,14,236,United Kingdom,348.2,236.0,0.0,282,0,discovery,f24feeb7a3ea,3,0.4697185391115948,1.4625089485768614,Long-recency customers
2,1025.44,20,1162,United Kingdom,512.72,581.0,0.09090909090909091,66,20,discovery,335bfed807d8,1,0.568772082742321,0.7612631064834643,Established mid-value customers
1,37.4,2,4,United Kingdom,37.4,4.0,0.0,253,0,discovery,ad7fb33f2e24,3,1.7723896363358669,0.909841032925242,Long-recency customers
27,3787.6,57,1892,United Kingdom,140.28148148148148,70.07407407407408,0.010101010101010102,11,359,discovery,1d68c0888ed3,0,0.7434856344684864,1.4858914453248273,High-value frequent customers
4,1822.97,71,1325,United Kingdom,455.7425,331.25,0.0,9,67,discovery,a869f1cdf89d,0,0.6858611112433802,0.7698158450009654,High-value frequent customers
6,1885.05,106,1770,United Kingdom,314.175,295.0,0.015748031496062992,51,198,discovery,58005c777c8e,1,0.8498623950390833,0.300042475062104,Established mid-value customers
1,73.2,3,24,United Kingdom,73.2,24.0,0.0,60,0,discovery,ef78b44ff58b,2,1.443953212344677,0.12040938679363467,Recent occasional customers
5,1140.21,52,787,United Kingdom,228.042,157.4,0.0,96,146,discovery,7d9c880f6c97,1,0.6105805498404666,1.1695923655388123,Established mid-value customers
6,1418.32,70,575,United Kingdom,236.38666666666668,95.83333333333333,0.034482758620689655,16,83,discovery,b19883904ba0,0,0.6347069196625318,0.6182574651326102,High-value frequent customers
3,1009.5500000000001,19,651,United Kingdom,336.51666666666665,217.0,0.0,127,25,discovery,98aec7c98a99,1,0.550460117477875,1.2953150701169593,Established mid-value customers
1,197.9,8,94,United Kingdom,197.9,94.0,0.0,139,0,discovery,d3f49a5b3f8e,3,0.47939408517147886,0.8574067513970545,Long-recency customers
1,305.54,11,152,United Kingdom,305.54,152.0,0.0,74,0,discovery,c7255988f864,2,0.7925945950875545,0.20367201460289697,Recent occasional customers
4,6617.65,17,3791,United Kingdom,1654.4125,947.75,0.0,73,222,discovery,ec137b3dfbc7,1,1.3426724309590836,0.23246793266944676,Established mid-value customers
1,338.71000000000004,15,113,United Kingdom,338.71000000000004,113.0,0.0,68,0,discovery,326d71d234cc,2,0.7418243467776869,0.3428437351743804,Recent occasional customers
2,529.41,31,260,United Kingdom,264.705,130.0,0.0,17,216,discovery,7d5de6610924,2,0.8591331497038548,0.3921681034776998,Recent occasional customers
12,4006.94,87,3020,United Kingdom,333.9116666666667,251.66666666666666,0.0045662100456621,23,350,discovery,7de4f24e2300,0,0.6461240272962898,1.0948317229363174,High-value frequent customers
15,6911.4400000000005,160,5048,United Kingdom,460.7626666666667,336.53333333333336,0.006734006734006734,32,253,discovery,854f12719179,0,1.0375528321945886,0.9321463554205758,High-value frequent customers
4,981.86,65,782,United Kingdom,245.465,195.5,0.0,45,198,discovery,fdd1860baac8,1,0.41589344556707203,0.9983395335877849,Established mid-value customers
2,215.48,9,134,United Kingdom,107.74,67.0,0.0,16,70,discovery,57da59a1680f,2,0.7767788251551005,0.9739035735514797,Recent occasional customers
1,215.08,6,88,United Kingdom,215.08,88.0,0.0,41,0,discovery,d73968870702,2,0.5224292077878737,0.898870228695679,Recent occasional customers
13,5180.52,65,3351,United Kingdom,398.5015384615384,257.7692307692308,0.11258278145695365,3,358,discovery,fb8b8bfe8123,0,0.8229306868612918,1.7374216691321953,High-value frequent customers
1,400.68100000000004,15,129,United Kingdom,400.68100000000004,129.0,0.0,76,0,discovery,743e672ff2a7,2,0.8520406991286967,0.2044800675762798,Recent occasional customers
2,1068.8700000000001,149,516,United Kingdom,534.435,258.0,0.0,5,160,discovery,495a31d593f3,2,1.6139026337340907,0.05738022619797545,Recent occasional customers
4,1863.47,74,1286,United Kingdom,465.86749999999995,321.5,0.034782608695652174,4,106,discovery,d5082ee7dc05,0,0.8362394637326166,1.0215284454692597,High-value frequent customers
1,365.27,18,191,United Kingdom,365.27,191.0,0.0,361,0,discovery,911e2e12c4ff,3,0.6552010125746787,1.5196193780895322,Long-recency customers
4,592.9,27,262,United Kingdom,148.225,65.5,0.027777777777777776,59,314,discovery,d98bafcc8b85,1,0.537598562553113,1.1169227593226732,Established mid-value customers
1,384.18,45,218,United Kingdom,384.18,218.0,0.0,24,0,discovery,8b19c684139c,2,0.45388015151354283,1.3969027265136709,Recent occasional customers
4,757.63,73,516,United Kingdom,189.4075,129.0,0.0,31,149,discovery,4e0bca49b270,1,0.6845071591279303,0.6981912965404952,Established mid-value customers
1,394.38,19,140,United Kingdom,394.38,140.0,0.0,26,0,discovery,0b92892370e0,2,0.4517436992554465,1.3513511305683332,Recent occasional customers
5,2262.62,37,1179,United Kingdom,452.524,235.8,0.0,89,158,discovery,bcefbe457d5f,1,0.8166695640583068,0.766083174525144,Established mid-value customers
18,21086.3,74,7559,United Kingdom,1171.4611111111112,419.94444444444446,0.0,2,372,discovery,c407a71b1032,0,1.5650069405780456,1.658191935121398,High-value frequent customers
1,547.02,23,154,United Kingdom,547.02,154.0,0.041666666666666664,89,0,discovery,28a141fbb068,2,1.0641157720953318,0.032766426619681654,Recent occasional customers
2,690.34,40,244,United Kingdom,345.17,122.0,0.046511627906976744,20,264,discovery,1997bc1888fd,2,0.9640986363408425,0.12419821494664929,Recent occasional customers
1,159.0,6,48,United Kingdom,159.0,48.0,0.0,79,0,discovery,8e9ddf39330a,3,0.9774485473701536,0.02814605434055928,Long-recency customers
1,914.9300000000001,37,254,United Kingdom,914.9300000000001,254.0,0.0,268,0,discovery,d18736ea5635,3,1.1733486059461466,0.8005444047999279,Long-recency customers
2,304.25,13,91,United Kingdom,152.125,45.5,0.21052631578947367,236,47,discovery,08642bdc56bc,3,0.8110811149334293,0.7922851335593254,Long-recency customers
7,3084.68,56,2088,United Kingdom,440.6685714285714,298.2857142857143,0.06666666666666667,30,344,discovery,9dbb8ca0321c,0,0.6949598374147348,0.5983514359699944,High-value frequent customers
3,860.86,90,714,United Kingdom,286.9533333333333,238.0,0.0,37,331,discovery,d4a0e65007c7,1,0.46688247289835405,0.9720584623696058,Established mid-value customers
1,773.5500000000001,120,325,United Kingdom,773.5500000000001,325.0,0.0,319,0,discovery,2ff9a86a652e,3,1.0898952736342162,1.0051311574998663,Long-recency customers
4,1295.3,90,1116,United Kingdom,323.82500000000005,279.0,0.0,58,192,discovery,573fbd4969fd,1,0.3492425829720702,1.1061528326130676,Established mid-value customers
5,1096.32,109,493,United Kingdom,219.26400000000004,98.6,0.0,45,233,discovery,047dd3b461a0,1,0.6013936806885655,0.6838206180497576,Established mid-value customers
3,255.12,6,192,United Kingdom,85.04,64.0,0.0,204,32,discovery,4275ff3a9fd8,3,1.3014661534050984,0.21359932454280472,Long-recency customers
1,314.22,6,90,United Kingdom,314.22,90.0,0.14285714285714285,226,0,discovery,5ec50c1ca551,3,0.3291182974559645,1.3910329790953806,Long-recency customers
2,1010.6,46,318,United Kingdom,505.29999999999995,159.0,0.0,88,125,discovery,02a1ea0ccd30,1,0.6159692965981475,0.8283984490973272,Established mid-value customers
2,542.03,32,365,United Kingdom,271.015,182.5,0.0,190,31,discovery,26ed4b1eeff2,3,1.0655496030302554,0.1259019970892874,Long-recency customers
3,536.6800000000001,22,174,United Kingdom,178.89333333333335,58.0,0.12,72,295,discovery,ff7e90f7f355,1,0.532733725366873,0.8736194736554249,Established mid-value customers
5,867.31,42,330,United Kingdom,173.462,66.0,0.041666666666666664,41,292,discovery,f0007f5d761f,1,0.6526193241046947,0.6971091818174746,Established mid-value customers
1,432.2,20,184,United Kingdom,432.2,184.0,0.0,79,0,discovery,81ad9b45c0d7,2,0.899893686391361,0.15968390857185544,Recent occasional customers
2,414.2,18,228,United Kingdom,207.1,114.0,0.09523809523809523,57,133,discovery,292111f1a4e4,2,0.8283096076221242,0.11293311912021431,Recent occasional customers
2,3718.8,126,1641,United Kingdom,1859.4,820.5,0.04929577464788732,25,53,discovery,2ed5059091a4,1,1.3030084072299455,0.24644313288230046,Established mid-value customers
7,3579.86,184,1969,United Kingdom,511.40857142857146,281.2857142857143,0.0034129692832764505,9,269,discovery,7d9fe410d53f,0,0.14378096717631497,1.6875503947840726,High-value frequent customers
2,409.1,49,110,United Kingdom,204.55,55.0,0.0,34,21,discovery,87613b120a48,2,0.6691560359600537,0.3990282042142572,Recent occasional customers
2,1522.75,88,855,United Kingdom,761.375,427.5,0.0,212,161,discovery,2a4dbd308124,1,1.1960528318210888,0.5172389909152404,Established mid-value customers
3,1413.66,80,1014,United Kingdom,471.22,338.0,0.03225806451612903,24,233,discovery,b12c81372f68,1,0.784418881648536,0.4082737661108522,Established mid-value customers
1,114.56,16,182,United Kingdom,114.56,182.0,0.0,171,0,discovery,7987a83311fb,3,0.7146403926985745,0.9860700550100485,Long-recency customers
1,152.94,7,78,United Kingdom,152.94,78.0,0.0,62,0,discovery,82dc4496a6e1,2,0.8922303388530269,0.27720774730873743,Recent occasional customers
2,3683.86,114,3233,United Kingdom,1841.93,1616.5,0.008064516129032258,67,189,discovery,8ae7a3b8e85a,1,1.0809444677428632,0.8599067623172896,Established mid-value customers
8,2619.91,146,1767,United Kingdom,327.48875,220.875,0.014598540145985401,17,349,discovery,a1e8e4667cd5,0,0.33300179549467784,1.1821524824113947,High-value frequent customers
1,752.4300000000001,13,581,United Kingdom,752.4300000000001,581.0,0.07142857142857142,267,0,discovery,85e71a63b15b,3,1.0235633604492906,0.961781454940603,Long-recency customers
1,46.95,2,2,United Kingdom,46.95,2.0,0.0,177,0,discovery,aa335ab01fab,3,1.5483091109870633,0.7430107851444872,Long-recency customers
5,5203.51,111,2994,United Kingdom,1040.702,598.8,0.0,46,174,discovery,d19794a68790,0,1.1258853879685127,0.1687678349658961,High-value frequent customers
1,1035.45,18,311,United Kingdom,1035.45,311.0,0.0,51,0,discovery,ecf8ee310fb4,2,1.1642768610009555,0.3856538489020147,Recent occasional customers
4,728.54,98,301,United Kingdom,182.135,75.25,0.0,18,229,discovery,1b6689412e0c,1,1.0218316176685387,0.23628606152063325,Established mid-value customers
9,5447.0,164,2646,United Kingdom,605.2222222222222,294.0,0.007692307692307693,10,355,discovery,b487e9a40f24,0,0.42787772639666305,1.6069620575233092,High-value frequent customers
7,861.89,44,398,United Kingdom,123.12714285714286,56.857142857142854,0.0,74,133,discovery,7301a7553664,1,0.8468501823336765,0.8171878936971539,Established mid-value customers
2,667.65,45,533,United Kingdom,333.825,266.5,0.0,72,0,discovery,3906631d3192,1,0.6708589321749108,0.46231305947585244,Established mid-value customers
1,1141.24,54,688,United Kingdom,1141.24,688.0,0.0,354,0,discovery,a490e1afa2d7,3,1.405864965544327,0.7488346884928521,Long-recency customers
5,1404.64,89,1024,United Kingdom,280.928,204.8,0.007633587786259542,3,356,discovery,b00010cb7c4d,0,0.9029777127739448,1.0895738275861926,High-value frequent customers
1,411.7,25,224,United Kingdom,411.7,224.0,0.0,117,0,discovery,e89746cf4ffe,3,0.7742175798222375,0.4056932347431135,Long-recency customers
1,351.75,64,153,United Kingdom,351.75,153.0,0.0,374,0,discovery,d3bf5a30e916,3,0.6641608252898172,1.5432432108241683,Long-recency customers
1,559.87,33,336,United Kingdom,559.87,336.0,0.0,197,0,discovery,43b887e144e1,3,0.7794488382881101,0.9030186111162338,Long-recency customers
1,810.6000000000001,6,420,United Kingdom,810.6000000000001,420.0,0.0,177,0,discovery,404966413b3b,3,1.0815837621011744,0.6340004977603193,Long-recency customers
3,1502.78,102,1046,United Kingdom,500.92666666666673,348.6666666666667,0.018518518518518517,22,155,discovery,3dcf75a640c0,1,0.8547116254780542,0.2916827506125601,Established mid-value customers
1,2062.06,17,934,United Kingdom,2062.06,934.0,0.0,73,0,discovery,3644ffacfe9d,1,1.6218716895436334,0.10627039100836244,Established mid-value customers
5,1570.81,117,1236,United Kingdom,314.162,247.2,0.011904761904761904,6,203,discovery,4759b51955ee,0,0.6555035648579758,1.040660818418825,High-value frequent customers
2,812.68,87,535,United Kingdom,406.34000000000003,267.5,0.0,32,19,discovery,6874a5f18408,1,0.8115108409541334,0.22034846853800838,Established mid-value customers
1,302.25,17,191,United Kingdom,302.25,191.0,0.10526315789473684,122,0,discovery,5b307c8d7f28,3,0.6076082315979844,0.5723587009562178,Long-recency customers
10,2248.9900000000002,102,982,United Kingdom,224.89900000000003,98.2,0.016666666666666666,22,346,discovery,8883d0cb94a1,0,0.5722219217761645,0.9058676008102501,High-value frequent customers
4,1328.55,70,841,United Kingdom,332.1375,210.25,0.0,10,55,discovery,0a39b9709ab5,0,0.8306608776696174,0.5163391601682428,High-value frequent customers
1,301.9,20,206,United Kingdom,301.9,206.0,0.13043478260869565,269,0,discovery,5739899fea73,3,0.3596203779435969,1.5226518746908262,Long-recency customers
3,598.2,22,198,United Kingdom,199.4,66.0,0.0,23,164,discovery,b93cde438ee2,1,0.8923456126930543,0.38928467141866696,Established mid-value customers
1,233.22,11,158,United Kingdom,233.22,158.0,0.08333333333333333,127,0,discovery,5b51a2488df5,3,0.5299452608371968,0.7008262178932412,Long-recency customers
3,5360.63,119,2659,United Kingdom,1786.8766666666668,886.3333333333334,0.029940119760479042,26,308,discovery,79ebf61a0bdd,0,1.1539757210496824,0.20715703921681183,High-value frequent customers
1,361.21999999999997,22,256,United Kingdom,361.21999999999997,256.0,0.0,139,0,discovery,18146b9b9f39,3,0.5960539352776585,0.7043527702432123,Long-recency customers
4,2560.0,1,8000,United Kingdom,640.0,2000.0,0.0,38,224,discovery,fb6e7002dbf3,1,0.8395737346285438,0.2066366288635143,Established mid-value customers
2,706.57,39,467,United Kingdom,353.28499999999997,233.5,0.045454545454545456,107,134,discovery,3030370febf2,1,0.7586498951444918,0.6141500861867342,Established mid-value customers
2,274.15000000000003,16,165,United Kingdom,137.075,82.5,0.0,4,46,discovery,7c942820966b,2,1.320421646923314,0.8471780103847895,Recent occasional customers
1,226.37,14,75,United Kingdom,226.37,75.0,0.0,331,0,discovery,fcac4885c3f0,3,0.4463598805849291,1.6486233027839967,Long-recency customers
8,2938.91,120,1484,United Kingdom,367.36375,185.5,0.03205128205128205,65,294,discovery,e2c45ae314ee,1,1.207780224556446,0.06964482989460374,Established mid-value customers
3,1341.65,64,890,United Kingdom,447.2166666666667,296.6666666666667,0.0,120,178,discovery,29d0b6ecb721,1,0.5372396982522009,1.4591525059546644,Established mid-value customers
1,328.15,19,199,United Kingdom,328.15,199.0,0.0,36,0,discovery,2557ed4fb1e4,2,0.4068170181660238,1.1371952576859923,Recent occasional customers
1,404.40000000000003,3,72,United Kingdom,404.40000000000003,72.0,0.0,218,0,discovery,c1f87e5df9a9,3,0.5165805887363969,1.1907957830561529,Long-recency customers
5,373.65000000000003,7,135,Australia,74.72999999999999,27.0,0.25,73,251,discovery,7bc118605110,1,0.9826759516198825,0.8542613337506747,Established mid-value customers
1,207.50000000000003,1,50,United Kingdom,207.50000000000003,50.0,0.0,197,0,discovery,4edc94f0dc3e,3,0.24094855562931994,1.383381805028388,Long-recency customers
3,408.59000000000003,100,270,United Kingdom,136.1966666666667,90.0,0.0,129,49,discovery,bed6c1a6a39f,1,0.9403915012389209,0.5256876104922771,Established mid-value customers
3,594.24,14,194,United Kingdom,198.08,64.66666666666667,0.1,47,199,discovery,ed0cd980bf0c,1,0.5167655397748735,0.7972374099718752,Established mid-value customers
14,3039.2200000000003,158,682,United Kingdom,217.08714285714285,48.714285714285715,0.0033222591362126247,6,329,discovery,32ad08b540e5,0,0.5280646109285356,1.6680769410043734,High-value frequent customers
6,3820.27,142,2560,United Kingdom,636.7116666666667,426.6666666666667,0.0,15,355,discovery,c39f4e5a8a98,0,0.32819763389848555,1.2497853784264539,High-value frequent customers
7,1582.8,125,797,United Kingdom,226.1142857142857,113.85714285714286,0.006578947368421052,29,277,discovery,e26b059b0ab5,0,0.8170053669137912,0.26361191476074153,High-value frequent customers
22,26626.8,9,32184,United Kingdom,1210.3090909090909,1462.909090909091,0.0,8,302,discovery,81f9f2c23f78,0,1.519974317531974,1.4744484390810548,High-value frequent customers
1,151.05,10,87,United Kingdom,151.05,87.0,0.0,37,0,discovery,4e4349bc7550,2,0.7241870935090887,0.8206647192202497,Recent occasional customers
1,214.79999999999998,11,94,United Kingdom,214.79999999999998,94.0,0.0,158,0,discovery,b3b12ada60d8,3,0.36412343762259136,1.0626614068882936,Long-recency customers
1,94.05,17,21,United Kingdom,94.05,21.0,0.0,285,0,discovery,c68693f4a175,3,0.8957709287138369,1.3061297485575254,Long-recency customers
1,534.31,124,486,United Kingdom,534.31,486.0,0.0,108,0,discovery,5126e1b8e6a5,3,0.970778515660594,0.21978902909977271,Long-recency customers
2,328.58,29,175,United Kingdom,164.29000000000002,87.5,0.0,17,0,discovery,ad8bb1eaa86a,2,0.7100119436764335,0.7587362603274076,Recent occasional customers
1,101.10000000000001,1,18,United Kingdom,101.10000000000001,18.0,0.0,159,0,discovery,68726b1598e2,3,0.8444668416479726,0.8665643332473101,Long-recency customers
1,565.46,35,288,United Kingdom,565.46,288.0,0.0,45,0,discovery,0e031ddf1b7b,2,0.729129061620312,0.8188049100974811,Recent occasional customers
2,847.45,61,341,United Kingdom,423.725,170.5,0.0,12,25,discovery,2f71ec7f9287,2,1.2088786615191027,0.12322792912638314,Recent occasional customers
7,1415.65,157,805,United Kingdom,202.23571428571427,115.0,0.0,33,208,discovery,00161f4177aa,0,0.940049014584804,0.06835159665233348,High-value frequent customers
4,1116.47,40,545,United Kingdom,279.1175,136.25,0.05,22,312,discovery,727c215a9290,1,0.8586391784280369,0.18765885843292152,Established mid-value customers
1,153.9,8,90,United Kingdom,153.9,90.0,0.0,333,0,discovery,e425894a658b,3,0.5855660613862248,1.5821646434690495,Long-recency customers
2,494.44,28,300,United Kingdom,247.22,150.0,0.0,18,20,discovery,fa1a55467d44,2,0.8123087849871153,0.4360944229353714,Recent occasional customers
23,6675.71,51,2006,United Kingdom,290.24826086956523,87.21739130434783,0.0,4,366,discovery,bc9e5a69eb01,0,0.9860208175994939,1.7075127530853766,High-value frequent customers
2,395.8,38,150,United Kingdom,197.9,75.0,0.0,64,10,discovery,f452b343f330,2,0.873955606090089,0.09128085356943871,Recent occasional customers
3,211.77,20,93,United Kingdom,70.58999999999999,31.0,0.03125,198,80,discovery,9b6fc69f0b45,3,1.3032833777422488,0.32520363459082935,Long-recency customers
4,2027.5,82,1302,United Kingdom,506.87500000000006,325.5,0.00909090909090909,2,183,discovery,cf29cd1cb295,0,1.0127970589036541,1.133990531137581,High-value frequent customers
9,1750.92,39,1183,United Kingdom,194.54666666666668,131.44444444444446,0.05714285714285714,8,324,discovery,9b70dde72b2e,0,0.4458674875752114,1.3554638754116521,High-value frequent customers
6,3450.41,365,2110,United Kingdom,575.0683333333333,351.6666666666667,0.013953488372093023,5,84,discovery,f01ff5255917,0,0.43507445361151553,1.57852298170353,High-value frequent customers
4,891.21,87,418,United Kingdom,222.8025,104.5,0.0,10,62,discovery,f05b5f6f9ac5,0,1.072405804320341,0.2668984876754412,High-value frequent customers
5,709.99,58,340,United Kingdom,141.998,68.0,0.10465116279069768,33,59,discovery,b0cf3aa2f211,1,0.7980719022149986,0.5704645904283437,Established mid-value customers
1,109.36000000000001,5,52,United Kingdom,109.36000000000001,52.0,0.0,54,0,discovery,de2046cde262,2,1.0745333965318482,0.322158566298806,Recent occasional customers
2,705.79,48,279,United Kingdom,352.895,139.5,0.0,12,126,discovery,a44ab7c79937,2,1.109001170670748,0.24808884347864035,Recent occasional customers
9,1540.42,45,504,United Kingdom,171.1577777777778,56.0,0.0,18,350,discovery,4b5b9c7ef99f,0,0.6175464571155224,0.803761031998239,High-value frequent customers
1,327.3,18,256,United Kingdom,327.3,256.0,0.0,19,0,discovery,270b914a9af0,2,0.4812968090650099,1.4960908992408177,Recent occasional customers
2,800.67,123,643,United Kingdom,400.33500000000004,321.5,0.0,38,325,discovery,ba3c2134020c,1,0.7365765140335024,0.30074254536610157,Established mid-value customers
2,479.91,58,251,United Kingdom,239.955,125.5,0.0,3,26,discovery,06c574fd68f5,2,1.4910321146350602,0.5948584608870613,Recent occasional customers
3,1545.41,91,1030,United Kingdom,515.1366666666667,343.3333333333333,0.0,19,178,discovery,92d1c0035ba1,1,0.9536974524405869,0.1461264359866591,Established mid-value customers
2,355.73,86,158,United Kingdom,177.865,79.0,0.0,34,0,discovery,be34ab544194,2,0.6292682045654585,0.5253516125757864,Recent occasional customers
2,466.73,101,237,United Kingdom,233.365,118.5,0.0,67,196,discovery,e2a59cb77351,1,0.8573383768405288,0.08920214501713764,Established mid-value customers
1,676.2,5,1500,United Kingdom,676.2,1500.0,0.0,268,0,discovery,8bf70dab9623,3,0.9422978801055877,1.0579487296619419,Long-recency customers
3,362.95,22,267,United Kingdom,120.98333333333333,89.0,0.0,248,63,discovery,ea57b3db922d,3,1.3589048759473736,0.08174846987144768,Long-recency customers
4,2157.4,87,1410,United Kingdom,539.35,352.5,0.009174311926605505,5,74,discovery,cda76594177e,0,0.7366354644398615,1.0485046676663319,High-value frequent customers
1,1743.1499999999999,28,1428,United Kingdom,1743.1499999999999,1428.0,0.0,62,0,discovery,ce2804c15f29,2,1.5688145134089728,0.017312890613441656,Recent occasional customers
2,643.76,80,467,United Kingdom,321.88,233.5,0.0,75,194,discovery,e0f0f0c7c245,1,0.6907903102013623,0.4454058092420726,Established mid-value customers
2,584.5,33,260,United Kingdom,292.25,130.0,0.0,90,174,discovery,48332a3f738d,1,0.7722080219466506,0.42407127180326387,Established mid-value customers
3,554.86,52,258,United Kingdom,184.95333333333335,86.0,0.0,61,306,discovery,d5884fcabbf4,1,0.5044197027328201,0.8535025896946364,Established mid-value customers
2,302.57,76,205,United Kingdom,151.285,102.5,0.0,29,225,discovery,cab4ddc741a5,2,0.600033553405097,0.7120661209616664,Recent occasional customers
1,94.36,4,44,United Kingdom,94.36,44.0,0.0,323,0,discovery,8dfa9bd4d602,3,0.9351604829810412,1.372288517672938,Long-recency customers
1,217.89,41,201,United Kingdom,217.89,201.0,0.0,270,0,discovery,0ecdaee94e05,3,0.2862708444556866,1.618423283648966,Long-recency customers
13,3040.96,120,1573,United Kingdom,233.92000000000002,121.0,0.07887323943661972,3,367,discovery,336a446a7153,0,0.7378645327835337,1.6819778709199236,High-value frequent customers
5,1482.06,150,1472,United Kingdom,296.412,294.4,0.0,61,270,discovery,b56fc9f6682e,1,0.5905104644909241,0.7823299898346864,Established mid-value customers
2,408.02,68,263,United Kingdom,204.01,131.5,0.0,20,216,discovery,9f5acc4ea630,2,0.7103312811208735,0.57390222735903,Recent occasional customers
1,303.93,28,172,United Kingdom,303.93,172.0,0.0,95,0,discovery,3b8bae71daaf,3,0.8015343534075353,0.17792569602612462,Long-recency customers
12,4098.32,66,3882,United Kingdom,341.52666666666664,323.5,0.06060606060606061,2,326,discovery,26a2860770fa,0,0.8805528250004865,1.7144239177600107,High-value frequent customers
2,293.45,55,146,United Kingdom,146.725,73.0,0.0,265,105,discovery,3f7540269a96,3,0.8199848967087316,0.8811526934988295,Long-recency customers
1,177.5,10,114,United Kingdom,177.5,114.0,0.3333333333333333,313,0,discovery,0d444bc0d3e1,3,0.4651442049099081,1.612241113151374,Long-recency customers
1,443.05,23,157,United Kingdom,443.05,157.0,0.0,71,0,discovery,903ac1b65d32,2,0.8369165423303804,0.3066716991671059,Recent occasional customers
10,2079.68,99,1093,United Kingdom,207.968,109.3,0.0,13,300,discovery,a4d7e5c184b5,0,0.37979990605922076,1.288907487816327,High-value frequent customers
5,2022.98,145,1304,United Kingdom,404.596,260.8,0.0,37,281,discovery,2409db9aedef,1,0.8453855195026859,0.11097730178379095,Established mid-value customers
1,135.99,25,63,United Kingdom,135.99,63.0,0.0,54,0,discovery,027549897275,2,0.9092913671666655,0.39799103513040734,Recent occasional customers
1,262.2,30,148,United Kingdom,262.2,148.0,0.0,57,0,discovery,129570960bee,2,0.6247127009879492,0.5513799202026513,Recent occasional customers
2,126.25,5,27,United Kingdom,63.125,13.5,0.0,22,259,discovery,84993afd64f1,2,0.9940169059160688,1.0561026539379614,Recent occasional customers
1,200.27,45,178,United Kingdom,200.27,178.0,0.0,45,0,discovery,37f7986400c9,2,0.5928387675194821,0.7643283557507307,Recent occasional customers
3,1051.4,59,672,United Kingdom,350.4666666666667,224.0,0.0273972602739726,27,30,discovery,628b06ebdb5f,1,0.6677134859971028,0.6794392251411632,Established mid-value customers
3,631.12,76,280,United Kingdom,210.37333333333333,93.33333333333333,0.0,45,182,discovery,4178975f9b5d,1,0.49453053517028245,0.8338719752004531,Established mid-value customers
1,346.12,18,230,United Kingdom,346.12,230.0,0.0,25,0,discovery,6e0dde6f3552,2,0.408561956662827,1.3960641220816457,Recent occasional customers
1,133.56,5,88,United Kingdom,133.56,88.0,0.16666666666666666,192,0,discovery,21ef7fa2a785,3,0.5546042547027561,1.1713156409604852,Long-recency customers
1,302.7,21,199,United Kingdom,302.7,199.0,0.0,303,0,discovery,c9dc7693d5c8,3,0.4354139135704031,1.5606891710951816,Long-recency customers
10,1863.76,211,1215,United Kingdom,186.376,121.5,0.0,3,274,discovery,0a7fd203c7e8,0,0.7494779691572625,1.4959581855663995,High-value frequent customers
2,241.06,8,156,United Kingdom,120.53,78.0,0.0,264,21,discovery,291906e66533,3,0.7940385514961393,1.0147203126859248,Long-recency customers
1,300.85,6,103,United Kingdom,300.85,103.0,0.0,58,0,discovery,f3f4c7c27988,2,0.6270374695493518,0.5526459455901108,Recent occasional customers
3,623.28,51,442,United Kingdom,207.76,147.33333333333334,0.0,214,84,discovery,e443b9fb07a0,1,1.0985133632764759,0.44467949762545556,Established mid-value customers
1,287.4,8,276,United Kingdom,287.4,276.0,0.0,65,0,discovery,3264dba2f09c,2,0.7019999312856654,0.38342402004557063,Recent occasional customers
1,184.26,17,106,United Kingdom,184.26,106.0,0.0,29,0,discovery,febb8f75ce04,2,0.5581774506752497,1.1232481252972133,Recent occasional customers
5,798.35,74,463,United Kingdom,159.67000000000002,92.6,0.0,6,77,discovery,7582739768da,0,1.0897067323431744,0.590172074416851,High-value frequent customers
5,3640.67,186,2018,United Kingdom,728.134,403.6,0.0,8,207,discovery,96b706c69e41,0,0.39398271702219817,1.3794158746933867,High-value frequent customers
2,381.2,22,173,United Kingdom,190.6,86.5,0.0,68,224,discovery,8ccb2daa6ebe,2,0.8987592173381311,0.09239689739890078,Recent occasional customers
3,609.3,161,443,United Kingdom,203.1,147.66666666666666,0.0,2,359,discovery,bdf38649f85c,0,1.7019962669897044,0.2382095928534167,High-value frequent customers
4,654.67,68,407,United Kingdom,163.6675,101.75,0.023255813953488372,47,218,discovery,572c465d5cf6,1,0.5343154229338828,1.1045374114573363,Established mid-value customers
1,230.51,62,111,United Kingdom,230.51,111.0,0.0,34,0,discovery,a76c69f84847,2,0.441054342195566,1.11463757980666,Recent occasional customers
2,168472.5,3,80997,United Kingdom,84236.25,40498.5,0.25,1,205,discovery,32b431869fb0,0,2.9064222056478513,0.9900337784121951,High-value frequent customers
1,182.99,19,76,United Kingdom,182.99,76.0,0.0,199,0,discovery,31c650a868a1,3,0.3037220909082928,1.3549333133257684,Long-recency customers
1,266.97,14,120,United Kingdom,266.97,120.0,0.0,88,0,discovery,2fb251d0fdac,3,0.8373304585543797,0.08721431608882468,Long-recency customers
2,6.9,2,3,United Kingdom,3.45,1.5,0.3333333333333333,45,20,discovery,36e108bddbe9,2,3.8348310943012858,0.04978131334157654,Recent occasional customers
7,1841.18,69,988,United Kingdom,263.0257142857143,141.14285714285714,0.0,64,308,discovery,36fb8195339e,1,0.9336846597365984,0.37883022379906106,Established mid-value customers
18,3482.7400000000002,52,2154,United Kingdom,193.48555555555558,119.66666666666667,0.0,3,358,discovery,61b7b35908a8,0,0.8453804275383251,1.6970851791865909,High-value frequent customers
1,142.92,31,48,United Kingdom,142.92,48.0,0.0,178,0,discovery,06e3f8205428,3,0.5193476722179979,1.1192729252924636,Long-recency customers
4,1422.4,74,1163,United Kingdom,355.6,290.75,0.03529411764705882,22,183,discovery,1b47dca2ef26,1,0.8893897912308931,0.03848552300104757,Established mid-value customers
3,1298.66,152,952,United Kingdom,432.8866666666666,317.3333333333333,0.0,20,123,discovery,0b96e4031663,1,0.8878231791575131,0.28676780732802465,Established mid-value customers
7,1595.96,103,785,United Kingdom,227.99428571428572,112.14285714285714,0.0,34,259,discovery,1f733d990d1e,0,0.9093138575116271,0.11276165602538435,High-value frequent customers
1,74.9,2,31,United Kingdom,74.9,31.0,0.0,75,0,discovery,2193a69975ab,3,1.4259434551535928,0.07392184749260555,Long-recency customers
4,625.42,148,260,United Kingdom,156.355,65.0,0.0,24,223,discovery,68e13cbdadb7,1,0.8964053995512924,0.5278183071647757,Established mid-value customers
4,752.77,120,522,United Kingdom,188.1925,130.5,0.006060606060606061,52,307,discovery,4c61cf8fabd3,1,0.42648896584969975,1.1920140379747508,Established mid-value customers
3,316.11,18,196,United Kingdom,105.37,65.33333333333333,0.05263157894736842,165,172,discovery,f90de85fea25,1,1.2472448221358647,0.10271485495589316,Established mid-value customers
7,1810.65,237,909,United Kingdom,258.6642857142857,129.85714285714286,0.02318840579710145,8,138,discovery,08c8e114ac6f,0,0.39590961247768186,1.3079331761800308,High-value frequent customers
4,544.3,23,319,United Kingdom,136.075,79.75,0.0,89,185,discovery,562508ce0ecb,1,0.6391147337564055,1.1263224652842045,Established mid-value customers
7,2494.46,111,1415,United Kingdom,356.3514285714286,202.14285714285714,0.0,64,308,discovery,b6ab5fa27a30,1,1.0521991683226106,0.21873646051390683,Established mid-value customers
3,331.0,15,224,United Kingdom,110.33333333333333,74.66666666666667,0.0,26,40,discovery,3b492ef67296,2,1.131448302811279,0.03033280912148495,Recent occasional customers
2,300.83,35,102,United Kingdom,150.41500000000002,51.0,0.0,11,0,discovery,3102252ec0e3,2,0.8761740694474339,0.828265612815046,Recent occasional customers
1,769.29,51,455,United Kingdom,769.29,455.0,0.0,76,0,discovery,e74d80137c44,2,1.1352430730685903,0.24436949971827504,Recent occasional customers
1,220.62,18,346,United Kingdom,220.62,346.0,0.0,16,0,discovery,ac38937708eb,2,0.6070078750780827,1.4590619453616949,Recent occasional customers
1,139.35,19,44,United Kingdom,139.35,44.0,0.0,193,0,discovery,fda0673154f8,3,0.5178283469352452,1.196404135541218,Long-recency customers
2,404.3,25,200,United Kingdom,202.15,100.0,0.038461538461538464,174,17,discovery,4bd1c0c4cce1,3,0.9330654968155052,0.32834012959389525,Long-recency customers
1,363.65,41,235,United Kingdom,363.65,235.0,0.0,78,0,discovery,785ea63ffb5d,2,0.8491133382557942,0.15434835185676532,Recent occasional customers
3,498.8,28,728,United Kingdom,166.26666666666668,242.66666666666666,0.06451612903225806,34,115,discovery,68bba30e2592,1,0.7735058636122611,0.43928965960708743,Established mid-value customers
1,731.5,39,478,United Kingdom,731.5,478.0,0.0,47,0,discovery,50f8a93fc4ea,2,0.9074061523080705,0.6759667054384781,Recent occasional customers
1,826.53,47,675,United Kingdom,826.53,675.0,0.0,297,0,discovery,b062dcab7d50,3,1.1180392283096179,0.9252655294730943,Long-recency customers
3,648.26,78,328,United Kingdom,216.08666666666667,109.33333333333333,0.0,4,273,discovery,7e6c1722d114,0,1.5534475698889483,0.20010585908738165,High-value frequent customers
3,1599.52,92,1111,United Kingdom,533.1733333333333,370.3333333333333,0.020618556701030927,9,308,discovery,e622da03a057,0,1.0226082223940316,0.37931334546200324,High-value frequent customers
2,100.97,15,45,United Kingdom,50.485,22.5,0.0625,162,1,discovery,cadfd695147e,3,1.124544212852554,0.6642153022488766,Long-recency customers
2,365.45,18,127,United Kingdom,182.72500000000002,63.5,0.13636363636363635,361,4,discovery,d98f95cc9672,3,0.9943882080913773,0.8430707347055937,Long-recency customers
4,1431.93,71,569,United Kingdom,357.98249999999996,142.25,0.023255813953488372,107,254,discovery,9be89145f5da,1,0.5505158531248776,1.3120232674200465,Established mid-value customers
1,465.88,76,510,United Kingdom,465.88,510.0,0.0,26,0,discovery,096fbb1c6b5c,2,0.5408827825511009,1.2632820303238053,Recent occasional customers
2,90.30000000000001,3,42,United Kingdom,45.150000000000006,21.0,0.0,20,21,discovery,48fd2264a9aa,2,1.2680081435903345,0.9718190197545178,Recent occasional customers
1,363.7,13,64,United Kingdom,363.7,64.0,0.0,297,0,discovery,9f2107a17fd5,3,0.5246482803877136,1.4601002277384367,Long-recency customers
1,248.1,13,92,United Kingdom,248.1,92.0,0.0,373,0,discovery,7d3e531dfe9d,3,0.5585915686032035,1.6463863608599083,Long-recency customers
3,918.33,135,405,United Kingdom,306.11,135.0,0.0,22,245,discovery,d33397d14fdb,1,0.8134928705197189,0.5408286735811874,Established mid-value customers
5,1624.14,89,826,United Kingdom,324.82800000000003,165.2,0.0,53,259,discovery,d01ea0402e3a,1,0.6444205751622782,0.6055807814563412,Established mid-value customers
1,162.7,17,96,United Kingdom,162.7,96.0,0.0,278,0,discovery,71d7ac23f0d6,3,0.44114801047935015,1.5449882003824165,Long-recency customers
2,484.32,36,327,United Kingdom,242.16,163.5,0.047619047619047616,62,223,discovery,d185404c1d70,1,0.835881325072018,0.08496514917459908,Established mid-value customers
2,215.07999999999998,13,54,United Kingdom,107.53999999999999,27.0,0.0,26,340,discovery,94740a4f4050,2,0.667166509605743,0.9195063125440494,Recent occasional customers
21,9418.470000000001,151,4265,United Kingdom,448.4985714285714,203.0952380952381,0.026845637583892617,2,314,discovery,72b529367499,0,1.2527724813207415,1.7248903888458174,High-value frequent customers
26,13027.45,75,7397,United Kingdom,501.0557692307693,284.5,0.085,3,364,discovery,1be092cad1a7,0,1.3401667511505486,1.683257255574529,High-value frequent customers
1,290.36,15,106,United Kingdom,290.36,106.0,0.0,172,0,discovery,161dac8f639d,3,0.35411652520460846,1.119048904115901,Long-recency customers
1,228.06,14,106,United Kingdom,228.06,106.0,0.0,82,0,discovery,c9c3b7ab3a5c,3,0.885477408274018,0.011044902920430255,Long-recency customers
1,244.41,17,171,United Kingdom,244.41,171.0,0.0,4,0,discovery,13f4bbdea61f,2,1.2422705932118334,1.3974907052757053,Recent occasional customers
3,6748.8,2,2016,United Kingdom,2249.6,672.0,0.0,18,321,discovery,9354176a057c,0,1.1127274693373692,0.5090926084193441,High-value frequent customers
1,593.75,31,356,United Kingdom,593.75,356.0,0.0,6,0,discovery,8859737e38ca,2,1.1964521752363366,1.054265303334428,Recent occasional customers
1,548.12,49,250,United Kingdom,548.12,250.0,0.01818181818181818,111,0,discovery,f4ca92c2c4e5,3,0.9713104123779372,0.24811718669964922,Long-recency customers
4,1388.81,36,477,United Kingdom,347.2025,119.25,0.0,3,371,discovery,94572338dd7d,0,1.0195713880866282,0.923999108452614,High-value frequent customers
1,339.3,3,78,United Kingdom,339.3,78.0,0.0,165,0,discovery,7348e126b320,3,0.46256233933546054,0.978956755111823,Long-recency customers
2,787.15,25,549,United Kingdom,393.57500000000005,274.5,0.1935483870967742,291,82,discovery,13f3c0dbaeb0,3,1.3105519420215306,0.13814219671070327,Long-recency customers
10,4034.9,445,2294,United Kingdom,403.49,229.4,0.0,11,324,discovery,28f912a8d7cf,0,0.3063287813563036,1.622530182283303,High-value frequent customers
5,2298.97,162,1540,United Kingdom,459.79400000000004,308.0,0.038314176245210725,109,260,discovery,85cacf0e7c42,1,0.8906877645140451,0.8567056282455517,Established mid-value customers
3,922.12,26,970,United Kingdom,307.37333333333333,323.3333333333333,0.0,96,241,discovery,ad0554fbab4f,1,0.32512437976030073,1.401026672220609,Established mid-value customers
2,379.73,17,219,United Kingdom,189.86500000000004,109.5,0.0,243,131,discovery,2c44389aab74,3,0.8876632909761377,0.6249968239395525,Long-recency customers
12,5719.82,62,4600,United Kingdom,476.65166666666664,383.3333333333333,0.023255813953488372,164,197,discovery,6929bc2c5687,1,1.8838645497780533,0.2503814676332663,Established mid-value customers
3,837.1,51,402,United Kingdom,279.03333333333336,134.0,0.2972972972972973,43,289,discovery,fa574318f141,1,0.37300320085186,1.0697878564526973,Established mid-value customers
2,285.89,15,175,United Kingdom,142.945,87.5,0.0,36,74,discovery,3dc2d8d43d52,2,0.6179411226614006,0.6690617648431715,Recent occasional customers
20,8338.49,264,5377,United Kingdom,416.92449999999997,268.85,0.029535864978902954,1,366,discovery,6f58788a2c61,0,1.3471822414058534,1.735955012756104,High-value frequent customers
2,511.12,29,244,United Kingdom,255.56,122.0,0.0,6,54,discovery,6daad8a78900,2,1.2354767646014846,0.5395831750829791,Recent occasional customers
1,1077.74,19,486,United Kingdom,1077.74,486.0,0.0,54,0,discovery,82290bd3e550,2,1.2073232030310492,0.33777640207928816,Recent occasional customers
1,173.7,3,46,United Kingdom,173.7,46.0,0.0,365,0,discovery,fbda5fd068d9,3,0.5962051157272353,1.6326050655136823,Long-recency customers
2,865.6,34,996,United Kingdom,432.8,498.0,0.0,195,142,discovery,5cb54d5ebdd6,1,1.1026527545953784,0.24373154911879458,Established mid-value customers
1,124.2,5,93,United Kingdom,124.2,93.0,0.0,4,0,discovery,4c8b10ce303f,2,1.4588478947508348,1.4281982422171198,Recent occasional customers
10,3738.4,68,2112,United Kingdom,373.84,211.2,0.05263157894736842,16,296,discovery,1cba6c366f6d,0,0.3842714638111369,1.3762705144505878,High-value frequent customers
3,1421.69,73,1239,United Kingdom,473.8966666666667,413.0,0.1792452830188679,27,255,discovery,a25ffd27ee30,1,0.7087681794024285,0.5208861700329468,Established mid-value customers
3,1009.6,40,532,United Kingdom,336.5333333333333,177.33333333333334,0.017241379310344827,128,148,discovery,271cfd5946e8,1,0.5572858234092894,1.2866969918588937,Established mid-value customers
2,663.61,40,360,United Kingdom,331.805,180.0,0.08695652173913043,85,206,discovery,677a519561d2,1,0.7008708378299101,0.5156551684856211,Established mid-value customers
1,105.84,9,134,United Kingdom,105.84,134.0,0.18181818181818182,183,0,discovery,fea5e982739f,3,0.7677045995520256,1.02307683769622,Long-recency customers
1,313.62,6,164,United Kingdom,313.62,164.0,0.0,114,0,discovery,6902fe161c39,3,0.670955461947785,0.4544594934007752,Long-recency customers
1,233.45,14,111,United Kingdom,233.45,111.0,0.0,374,0,discovery,776d7149d18b,3,0.5582200263975443,1.653800594446692,Long-recency customers
2,936.08,25,646,United Kingdom,468.04,323.0,0.0967741935483871,81,174,discovery,bf30d05e78fd,1,0.598300497663027,0.765223366086876,Established mid-value customers
1,463.95,8,95,United Kingdom,463.95,95.0,0.0,249,0,discovery,d09e9e029798,3,0.6366037012761339,1.212920687154411,Long-recency customers
1,225.15,13,71,United Kingdom,225.15,71.0,0.0,233,0,discovery,019b9d57dfbc,3,0.2063900392408929,1.5574291651552608,Long-recency customers
3,459.24,31,368,United Kingdom,153.08,122.66666666666667,0.0,72,90,discovery,862a9b4adac4,1,0.6602778389285696,0.7052576026487555,Established mid-value customers
1,213.5,10,41,United Kingdom,213.5,41.0,0.0,69,0,discovery,82c137cd97af,2,0.7959509375276196,0.22943394728775057,Recent occasional customers
16,4113.68,142,2927,United Kingdom,257.105,182.9375,0.02702702702702703,5,283,discovery,e7dd12e8ef43,0,0.6724199943972644,1.7108888423006483,High-value frequent customers
3,330.03,24,116,United Kingdom,110.00999999999999,38.666666666666664,0.0,51,277,discovery,37e93a2a3252,1,0.9566126340952956,0.24269680324739595,Established mid-value customers
1,181.09,53,64,United Kingdom,181.09,64.0,0.0,76,0,discovery,6ae170115a1e,2,0.9204577447103354,0.05187376375625885,Recent occasional customers
2,250.15,12,97,United Kingdom,125.075,48.5,0.0,16,351,discovery,d40cfd91c0a0,2,0.7397625464760658,0.9143903030643079,Recent occasional customers
1,90.04,7,184,United Kingdom,90.04,184.0,0.0,5,0,discovery,93cb719ebce6,2,1.5689729854420225,1.2925516935562673,Recent occasional customers
1,145.04999999999998,10,73,United Kingdom,145.04999999999998,73.0,0.09090909090909091,286,0,discovery,354b277fd587,3,0.5360561032367825,1.5067014501698193,Long-recency customers
1,528.08,29,336,United Kingdom,528.08,336.0,0.09375,37,0,discovery,b648297c4655,2,0.6355568463742246,1.0150358994543183,Recent occasional customers
2,482.47,34,480,United Kingdom,241.235,240.0,0.0,75,17,discovery,2dde9b1ba97b,1,0.8433142141876122,0.17609642133045766,Established mid-value customers
14,3347.71,140,2859,United Kingdom,239.12214285714285,204.21428571428572,0.011494252873563218,18,341,discovery,f7ac085bd750,0,0.561462883168048,1.257547365409808,High-value frequent customers
7,5493.46,155,2420,United Kingdom,784.78,345.7142857142857,0.014285714285714285,16,237,discovery,2691b6a61df1,0,0.48688907934164816,1.2816110499315352,High-value frequent customers
1,75.66,6,66,United Kingdom,75.66,66.0,0.0,220,0,discovery,e18b7a01ef8a,3,1.0657024267413653,1.0446202351113767,Long-recency customers
1,129.49,9,47,United Kingdom,129.49,47.0,0.09090909090909091,187,0,discovery,6f43bc9f811d,3,0.586577271641865,1.1301665198687205,Long-recency customers
4,1187.66,48,506,United Kingdom,296.915,126.5,0.0,33,279,discovery,de946bedfd0e,1,0.6072424560387715,0.5669832277741689,Established mid-value customers
1,618.59,30,293,United Kingdom,618.59,293.0,0.0,71,0,discovery,9b0288b7f5d5,2,0.9824172800491013,0.3167727816103487,Recent occasional customers
1,506.19,26,223,United Kingdom,506.19,223.0,0.0,183,0,discovery,d0467262c0dc,3,0.713003838123185,0.8814100828220536,Long-recency customers
2,500.42,31,370,United Kingdom,250.21,185.0,0.0,16,142,discovery,ac5b5545736c,2,0.8513374027984515,0.4506622946686931,Recent occasional customers
1,226.21,14,133,United Kingdom,226.21,133.0,0.125,264,0,discovery,25ea93ebbb58,3,0.2663249520062109,1.612847974446282,Long-recency customers
4,813.48,22,302,United Kingdom,203.37,75.5,0.0,52,226,discovery,d7eee898e9b1,1,0.3932091581286566,1.1866413202309893,Established mid-value customers
1,129.45,5,39,United Kingdom,129.45,39.0,0.0,246,0,discovery,dbd0ea51d598,3,0.5793300756573566,1.3665690579773404,Long-recency customers
2,810.5699999999999,44,488,United Kingdom,405.28499999999997,244.0,0.0,81,117,discovery,49b8e8d1c8ed,1,0.6237349543098146,0.6638307747534337,Established mid-value customers
17,4413.1,86,2690,United Kingdom,259.59411764705885,158.23529411764707,0.02717391304347826,1,266,discovery,b84c8dcc10e5,0,1.1595971934985458,1.7139219735734144,High-value frequent customers
1,322.8,20,162,United Kingdom,322.8,162.0,0.0,80,0,discovery,72f3caaa1654,2,0.8522311199203073,0.09703830036014527,Recent occasional customers
5,2188.05,79,1205,United Kingdom,437.61,241.0,0.01680672268907563,30,205,discovery,02012e994f78,0,0.8080146389375884,0.15649399921606233,High-value frequent customers
2,217.9,9,82,United Kingdom,108.95,41.0,0.0,223,150,discovery,fcf82ed7b5c5,3,0.7752963695170001,0.9938110348270706,Long-recency customers
10,1680.72,92,1255,United Kingdom,168.072,125.5,0.010526315789473684,23,346,discovery,8562ec2b45fb,0,0.7006758096990957,0.6918325170507709,High-value frequent customers
3,1257.51,48,510,United Kingdom,419.1700000000001,170.0,0.038461538461538464,32,204,discovery,018e105c54f9,1,0.5669248863344049,0.7690062564117378,Established mid-value customers
1,487.51,27,269,United Kingdom,487.51,269.0,0.0,246,0,discovery,e2221fb90040,3,0.6730722528285715,1.1743675996708496,Long-recency customers
2,833.78,62,826,United Kingdom,416.89,413.0,0.0,178,35,discovery,50e5767ca023,1,1.0370074393595214,0.2949098297610462,Established mid-value customers
2,214.06,12,146,United Kingdom,107.03,73.0,0.0,170,35,discovery,67a807bb93dc,3,0.8105704860603202,0.7528095389647678,Long-recency customers
1,518.42,24,372,United Kingdom,518.42,372.0,0.0,72,0,discovery,0e64a62e2eba,2,0.9068912985244748,0.29618493323109285,Recent occasional customers
7,6773.97,74,3283,United Kingdom,967.71,469.0,0.04065040650406504,59,215,discovery,7f7c9a9c33a5,0,1.3151890537797124,0.24900008763981263,High-value frequent customers
2,1212.66,67,733,United Kingdom,606.3299999999999,366.5,0.09210526315789473,17,55,discovery,9655657b958a,1,1.1362237408064841,0.21007421055329756,Established mid-value customers
4,601.27,29,282,United Kingdom,150.3175,70.5,0.06451612903225806,142,227,discovery,af010476a0df,1,0.830273662672866,1.0312829656179308,Established mid-value customers
15,8625.8,14,8894,United Kingdom,575.0533333333333,592.9333333333333,0.0875,23,342,discovery,db2f6b6c6314,0,0.9821205774940724,1.15831862141506,High-value frequent customers
4,874.43,158,1130,United Kingdom,218.60750000000002,282.5,0.0,10,245,discovery,17caab57ca37,0,1.0849787328579668,0.25573649694635914,High-value frequent customers
1,39.12,2,72,United Kingdom,39.12,72.0,0.0,190,0,discovery,19301d3e8fc1,3,1.7259289358309169,0.7488597395690748,Long-recency customers
4,1267.6499999999999,16,571,United Kingdom,316.91249999999997,142.75,0.058823529411764705,17,303,discovery,bbdc0e6a6535,0,0.9104971273470016,0.11924152882357875,High-value frequent customers
1,135.39999999999998,9,59,United Kingdom,135.39999999999998,59.0,0.0,363,0,discovery,2cf37333c4e7,3,0.723227367850441,1.560051745734702,Long-recency customers
1,118.98,32,233,United Kingdom,118.98,233.0,0.0,20,0,discovery,467b1614b081,2,0.9393794959592733,1.0771347773418234,Recent occasional customers
2,567.1800000000001,52,236,United Kingdom,283.59,118.0,0.0,69,216,discovery,8a1fd989f3c4,1,0.745622176932653,0.29179788614981517,Established mid-value customers
3,1348.88,141,881,United Kingdom,449.6266666666667,293.6666666666667,0.006369426751592357,24,55,discovery,c005bc0d03f9,1,0.7746613898876575,0.4346831691256239,Established mid-value customers
11,4095.9,179,2556,United Kingdom,372.3545454545455,232.36363636363637,0.03816793893129771,17,342,discovery,654b688ad784,0,0.4742867089868585,1.337532620768522,High-value frequent customers
3,1692.27,3,875,United Kingdom,564.09,291.6666666666667,0.0,29,136,discovery,e1059b5a8b65,1,0.7185941108626229,0.486437494198367,Established mid-value customers
20,8134.9400000000005,22,2832,United Kingdom,406.747,141.6,0.02564102564102564,3,264,discovery,9d3fbed67402,0,1.0915590931007857,1.71920983562219,High-value frequent customers
2,304.24,89,181,United Kingdom,152.12,90.5,0.0,55,44,discovery,1e39f6405cf7,2,0.7595759280844092,0.4034316836371836,Recent occasional customers
12,3109.99,92,2397,United Kingdom,259.16583333333335,199.75,0.041176470588235294,3,280,discovery,76f666661639,0,0.713996041431893,1.6867991346996916,High-value frequent customers
1,129.75,3,29,United Kingdom,129.75,29.0,0.0,367,0,discovery,1a6e666be60b,3,0.7581224741630851,1.547981671806931,Long-recency customers
1,183.7,10,94,United Kingdom,183.7,94.0,0.0,44,0,discovery,9fe92f37b5ba,2,0.6331441724236064,0.7504527305168858,Recent occasional customers
5,1028.0,15,1040,United Kingdom,205.6,208.0,0.0,5,183,discovery,4ec256405b6c,0,0.9479546122076246,0.8070120359557273,High-value frequent customers
28,66653.56,119,50255,United Kingdom,2380.4842857142858,1794.8214285714287,0.014234875444839857,5,354,discovery,59eb34b3edf4,0,2.042089680476737,1.4783958360176506,High-value frequent customers
2,324.24,60,396,United Kingdom,162.12,198.0,0.0,62,0,discovery,76502ad8289e,2,0.8239788783460394,0.2839045684864251,Recent occasional customers
7,2959.88,406,1977,United Kingdom,422.84000000000003,282.42857142857144,0.005484460694698354,48,308,discovery,3687e868b0ff,0,1.0401285050891043,0.1165253627340388,High-value frequent customers
4,1260.86,52,804,United Kingdom,315.215,201.0,0.0,2,59,discovery,5d6d01b1aaa7,0,1.16179845789652,0.9313618580429659,High-value frequent customers
2,1276.0,2,152,United Kingdom,638.0,76.0,0.0,257,33,discovery,74d6f9fbde9a,1,1.331960033212724,0.2712459821009072,Established mid-value customers
2,477.86,58,203,United Kingdom,238.93,101.5,0.0,69,203,discovery,f139e0e6562f,1,0.8434994529269527,0.126723076374744,Established mid-value customers
1,112.75,20,27,United Kingdom,112.75,27.0,0.0,242,0,discovery,d47b4ef16910,3,0.698528038752647,1.2868862948784763,Long-recency customers
2,1998.0,4,840,United Kingdom,999.0,420.0,0.0,227,27,discovery,32a7fc45a312,1,1.3114219769962718,0.5820430057324784,Established mid-value customers
13,5076.55,159,4024,United Kingdom,390.50384615384615,309.53846153846155,0.01282051282051282,9,358,discovery,7cf6023f7614,0,0.533877265207939,1.6425692531620681,High-value frequent customers
13,5398.3,99,6393,United Kingdom,415.25384615384615,491.7692307692308,0.06493506493506493,9,353,discovery,20560757be0c,0,0.5614115180497099,1.6364888059216849,High-value frequent customers
20,14034.99,133,5476,United Kingdom,701.7495000000001,273.8,0.04929577464788732,1,358,discovery,3bc5b0352ce1,0,1.5328354346879018,1.7142940235637345,High-value frequent customers
1,656.63,27,285,United Kingdom,656.63,285.0,0.0,46,0,discovery,9991ea211bce,2,0.8303130905764006,0.7665901934969986,Recent occasional customers
5,3029.87,64,851,United Kingdom,605.9739999999999,170.2,0.0,85,197,discovery,948358a8298d,1,0.9647081015006406,0.567416606790952,Established mid-value customers
10,2467.99,268,1823,United Kingdom,246.79900000000004,182.3,0.0,20,349,discovery,c08a49be89b7,0,0.49691197725287267,1.0432398742439954,High-value frequent customers
11,3611.31,259,1730,United Kingdom,328.3009090909091,157.27272727272728,0.0,10,267,discovery,552e1667f1f6,0,0.318320195229476,1.6469180528980762,High-value frequent customers
15,6910.78,338,4271,United Kingdom,460.71866666666665,284.73333333333335,0.012759170653907496,19,348,discovery,a029dd461b63,0,0.8215198486202961,1.2758111144628392,High-value frequent customers
3,1129.06,77,589,United Kingdom,376.3533333333333,196.33333333333334,0.011363636363636364,219,99,discovery,a5e1e9ab58c2,1,1.0450606198314667,0.7937163178736315,Established mid-value customers
2,901.2,1,120,United Kingdom,450.6,60.0,0.3333333333333333,267,45,discovery,8595c41d86a4,1,1.360532117027534,0.020680896963758855,Established mid-value customers
6,3843.08,176,1860,United Kingdom,640.5133333333333,310.0,0.1574468085106383,24,343,discovery,a49fd88fb7e7,0,0.5884204843964672,0.804620205547545,High-value frequent customers
1,606.0500000000001,41,407,United Kingdom,606.0500000000001,407.0,0.0,370,0,discovery,6b1f135b4020,3,0.9803154837437181,1.2458521238287803,Long-recency customers
7,1770.22,107,1175,United Kingdom,252.88857142857142,167.85714285714286,0.010101010101010102,15,354,discovery,cdf1dcaa90ea,0,0.44877150211862216,0.9524042430335494,High-value frequent customers
1,152.95,25,180,United Kingdom,152.95,180.0,0.0,27,0,discovery,a8b76f34d04c,2,0.697464469415758,1.0620084264241116,Recent occasional customers
7,758.27,110,288,United Kingdom,108.32428571428571,41.142857142857146,0.00684931506849315,303,69,discovery,7a86e2738cd1,1,1.606807202507267,0.8004298209715082,Established mid-value customers
4,1048.28,218,671,United Kingdom,262.07,167.75,0.0,47,218,discovery,794866620d67,1,0.39076686395625293,1.018158488106383,Established mid-value customers
21,7205.33,234,5722,United Kingdom,343.11095238095237,272.4761904761905,0.012048192771084338,39,203,discovery,b71d6c29126e,0,1.2303786269996448,0.8339682245506232,High-value frequent customers
3,743.11,75,994,United Kingdom,247.70333333333335,331.3333333333333,0.023809523809523808,53,267,discovery,871e563ee615,1,0.31660667003282233,1.112350749144,Established mid-value customers
1,603.75,28,317,United Kingdom,603.75,317.0,0.0,32,0,discovery,2edcefe279ed,2,0.7065368974045448,0.9802654306960549,Recent occasional customers
3,646.76,44,345,United Kingdom,215.58666666666667,115.0,0.0,53,62,discovery,e4ca8b61722c,1,0.413700197813075,0.9587825196065383,Established mid-value customers
5,2247.41,88,1532,United Kingdom,449.48199999999997,306.4,0.025210084033613446,79,256,discovery,5a2f47559004,1,0.789215037572333,0.69932326476233,Established mid-value customers
1,323.0,13,172,United Kingdom,323.0,172.0,0.1875,177,0,discovery,04c61eaa79fc,3,0.3985319183853706,1.1018287858014741,Long-recency customers
17,7180.7,148,6719,United Kingdom,422.39411764705886,395.2352941176471,0.0028089887640449437,87,225,discovery,5c42fd15d4aa,0,1.7049555274413177,0.2624815027819716,High-value frequent customers
18,6680.11,234,4660,United Kingdom,371.1172222222222,258.8888888888889,0.006711409395973154,5,354,discovery,e8b24b5712dc,0,0.8660433797832728,1.6988450204173642,High-value frequent customers
2,836.06,34,583,United Kingdom,418.03,291.5,0.06666666666666667,38,30,discovery,9af0ff9c8d99,1,0.7278746714166728,0.3368033328210105,Established mid-value customers
5,1515.9,42,880,United Kingdom,303.18,176.0,0.0,18,317,discovery,e9823172e9a0,0,0.697782354258831,0.41445162380400646,High-value frequent customers
5,623.93,74,214,United Kingdom,124.78599999999999,42.8,0.0,45,188,discovery,fbc2983d10ac,1,0.7229446237380679,0.8611479272880023,Established mid-value customers
1,207.5,9,54,United Kingdom,207.5,54.0,0.0,373,0,discovery,bdf0970a343b,3,0.5649485608256215,1.6567229762749067,Long-recency customers
1,223.92000000000002,34,189,United Kingdom,223.92000000000002,189.0,0.0,59,0,discovery,374e4338ce45,2,0.6828154299623693,0.4624249849305887,Recent occasional customers
3,1475.43,133,1058,United Kingdom,491.80999999999995,352.6666666666667,0.03508771929824561,115,201,discovery,3b305d3aaeec,1,0.5348260042916269,1.4862990692113298,Established mid-value customers
1,239.4,13,106,United Kingdom,239.4,106.0,0.0,215,0,discovery,a47aa4c726bb,3,0.19766355630343477,1.4859997044939615,Long-recency customers
1,369.34000000000003,22,203,United Kingdom,369.34000000000003,203.0,0.0,66,0,discovery,7d56e0a4444f,2,0.7372172155630216,0.3938794614263209,Recent occasional customers
3,789.79,40,609,United Kingdom,263.2633333333333,203.0,0.023255813953488372,8,23,discovery,6216fbc90aa0,0,1.3592303263557375,0.0865243987807085,High-value frequent customers
1,316.62,13,341,United Kingdom,316.62,341.0,0.0,97,0,discovery,b7da0835f47d,3,0.7966226290467645,0.2005609334309767,Long-recency customers
3,1207.24,51,480,United Kingdom,402.4133333333334,160.0,0.0,20,125,discovery,d98f10a8732e,1,0.8789216215564738,0.3255114878630484,Established mid-value customers
1,611.85,23,319,United Kingdom,611.85,319.0,0.041666666666666664,199,0,discovery,595bdc83282e,3,0.8480535397697857,0.8674252424441418,Long-recency customers
13,2790.9500000000003,209,1253,United Kingdom,214.68846153846155,96.38461538461539,0.016853932584269662,4,140,discovery,29e14e70a6d5,0,0.6366917590153471,1.6645126589744172,High-value frequent customers
1,34.0,1,4,United Kingdom,34.0,4.0,0.0,295,0,discovery,655257bd4130,3,1.8870136943555764,0.9670294044039729,Long-recency customers
2,1145.6,17,536,United Kingdom,572.8,268.0,0.0,274,0,discovery,ad465d5a3952,1,1.380784796858566,0.15900019750921257,Established mid-value customers
11,5575.56,148,4423,United Kingdom,506.86909090909097,402.09090909090907,0.0,31,286,discovery,cc8a2de98bc7,0,0.878068362740826,0.8833174312165816,High-value frequent customers
3,478.09000000000003,47,196,United Kingdom,159.36333333333334,65.33333333333333,0.06896551724137931,48,224,discovery,23f0b828ef90,1,0.6700840073928332,0.5789957486278726,Established mid-value customers
1,361.54,33,80,United Kingdom,361.54,80.0,0.0,261,0,discovery,a88c3855febe,3,0.46194465102491394,1.399766994978807,Long-recency customers
5,2242.61,200,1487,United Kingdom,448.52200000000005,297.4,0.0,34,305,discovery,201b292b2985,0,0.8817164189745716,0.04137543927967202,High-value frequent customers
4,661.52,36,322,United Kingdom,165.38,80.5,0.02040816326530612,68,111,discovery,a375010fecd9,1,0.45948396311922124,1.2664142805290886,Established mid-value customers
11,1691.51,84,439,United Kingdom,153.77363636363637,39.90909090909091,0.0,11,357,discovery,c61e8e06a4a2,0,0.5117762492122078,1.2300453039125236,High-value frequent customers
1,371.54,61,254,United Kingdom,371.54,254.0,0.0,61,0,discovery,023078270f23,2,0.6879334036912571,0.5025277054151632,Recent occasional customers
2,222.62,45,62,United Kingdom,111.31,31.0,0.0,81,177,discovery,aa4e05d581ae,2,1.010908481767891,0.1561340712674395,Recent occasional customers
2,245.94,16,194,United Kingdom,122.97,97.0,0.0,75,200,discovery,98fcbf5f71c2,2,0.9446207790214181,0.2705373999938676,Recent occasional customers
22,10611.720000000001,161,5301,United Kingdom,482.35090909090917,240.95454545454547,0.03216374269005848,3,364,discovery,733b5fa31a12,0,1.2196024446176492,1.7002969119444098,High-value frequent customers
2,422.24,51,270,United Kingdom,211.12,135.0,0.0,101,159,discovery,0145ff4136bd,1,0.9861983567435013,0.17036172865018218,Established mid-value customers
1,311.25,17,113,United Kingdom,311.25,113.0,0.10526315789473684,373,0,discovery,a614c0fb2438,3,0.6113285259872767,1.5887792812393249,Long-recency customers
13,2267.9500000000003,103,705,United Kingdom,174.4576923076923,54.23076923076923,0.03684210526315789,11,355,discovery,9546cac8774b,0,0.44635914322813347,1.4192192893173894,High-value frequent customers
1,107.6,3,24,United Kingdom,107.6,24.0,0.0,20,0,discovery,f05f2cbbac4d,2,1.0237182514103547,1.0237047968622057,Recent occasional customers
2,594.39,138,304,United Kingdom,297.19500000000005,152.0,0.0,124,131,discovery,d030bc34b104,1,0.8929892104156507,0.33022220970855964,Established mid-value customers
1,80.8,5,32,United Kingdom,80.8,32.0,0.0,9,0,discovery,4b51157b1fc3,2,1.4598326595607627,1.1446158678673324,Recent occasional customers
6,1545.6200000000001,88,898,United Kingdom,257.60333333333335,149.66666666666666,0.021052631578947368,4,34,discovery,5e70d40a4f37,0,0.7139534813798674,1.2222980007805166,High-value frequent customers
7,1705.78,218,757,United Kingdom,243.68285714285713,108.14285714285714,0.006329113924050633,30,303,discovery,22f02caffc98,0,0.8072913081664729,0.2775795745474098,High-value frequent customers
2,110.38000000000001,11,44,United Kingdom,55.190000000000005,22.0,0.0,283,0,discovery,bc36ff772056,3,1.0610606316966154,1.1182708788862321,Long-recency customers
1,243.84,16,146,United Kingdom,243.84,146.0,0.0,58,0,discovery,a7febe49a0d2,2,0.6490841294091231,0.5096068908957275,Recent occasional customers
10,1196.5,142,923,United Kingdom,119.65,92.3,0.007142857142857143,2,179,discovery,aac8e15130e2,0,1.059319031672573,1.2842758544658248,High-value frequent customers
1,414.88,64,239,United Kingdom,414.88,239.0,0.0,366,0,discovery,103b1a27f8e3,3,0.7341794937960153,1.465801498246102,Long-recency customers
1,1162.65,148,524,United Kingdom,1162.65,524.0,0.0,12,0,discovery,6f303fd45ca9,2,1.3130622045539033,0.6351082107532362,Recent occasional customers
4,1594.23,72,493,United Kingdom,398.5575,123.25,0.375,164,110,discovery,e55b400b18e6,1,0.8885301815480091,1.3012621833639118,Established mid-value customers
1,332.3,24,245,United Kingdom,332.3,245.0,0.0,66,0,discovery,b90dcad4e5ee,2,0.719092050362079,0.38320272841914327,Recent occasional customers
3,536.99,59,246,United Kingdom,178.99666666666667,82.0,0.0,24,247,discovery,881fe582ad62,1,0.9148635010752216,0.32489355895919914,Established mid-value customers
2,460.59,94,539,United Kingdom,230.29500000000002,269.5,0.0,174,187,discovery,3d3c5ee62f77,3,0.993443159604263,0.2051897092713384,Long-recency customers
4,762.16,68,356,United Kingdom,190.54,89.0,0.0,104,136,discovery,199e4dc9760f,1,0.5329934282220329,1.3933581272401954,Established mid-value customers
3,1121.59,57,778,United Kingdom,373.8633333333334,259.3333333333333,0.0,143,128,discovery,c64f1c99c85e,1,0.6568059557624218,1.2189657742037983,Established mid-value customers
2,288.42,21,196,United Kingdom,144.21,98.0,0.0,100,175,discovery,9d2daa720e99,3,1.0584140949267105,0.06547473407249793,Long-recency customers
5,914.69,79,652,United Kingdom,182.93800000000002,130.4,0.006666666666666667,24,239,discovery,0ceb6b2e7e5d,1,0.9172094856505063,0.1730877125871374,Established mid-value customers
1,309.54,15,114,United Kingdom,309.54,114.0,0.0625,193,0,discovery,02764dfd515a,3,0.3380406671007511,1.2380800287537341,Long-recency customers
2,547.07,26,477,United Kingdom,273.53499999999997,238.5,0.0,5,13,discovery,d4aabe790826,2,1.3302800482854158,0.5111906440537661,Recent occasional customers
1,479.35,15,81,United Kingdom,479.35,81.0,0.0,361,0,discovery,5216378a62fc,3,0.8126925411933722,1.3929981084586003,Long-recency customers
10,1652.18,248,1501,United Kingdom,165.21800000000002,150.1,0.0,9,196,discovery,b87e29e716fa,0,0.49813997408366006,1.2863864841057495,High-value frequent customers
21,6416.7,122,2697,United Kingdom,305.5571428571428,128.42857142857142,0.003125,15,355,discovery,43759b1fd5df,0,0.8394898964747234,1.4004736680994503,High-value frequent customers
4,417.06,28,274,United Kingdom,104.265,68.5,0.0,104,255,discovery,239f3847235b,1,0.8752601412567251,0.9075496784145571,Established mid-value customers
9,1604.75,73,822,United Kingdom,178.30555555555554,91.33333333333333,0.09473684210526316,3,366,discovery,2043e2ed77d9,0,0.7882159376114676,1.4030351982836886,High-value frequent customers
1,497.61,26,307,United Kingdom,497.61,307.0,0.0,96,0,discovery,79754e39170b,3,0.9994246587464349,0.08199849377709689,Long-recency customers
1,358.38,34,136,United Kingdom,358.38,136.0,0.0,228,0,discovery,ee3d0e1596d5,3,0.42537833587579077,1.310018506315528,Long-recency customers
2,460.64,23,236,United Kingdom,230.32,118.0,0.0,16,149,discovery,de4e48259914,2,0.8174531527235745,0.5167588783474878,Recent occasional customers
1,341.7,22,158,United Kingdom,341.7,158.0,0.0,52,0,discovery,345272f70ba3,2,0.5742523465830522,0.7117804833095807,Recent occasional customers
2,128.5,8,59,United Kingdom,64.25,29.5,0.0,94,19,discovery,305b94f53483,3,1.2051642834274419,0.11020021764630039,Long-recency customers
1,197.22,11,99,United Kingdom,197.22,99.0,0.0,157,0,discovery,1e4c1d140828,3,0.3908563328936029,1.0476329953032222,Long-recency customers
1,325.91,23,264,United Kingdom,325.91,264.0,0.0,39,0,discovery,b7cee9bb5924,2,0.43026161239409466,1.0555127012961671,Recent occasional customers
3,199.15,11,33,United Kingdom,66.38333333333334,11.0,0.0,185,33,discovery,2be52dc318ca,3,1.3139166721761224,0.32496084436241013,Long-recency customers
4,1106.53,46,440,United Kingdom,276.6325,110.0,0.0,2,333,discovery,e25be5ba4858,0,1.21914051848634,0.8693684706170179,High-value frequent customers
1,413.46,24,358,United Kingdom,413.46,358.0,0.0,228,0,discovery,762b987554ff,3,0.5353349007717435,1.2157713153525478,Long-recency customers
2,180.85,10,61,United Kingdom,90.425,30.5,0.0,129,245,discovery,d694daae6395,3,0.9368958604134515,0.4477029575237924,Long-recency customers
2,251.87,11,165,United Kingdom,125.935,82.5,0.0,40,77,discovery,efca4a30eb9d,2,0.6551817077537786,0.7005721925904246,Recent occasional customers
11,3170.98,123,1563,United Kingdom,288.2709090909091,142.0909090909091,0.006024096385542169,32,214,discovery,5feed15c38ce,0,0.7966352314435016,0.7233739477373428,High-value frequent customers
2,588.85,24,185,United Kingdom,294.425,92.5,0.038461538461538464,198,91,discovery,12f0a4c66979,3,1.1086611051596609,0.08503780239238123,Long-recency customers
34,16594.35,114,8975,United Kingdom,488.06911764705876,263.97058823529414,0.10738255033557047,9,361,discovery,f7bd13fc5ea6,0,1.3570035786138155,1.499548768377026,High-value frequent customers
3,1264.19,45,693,United Kingdom,421.3966666666667,231.0,0.015625,101,202,discovery,a6547b5480d8,1,0.3842785489055255,1.5059051997917,Established mid-value customers
16,10196.57,226,10159,United Kingdom,637.285625,634.9375,0.002638522427440633,43,285,discovery,a4feee7f01ad,0,1.344518594025559,0.7760142119824145,High-value frequent customers
1,193.44,12,78,United Kingdom,193.44,78.0,0.0,44,0,discovery,533c376a854d,2,0.603035317974864,0.7741888547557252,Recent occasional customers
1,124.57,8,33,United Kingdom,124.57,33.0,0.0,187,0,discovery,09455d303abd,3,0.6197527786852347,1.1130109998211837,Long-recency customers
1,332.41,19,249,United Kingdom,332.41,249.0,0.0,334,0,discovery,5e93a1e59ec3,3,0.550386283143362,1.5427346333421457,Long-recency customers
2,144.91000000000003,9,56,United Kingdom,72.455,28.0,0.0,11,166,discovery,c449f54011dd,2,1.0843462526294394,1.074484934320074,Recent occasional customers
1,35.400000000000006,2,12,United Kingdom,35.400000000000006,12.0,0.0,15,0,discovery,02952784c110,2,2.1047754968069556,0.6742781259647939,Recent occasional customers
1,375.69000000000005,9,91,United Kingdom,375.69000000000005,91.0,0.23076923076923078,369,0,discovery,198ca6b4b043,3,0.6859876964668238,1.5126027036281893,Long-recency customers
2,747.81,50,827,United Kingdom,373.905,413.5,0.2777777777777778,145,117,discovery,9d90a996a8c6,1,0.9122653723987031,0.3924455300035128,Established mid-value customers
2,173.76,6,140,United Kingdom,86.88,70.0,0.25,60,99,discovery,3c663f54e09d,2,0.9313364223383382,0.4502468470214527,Recent occasional customers
2,502.8,25,409,United Kingdom,251.4,204.5,0.07142857142857142,32,335,discovery,2501be52637c,2,0.7520936124681273,0.2265699561281087,Recent occasional customers
3,207.73999999999998,10,60,United Kingdom,69.24666666666666,20.0,0.0,141,21,discovery,e99e028942fb,3,1.3614713018530538,0.12475549372593475,Long-recency customers
4,817.12,113,583,United Kingdom,204.28,145.75,0.0078125,23,153,discovery,b7a33e295ca2,1,0.8496443766262501,0.39019979704411456,Established mid-value customers
6,2812.34,131,1253,United Kingdom,468.72333333333336,208.83333333333334,0.014388489208633094,23,248,discovery,4919b0fe34ba,0,0.5400430427848915,0.733612062837838,High-value frequent customers
3,680.02,5,600,United Kingdom,226.67333333333332,200.0,0.0,78,107,discovery,1381e73e8af5,1,0.36339761472053295,1.1534115774780997,Established mid-value customers
6,7123.62,179,3840,United Kingdom,1187.27,640.0,0.03460207612456748,5,360,discovery,e2cd5bef8d67,0,0.7129164591851032,1.5517924372005005,High-value frequent customers
5,2095.53,93,1069,United Kingdom,419.10600000000005,213.8,0.08943089430894309,68,272,discovery,9dff224ffb5c,1,0.7394680613121327,0.6412805177836647,Established mid-value customers
6,846.62,111,458,United Kingdom,141.10333333333332,76.33333333333333,0.0,13,196,discovery,3ebedf98dc22,0,0.9695945283543592,0.3796315508357335,High-value frequent customers
1,13.3,3,12,United Kingdom,13.3,12.0,0.5,85,0,discovery,f1866a2f2981,3,2.979376056353219,0.21213065813721776,Long-recency customers
7,1491.43,121,746,United Kingdom,213.0614285714286,106.57142857142857,0.0,31,159,discovery,f562a87075f1,0,0.8810253769682208,0.16089305034673274,High-value frequent customers
3,705.12,39,424,United Kingdom,235.04,141.33333333333334,0.0,67,251,discovery,27dadbefbc4e,1,0.30836904950787736,1.1661979160070968,Established mid-value customers
2,272.48,33,103,United Kingdom,136.24,51.5,0.0,188,184,discovery,8042d9223cda,3,0.7978356752424787,0.7333584883967408,Long-recency customers
2,429.84000000000003,26,320,United Kingdom,214.92000000000002,160.0,0.0,38,0,discovery,7ac44ca5693d,2,0.7043997094552165,0.2982806452477097,Recent occasional customers
3,450.41,82,178,United Kingdom,150.13666666666666,59.333333333333336,0.0,16,342,discovery,2ebd6343cdb4,1,1.2179773167037302,0.030351088974242213,Established mid-value customers
3,1578.67,112,925,United Kingdom,526.2233333333332,308.3333333333333,0.0,195,142,discovery,f361eb404f77,1,0.9868743213357801,1.0414526104177049,Established mid-value customers
5,518.19,87,236,United Kingdom,103.63799999999999,47.2,0.020202020202020204,2,182,discovery,f1a110bca4f2,0,1.5883075092493657,0.615427420149794,High-value frequent customers
1,145.93,44,62,United Kingdom,145.93,62.0,0.0,367,0,discovery,864dd41a5eee,3,0.6859270781958492,1.587385395680415,Long-recency customers
1,202.27,57,91,United Kingdom,202.27,91.0,0.0,65,0,discovery,b4140e6961e1,2,0.7774187442775069,0.299254665855915,Recent occasional customers
2,289.78,37,73,United Kingdom,144.89,36.5,0.1590909090909091,300,14,discovery,009b96c66121,3,0.8524798368975341,0.9437477617007308,Long-recency customers
3,501.03,150,412,United Kingdom,167.01,137.33333333333334,0.006329113924050633,27,342,discovery,09248e406b1b,1,0.8861539431545432,0.3248676558733331,Established mid-value customers
6,1271.06,80,520,United Kingdom,211.84333333333333,86.66666666666667,0.0,8,353,discovery,c8076be56f1f,0,0.6688650889055061,0.9276334822406063,High-value frequent customers
3,887.11,78,833,United Kingdom,295.7033333333333,277.6666666666667,0.036585365853658534,17,47,discovery,ecf471358a52,1,0.9853114362912835,0.3369650759567554,Established mid-value customers
1,1706.88,43,629,United Kingdom,1706.88,629.0,0.0,117,0,discovery,986568dcd9bb,1,1.652031535635383,0.06800557411777097,Established mid-value customers
1,363.2,50,247,United Kingdom,363.2,247.0,0.0,30,0,discovery,6cee3d4c2596,2,0.4092514452813512,1.280305421875899,Recent occasional customers
16,3653.75,387,1984,United Kingdom,228.359375,124.0,0.0,5,363,discovery,058d93d6905c,0,0.6517349367246479,1.6990755041082997,High-value frequent customers
7,3037.6,117,1381,United Kingdom,433.9428571428571,197.28571428571428,0.005,6,366,discovery,0f3a7c53211e,0,0.2997308521643672,1.65269202629777,High-value frequent customers
4,559.59,74,263,United Kingdom,139.8975,65.75,0.0,82,167,discovery,76aaf9e74ed7,1,0.5975167938725109,1.143090800132414,Established mid-value customers
5,928.76,89,286,United Kingdom,185.752,57.2,0.0,30,336,discovery,16df4f5f090f,1,0.7942921922667822,0.37160910642460443,Established mid-value customers
1,379.14,18,436,United Kingdom,379.14,436.0,0.05263157894736842,73,0,discovery,4e9b0d8b015a,2,0.8109688131796708,0.2548642078468557,Recent occasional customers
8,1508.96,318,884,United Kingdom,188.62,110.5,0.0,5,87,discovery,69558d69d867,0,0.6389631609836133,1.3009450181407165,High-value frequent customers
11,2555.58,88,1025,United Kingdom,232.32545454545453,93.18181818181819,0.038461538461538464,29,295,discovery,d8a9bd4b8269,0,0.7411029783679524,0.731274088246314,High-value frequent customers
1,113.44,8,82,United Kingdom,113.44,82.0,0.0,291,0,discovery,24340d1091da,3,0.7389587726985694,1.4020497868778792,Long-recency customers
1,183.76,25,112,United Kingdom,183.76,112.0,0.0,37,0,discovery,cdd112142a12,2,0.5841936392092761,0.9253417478000665,Recent occasional customers
6,621.6800000000001,46,132,United Kingdom,103.61333333333334,22.0,0.0,10,274,discovery,859f85ff6404,0,1.2026900016891333,0.32826146811786905,High-value frequent customers
2,562.41,129,431,United Kingdom,281.20500000000004,215.5,0.0,24,349,discovery,256abc9c4d6b,2,0.8202113157483123,0.23809857923483146,Recent occasional customers
1,391.52,9,232,United Kingdom,391.52,232.0,0.0,277,0,discovery,e5da95d861e8,3,0.540770205699529,1.384362698278366,Long-recency customers
6,1068.82,97,721,United Kingdom,178.13666666666666,120.16666666666667,0.015384615384615385,50,268,discovery,305c0516a589,1,0.7279521081480178,0.5975776117653024,Established mid-value customers
11,2592.25,141,1403,United Kingdom,235.6590909090909,127.54545454545455,0.0,157,212,discovery,c6265952265b,1,1.5309287677373336,0.5153131114729836,Established mid-value customers
19,7069.08,313,3344,United Kingdom,372.0568421052632,176.0,0.036923076923076927,13,350,discovery,87078d3bc4c9,0,0.8284247873226992,1.463118307924308,High-value frequent customers
3,829.89,69,467,United Kingdom,276.63,155.66666666666666,0.06896551724137931,22,63,discovery,ffdf4c1bb777,1,0.8266431589049975,0.5805695125500937,Established mid-value customers
1,230.25,14,35,United Kingdom,230.25,35.0,0.0,372,0,discovery,c56278e47281,3,0.5532209136800867,1.6546710700500005,Long-recency customers
3,543.05,5,993,United Kingdom,181.01666666666665,331.0,0.0,116,246,discovery,06b45f4a8c3b,1,0.6993612131182457,0.8919911128913415,Established mid-value customers
17,2814.7,69,2092,United Kingdom,165.5705882352941,123.05882352941177,0.019230769230769232,81,293,discovery,e13b57a2d997,0,1.5497420894260754,0.04150529341886533,High-value frequent customers
7,1295.39,51,929,United Kingdom,185.0557142857143,132.71428571428572,0.0,4,152,discovery,8776902084d9,0,0.7919586147002061,1.1806715750220378,High-value frequent customers
3,378.89,47,339,United Kingdom,126.29666666666667,113.0,0.0,27,42,discovery,5d94b1f6d93b,1,1.0547549593729946,0.0907748375362254,Established mid-value customers
21,4554.87,448,3134,United Kingdom,216.89857142857142,149.23809523809524,0.0,6,364,discovery,9aa1e331c571,0,0.7507253005673159,1.6736140845376823,High-value frequent customers
1,150.23000000000002,44,82,United Kingdom,150.23000000000002,82.0,0.0,54,0,discovery,c8b2a9acb882,2,0.8405363408836041,0.4351811199896033,Recent occasional customers
2,563.23,42,288,United Kingdom,281.615,144.0,0.10204081632653061,2,238,discovery,88cdad3ffcbd,2,1.6694082707833382,0.4007608303094554,Recent occasional customers
2,931.03,59,397,United Kingdom,465.515,198.5,0.0,55,0,discovery,b4a96809e772,1,0.5923102900038264,0.6191778221757935,Established mid-value customers
4,2711.6800000000003,212,2533,United Kingdom,677.9200000000001,633.25,0.00423728813559322,9,300,discovery,0cd8f88db6bd,0,0.5875053711594076,0.9746840525488765,High-value frequent customers
3,3049.88,226,2169,United Kingdom,1016.6266666666667,723.0,0.0,53,237,discovery,b5f4b0e2d31b,1,0.8083617303446848,0.6316416877825461,Established mid-value customers
9,1904.99,159,805,United Kingdom,211.66555555555556,89.44444444444444,0.007168458781362007,13,215,discovery,7075ae4243fb,0,0.3919029238365147,1.2101595429231589,High-value frequent customers
3,816.73,23,145,United Kingdom,272.24333333333334,48.333333333333336,0.0,212,107,discovery,f26c3b0de7e5,1,1.0300100774770522,0.6401682391513484,Established mid-value customers
19,4345.5,137,2725,United Kingdom,228.71052631578948,143.42105263157896,0.0,22,337,discovery,a2fc719b6720,0,0.7974378316621914,1.1590650604678836,High-value frequent customers
1,406.48,21,312,United Kingdom,406.48,312.0,0.0,236,0,discovery,0f579cb55c16,3,0.5255334612893642,1.2548355996761864,Long-recency customers
3,435.02,15,1614,United Kingdom,145.00666666666666,538.0,0.0,139,187,discovery,6913851a85be,1,0.9412837842028775,0.5232261586867238,Established mid-value customers
3,1178.56,39,644,United Kingdom,392.8533333333333,214.66666666666666,0.0,57,311,discovery,0bcdb8b0227e,1,0.1557051464092542,1.4801230608496971,Established mid-value customers
3,1277.75,73,1318,United Kingdom,425.9166666666667,439.3333333333333,0.011494252873563218,135,170,discovery,8963f1969e56,1,0.6236576460508113,1.3328569578444123,Established mid-value customers
2,167.61,16,92,United Kingdom,83.805,46.0,0.0,110,0,discovery,bbaaf31e3f37,3,1.0320054437610566,0.26361150431660874,Long-recency customers
1,20.8,1,10,United Kingdom,20.8,10.0,0.0,31,0,discovery,1a6e3655c3bb,2,2.608975419064,0.26460458553177135,Recent occasional customers
9,2085.08,40,1054,United Kingdom,231.67555555555555,117.11111111111111,0.0,1,359,discovery,e96879168946,0,1.0421094745018429,1.5120507104612606,High-value frequent customers
1,308.74,16,114,United Kingdom,308.74,114.0,0.1111111111111111,18,0,discovery,fa5ce98b44e6,2,0.49755087483882215,1.5078047207301437,Recent occasional customers
2,416.64,15,172,United Kingdom,208.32,86.0,0.0,240,42,discovery,ba61d13ccd96,3,0.9265051333584247,0.5363125096225072,Long-recency customers
1,117.35000000000001,7,49,United Kingdom,117.35000000000001,49.0,0.0,88,0,discovery,98da5d8de892,3,1.038392376789992,0.20497546371599218,Long-recency customers
3,507.05,92,304,United Kingdom,169.01666666666668,101.33333333333333,0.0,39,214,discovery,25fbf3648487,1,0.701371748878583,0.5291377806829866,Established mid-value customers
1,234.17,14,125,United Kingdom,234.17,125.0,0.0,117,0,discovery,46b011b23479,3,0.596770135947643,0.5667239543766901,Long-recency customers
1,110.55000000000001,7,35,United Kingdom,110.55000000000001,35.0,0.0,188,0,discovery,d9a03a79f942,3,0.7236392780635672,1.0667581161450979,Long-recency customers
7,2154.97,8,1981,United Kingdom,307.8528571428571,283.0,0.0967741935483871,9,232,discovery,5df62e1f976d,0,0.25569206220125007,1.429402308746031,High-value frequent customers
1,319.02,21,333,United Kingdom,319.02,333.0,0.0,190,0,discovery,a1968288c67a,3,0.36269209927261786,1.2002541265766282,Long-recency customers
2,439.43,31,326,United Kingdom,219.715,163.0,0.0,5,103,discovery,a16336384735,2,1.2705120125668279,0.629232724715681,Recent occasional customers
1,357.21,40,72,United Kingdom,357.21,72.0,0.023809523809523808,39,0,discovery,43a988a198e5,2,0.45226545548378894,1.0510437388596734,Recent occasional customers
1,251.51999999999998,2,88,United Kingdom,251.51999999999998,88.0,0.0,268,0,discovery,ea7c604ce98e,3,0.283704956254023,1.600239608711061,Long-recency customers
6,1852.0,64,865,United Kingdom,308.6666666666667,144.16666666666666,0.02197802197802198,4,294,discovery,5c1ca318dcb0,0,0.6313573760504134,1.3299514283088871,High-value frequent customers
2,1028.46,71,739,United Kingdom,514.23,369.5,0.0,256,36,discovery,c624e1ffa457,1,1.3193763305983777,0.1421811156552346,Established mid-value customers
2,4459.52,354,2380,United Kingdom,2229.76,1190.0,0.0267639902676399,89,42,discovery,6771714e272a,1,1.2177813038948893,0.89739174383037,Established mid-value customers
10,5464.12,62,1832,United Kingdom,546.412,183.2,0.008264462809917356,18,341,discovery,b8eb941f6322,0,0.577122211521353,1.2906686241236878,High-value frequent customers
2,1873.2,3,1040,United Kingdom,936.6,520.0,0.0,30,1,discovery,98489ef3e965,1,0.932225859166186,0.6565525816510638,Established mid-value customers
7,1616.8,74,401,United Kingdom,230.97142857142856,57.285714285714285,0.0,4,202,discovery,ef605682f893,0,0.6712240508768682,1.3223476100905627,High-value frequent customers
6,1133.25,7,1233,United Kingdom,188.875,205.5,0.0,8,143,discovery,fdaae6c841c2,0,0.7517140906394091,0.8387607809061612,High-value frequent customers
5,1614.31,84,860,United Kingdom,322.86199999999997,172.0,0.021052631578947368,11,274,discovery,54f7d20df8cf,0,0.5693564070807233,0.8220930182135204,High-value frequent customers
6,1456.96,13,544,United Kingdom,242.82666666666668,90.66666666666667,0.0975609756097561,31,323,discovery,10990378c7c7,0,0.9068246162413672,0.027111891850290726,High-value frequent customers
4,295.0,1,76,United Kingdom,73.75,19.0,0.3333333333333333,150,155,discovery,24d88a52b22e,1,1.2769284762498119,0.4030991927273633,Established mid-value customers
2,484.82,21,294,United Kingdom,242.41000000000003,147.0,0.0,24,51,discovery,3887798e58cc,2,0.7451727103983122,0.37469675649965584,Recent occasional customers
11,3989.57,75,2164,United Kingdom,362.6881818181818,196.72727272727272,0.0,1,358,discovery,151bc694b6c8,0,1.0551251071294372,1.683343412514994,High-value frequent customers
2,1312.1399999999999,38,771,United Kingdom,656.07,385.5,0.0,47,46,discovery,9b4d58679d1b,1,0.6510883849531489,0.7402468551835385,Established mid-value customers
4,781.78,37,272,United Kingdom,195.445,68.0,0.0,5,71,discovery,4dcceb52dccc,0,1.2241559070137797,0.49061983624497096,High-value frequent customers
6,889.9300000000001,50,597,United Kingdom,148.3216666666667,99.5,0.018867924528301886,51,307,discovery,b6cf318dab6f,1,0.7332849428264707,0.6903462626577863,Established mid-value customers
1,270.9,15,186,United Kingdom,270.9,186.0,0.0,31,0,discovery,c2e32af63933,2,0.37835818190590065,1.2486421524118332,Recent occasional customers
3,583.4300000000001,63,243,United Kingdom,194.4766666666667,81.0,0.0136986301369863,9,58,discovery,f58981edd761,1,1.4383770402476799,0.03162310387456024,Established mid-value customers
3,1838.6100000000001,182,1978,United Kingdom,612.87,659.3333333333334,0.0,29,157,discovery,c9223ef8352f,1,0.7514947872020257,0.43387267472578217,Established mid-value customers
20,8694.26,88,6673,United Kingdom,434.713,333.65,0.05970149253731343,3,370,discovery,94f219617195,0,1.1173241239050813,1.7151994780812054,High-value frequent customers
2,920.1,15,176,United Kingdom,460.05,88.0,0.0,41,285,discovery,0cba88035dd2,1,0.6824623939552772,0.4543412703206273,Established mid-value customers
4,1258.08,166,820,United Kingdom,314.52,205.0,0.0,12,357,discovery,bf13b42af1e9,0,0.8654621817726458,0.37178100862670616,High-value frequent customers
1,71.0,7,108,United Kingdom,71.0,108.0,0.0,32,0,discovery,b9a0003e6887,2,1.3719581676211583,0.5744988974759293,Recent occasional customers
3,95.85,2,69,United Kingdom,31.95,23.0,0.0,46,112,discovery,7931022a7a2c,2,1.5586319749764959,0.4648711909599086,Recent occasional customers
3,357.77,8,235,United Kingdom,119.25666666666666,78.33333333333333,0.0,61,313,discovery,dd6fc74ae525,1,0.8685783435860336,0.392052967811671,Established mid-value customers
2,154.82999999999998,4,97,United Kingdom,77.41499999999999,48.5,0.0,186,184,discovery,d99d28e3e9a6,3,0.8690877201884779,0.8446823449205942,Long-recency customers
6,877.5600000000001,110,416,United Kingdom,146.26,69.33333333333333,0.013333333333333334,79,239,discovery,91f3cf59d818,1,0.7224362857701837,0.9865602143677433,Established mid-value customers
1,146.87,11,146,United Kingdom,146.87,146.0,0.0,64,0,discovery,15189c7b17e3,2,0.9328891905635079,0.22606912628048947,Recent occasional customers
3,745.52,28,410,United Kingdom,248.50666666666666,136.66666666666666,0.0625,17,271,discovery,99b68a7b870d,1,1.0116740945575913,0.3994267627075929,Established mid-value customers
1,1267.32,75,656,United Kingdom,1267.32,656.0,0.025974025974025976,88,0,discovery,d273b5cf8152,2,1.497169039849242,0.06508643219098476,Recent occasional customers
1,112.4,22,28,United Kingdom,112.4,28.0,0.0,31,0,discovery,aea604c614e1,2,0.9519291160187714,0.8012451941702082,Recent occasional customers
5,1036.58,74,990,United Kingdom,207.31599999999997,198.0,0.0,3,245,discovery,6897a26af018,0,1.0607891128626166,0.9185784618587363,High-value frequent customers
4,1735.18,100,998,United Kingdom,433.795,249.5,0.0,33,234,discovery,d2cea94a6da9,1,0.7120608315723972,0.3235433102901407,Established mid-value customers
1,948.48,6,504,United Kingdom,948.48,504.0,0.4,26,0,discovery,c29961cceb91,2,1.0305242311184717,0.6566760901748578,Recent occasional customers
3,339.44,20,106,United Kingdom,113.14666666666666,35.333333333333336,0.0,114,134,discovery,c5c250965a84,1,1.0184095889315794,0.44280167227335987,Established mid-value customers
1,642.02,22,510,United Kingdom,642.02,510.0,0.0,158,0,discovery,04be2a82b7a8,3,0.9307104523596998,0.6114899450329212,Long-recency customers
3,1100.9,59,533,United Kingdom,366.9666666666667,177.66666666666666,0.0,86,120,discovery,87a3d83a03ac,1,0.22548031887671421,1.5339117464102432,Established mid-value customers
3,925.35,41,485,United Kingdom,308.45,161.66666666666666,0.10416666666666667,118,214,discovery,2190d01f32e3,1,0.49464059111742725,1.325766311741393,Established mid-value customers
9,5655.03,201,2673,United Kingdom,628.3366666666667,297.0,0.012461059190031152,3,273,discovery,a3385072d611,0,0.7690947796858038,1.710595364126502,High-value frequent customers
6,3185.64,169,1595,United Kingdom,530.9399999999999,265.8333333333333,0.0,97,203,discovery,05ffe590e19c,1,1.1200951158621169,0.4925032175930568,Established mid-value customers
1,399.09,72,251,United Kingdom,399.09,251.0,0.0,29,0,discovery,3474595978a1,2,0.44943273306182957,1.2831014750373753,Recent occasional customers
1,498.48,13,122,United Kingdom,498.48,122.0,0.07142857142857142,131,0,discovery,ab73617ded57,3,0.8251932530754597,0.4904983602947931,Long-recency customers
5,1356.33,64,804,United Kingdom,271.26599999999996,160.8,0.011904761904761904,29,217,discovery,5a66191caa6b,1,0.8326254094006813,0.11892005412189555,Established mid-value customers
3,1179.89,51,592,United Kingdom,393.2966666666667,197.33333333333334,0.0,82,158,discovery,fd21e683624d,1,0.20697933050643874,1.5675025196904109,Established mid-value customers
5,3080.39,292,1850,United Kingdom,616.078,370.0,0.0,30,340,discovery,8d6e7b41cb6f,0,0.7746844982800188,0.346306636860667,High-value frequent customers
1,234.24,5,216,United Kingdom,234.24,216.0,0.0,267,0,discovery,beebfb4fe02a,3,0.2727210617443467,1.6134549432101528,Long-recency customers
11,5232.2300000000005,57,1526,United Kingdom,475.65727272727275,138.72727272727272,0.019801980198019802,74,159,discovery,81b7f3c5c945,0,1.4583944239200388,0.18147618696701762,High-value frequent customers
7,1461.14,66,770,United Kingdom,208.7342857142857,110.0,0.04878048780487805,22,268,discovery,07aed8f68493,0,0.7124532913500637,0.47264565239257317,High-value frequent customers
3,855.45,53,316,United Kingdom,285.15000000000003,105.33333333333333,0.0,59,269,discovery,0e5e32ca5294,1,0.18042991766479524,1.3377676697106509,Established mid-value customers
21,4552.14,116,2164,United Kingdom,216.76857142857145,103.04761904761905,0.003367003367003367,13,356,discovery,4da393db53c6,0,0.7033583839810416,1.4603298385863657,High-value frequent customers
9,2709.7000000000003,111,1506,United Kingdom,301.0777777777778,167.33333333333334,0.07142857142857142,29,345,discovery,42a10ea86325,0,0.6925292050005405,0.6956148355295442,High-value frequent customers
1,304.24,62,131,United Kingdom,304.24,131.0,0.0,115,0,discovery,c2963122dbe0,3,0.6545146868164599,0.4771168391791484,Long-recency customers
9,2429.03,102,1197,United Kingdom,269.89222222222224,133.0,0.05405405405405406,29,281,discovery,b14b98b0ee18,0,0.7054363983224992,0.6449948684220772,High-value frequent customers
4,1446.09,142,759,United Kingdom,361.5225,189.75,0.0,18,92,discovery,14d0a469e380,0,0.8589635639845592,0.15554656253008292,High-value frequent customers
4,834.12,62,292,United Kingdom,208.53,73.0,0.0375,18,300,discovery,e6fd9522abc4,1,0.9979217555354645,0.1710081735336082,Established mid-value customers
2,378.2,28,788,United Kingdom,189.1,394.0,0.0,37,0,discovery,b0221ec409d7,2,0.6572668775750702,0.4322974338659461,Recent occasional customers
1,118.80000000000001,2,24,United Kingdom,118.80000000000001,24.0,0.0,79,0,discovery,c3f82f54ab5c,3,1.1022685934008187,0.0744618829395487,Long-recency customers
2,287.62,8,166,United Kingdom,143.81,83.0,0.1111111111111111,23,247,discovery,975d3e43c96f,2,0.6234370690046173,0.8033424347817745,Recent occasional customers
2,288.91,55,77,United Kingdom,144.45499999999998,38.5,0.0,26,21,discovery,d4074cf80a55,2,0.6059329501406365,0.773918573339105,Recent occasional customers
2,2003.85,75,1049,United Kingdom,1001.9250000000001,524.5,0.0,34,285,discovery,634cb695ce14,1,0.9036881183957566,0.733865749222324,Established mid-value customers
3,1405.78,24,772,United Kingdom,468.5933333333333,257.3333333333333,0.0,110,194,discovery,c110eb660330,1,0.4840515453734712,1.4939199757333075,Established mid-value customers
5,1562.4,115,785,United Kingdom,312.48,157.0,0.010638297872340425,124,239,discovery,2c6c816f3ca4,1,0.803594807801643,1.1024849909182466,Established mid-value customers
6,2050.08,76,1859,United Kingdom,341.68,309.8333333333333,0.0,8,56,discovery,fb7587e2247e,0,0.3557925677933202,1.3122628541704966,High-value frequent customers
4,1991.01,96,868,United Kingdom,497.7525,217.0,0.0,29,225,discovery,751394798f8b,1,0.836317688366122,0.096856840100766,Established mid-value customers
7,1974.65,45,903,United Kingdom,282.09285714285716,129.0,0.016129032258064516,5,350,discovery,6509c2d25c9d,0,0.4955687806695788,1.4343854358186667,High-value frequent customers
4,1774.03,99,1130,United Kingdom,443.5075,282.5,0.0,51,227,discovery,e2620403a721,1,0.5341246803694938,0.7535260098189324,Established mid-value customers
1,302.0,14,152,United Kingdom,302.0,152.0,0.06666666666666667,323,0,discovery,5a4480da9b69,3,0.48179395009838766,1.5762543467881263,Long-recency customers
3,1324.16,69,618,United Kingdom,441.3866666666666,206.0,0.03896103896103896,23,312,discovery,6e68042fbee9,1,0.7993521840554683,0.4042385634197041,Established mid-value customers
4,1022.13,46,339,United Kingdom,255.5325,84.75,0.07692307692307693,16,246,discovery,7713dea21821,0,1.0206595929502393,0.03527023800069351,High-value frequent customers
8,954.42,153,459,Spain,119.3025,57.375,0.009389671361502348,3,363,discovery,2e76afb323c5,0,1.0564798553900419,1.0709487126640944,High-value frequent customers
2,971.74,65,800,United Kingdom,485.87,400.0,0.0,19,0,discovery,e01661b42b9b,1,1.0694065769513244,0.115026810566627,Established mid-value customers
4,1621.73,28,815,United Kingdom,405.4325,203.75,0.0,11,168,discovery,bc681670d11d,0,0.7319591052025171,0.5906969400272771,High-value frequent customers
2,665.78,80,693,United Kingdom,332.89,346.5,0.0,160,147,discovery,2fe4deda7efe,1,1.0068902442243999,0.2055258664981634,Established mid-value customers
6,10797.48,269,4826,United Kingdom,1799.58,804.3333333333334,0.007159904534606206,34,245,discovery,22f96078ca2b,0,1.1567201093877932,0.6742013754130813,High-value frequent customers
6,881.29,107,588,United Kingdom,146.88166666666666,98.0,0.03333333333333333,30,203,discovery,7b5118b87753,1,0.9220183975926125,0.23697735477787585,Established mid-value customers
1,163.29999999999998,12,50,United Kingdom,163.29999999999998,50.0,0.0,166,0,discovery,bf27566c4783,3,0.45231887735429194,1.0835614894270493,Long-recency customers
1,231.61,29,282,United Kingdom,231.61,282.0,0.0,48,0,discovery,1ea1cd86afa1,2,0.5585020060152865,0.7436913001505376,Recent occasional customers
8,801.12,85,215,United Kingdom,100.14,26.875,0.061068702290076333,6,329,discovery,a6232388d23e,0,1.0335769076629955,0.8169799131006672,High-value frequent customers
3,837.5,33,372,United Kingdom,279.1666666666667,124.0,0.09302325581395349,9,225,discovery,b55a6b70a761,0,1.3200844666591836,0.05385288492642171,High-value frequent customers
1,116.19999999999999,9,68,United Kingdom,116.19999999999999,68.0,0.0,289,0,discovery,2a969b985437,3,0.7162780756448116,1.409558103795613,Long-recency customers
2,606.91,35,334,United Kingdom,303.455,167.0,0.07894736842105263,4,56,discovery,b33dd12c5732,2,1.4504678053984341,0.4680037140446476,Recent occasional customers
1,138.32,7,80,United Kingdom,138.32,80.0,0.0,120,0,discovery,395484d98618,3,0.744814905618794,0.6062562448956166,Long-recency customers
1,345.29999999999995,9,246,United Kingdom,345.29999999999995,246.0,0.0,162,0,discovery,1cb4c618ae35,3,0.48265846096915654,0.9442203803582426,Long-recency customers
1,294.24,31,129,United Kingdom,294.24,129.0,0.0,186,0,discovery,443698e39054,3,0.32146089076517037,1.2210569204163046,Long-recency customers
1,230.5,34,281,United Kingdom,230.5,281.0,0.0,51,0,discovery,cb3cfe042e5b,2,0.5910875020557789,0.6653034439755265,Recent occasional customers
5,989.45,187,780,United Kingdom,197.89000000000001,156.0,0.008,153,210,discovery,f095cfdd627b,1,0.8845712219981355,1.3041216614972537,Established mid-value customers
1,157.09,14,76,United Kingdom,157.09,76.0,0.0,335,0,discovery,23eb95c6a61c,3,0.577953918163417,1.5904330885715556,Long-recency customers
5,2463.17,78,983,United Kingdom,492.634,196.6,0.0,6,70,discovery,13a8c0e33961,0,0.4776592741993047,1.3076782325638099,High-value frequent customers
7,4892.240000000001,13,2730,United Kingdom,698.8914285714285,390.0,0.0,16,251,discovery,f44f5bd4942f,0,0.42558899029029357,1.292380507962724,High-value frequent customers
2,413.2,21,98,United Kingdom,206.6,49.0,0.0,107,158,discovery,029b2fd9df38,1,1.0179135881650079,0.1019137046340095,Established mid-value customers
7,1139.73,34,1224,United Kingdom,162.81857142857143,174.85714285714286,0.0,17,355,discovery,a2879e75e3f3,0,0.7784940129853452,0.504413572525439,High-value frequent customers
1,380.5,24,126,United Kingdom,380.5,126.0,0.0,276,0,discovery,0d3ec68a17b7,3,0.51927976503871,1.3995603174029474,Long-recency customers
12,10650.77,309,5176,United Kingdom,887.5641666666667,431.3333333333333,0.018518518518518517,16,273,discovery,6a0ecff96b21,0,0.9353847086457623,1.3218726769967974,High-value frequent customers
3,749.78,33,212,United Kingdom,249.92666666666665,70.66666666666667,0.0,106,253,discovery,d84654ca80df,1,0.47043246983899517,1.2211795543531827,Established mid-value customers
1,124.88,9,82,United Kingdom,124.88,82.0,0.0,52,0,discovery,f4071b45c10c,2,0.9585575210991997,0.40660546877327164,Recent occasional customers
1,213.78,14,104,United Kingdom,213.78,104.0,0.0,25,0,discovery,773db9076014,2,0.47941748207465923,1.2933084819310372,Recent occasional customers
2,251.70000000000002,19,242,United Kingdom,125.85,121.0,0.0,18,160,discovery,193193ae12e5,2,0.6996602712631637,0.9050412192295128,Recent occasional customers
2,319.0,11,172,United Kingdom,159.5,86.0,0.13333333333333333,8,169,discovery,5e1269769a9d,2,1.0192228540992274,0.7957450964892558,Recent occasional customers
3,1266.97,53,778,United Kingdom,422.3233333333333,259.3333333333333,0.0,33,328,discovery,ad2179d081c0,1,0.5472199894464774,0.7983897193617052,Established mid-value customers
3,1538.88,96,1111,United Kingdom,512.96,370.3333333333333,0.00980392156862745,22,150,discovery,3dd2452c6d43,1,0.8606424878449529,0.2780886212317234,Established mid-value customers
6,3518.03,111,2856,United Kingdom,586.3383333333334,476.0,0.0,32,210,discovery,8384004c3704,0,0.7664613694372189,0.48620526146870335,High-value frequent customers
10,1715.46,81,1001,United Kingdom,171.546,100.1,0.009523809523809525,29,277,discovery,35e6b30a700f,0,0.8170957489706184,0.4969896450270873,High-value frequent customers
2,293.1,3,66,United Kingdom,146.55,33.0,0.0,22,57,discovery,edfeccd2cd31,2,0.6318489872683842,0.7995910110795151,Recent occasional customers
7,2467.35,92,1501,United Kingdom,352.4785714285714,214.42857142857142,0.006896551724137931,33,241,discovery,787ac773977c,0,0.7763221552847973,0.39468125909745877,High-value frequent customers
1,158.68,10,100,United Kingdom,158.68,100.0,0.0,285,0,discovery,8c63f143c47a,3,0.4707418171658979,1.544466902085464,Long-recency customers
2,206.34,11,78,United Kingdom,103.17,39.0,0.14285714285714285,39,165,discovery,5500401dc200,2,0.708646248763803,0.807455694775556,Recent occasional customers
2,835.78,51,526,United Kingdom,417.89,263.0,0.1,58,126,discovery,b0e5dc8dc624,1,0.6019800372347932,0.5622844604940678,Established mid-value customers
1,224.91,16,185,United Kingdom,224.91,185.0,0.0,290,0,discovery,59885cc3e28e,3,0.3349335921463111,1.6335843990857588,Long-recency customers
1,317.76,15,480,United Kingdom,317.76,480.0,0.0625,79,0,discovery,eda6ac668839,2,0.8418881238059905,0.1130174564296218,Recent occasional customers
8,3766.6,36,1122,United Kingdom,470.82500000000005,140.25,0.011494252873563218,6,126,discovery,8dad69a8a18a,0,0.34035670319988476,1.7226938967993402,High-value frequent customers
1,59.9,4,41,United Kingdom,59.9,41.0,0.0,218,0,discovery,73b293bd4289,3,1.293147409044312,0.9559842832753764,Long-recency customers
4,1443.69,42,866,United Kingdom,360.9225,216.5,0.015625,45,252,discovery,122601801723,1,0.4829135240651962,0.7820272741338052,Established mid-value customers
1,306.13,15,170,United Kingdom,306.13,170.0,0.0,202,0,discovery,5a0dfb1cd511,3,0.31861638630833305,1.2984023576309052,Long-recency customers
4,783.97,91,670,United Kingdom,195.9925,167.5,0.0234375,57,260,discovery,7c3ea2752903,1,0.381211057088987,1.266690539658879,Established mid-value customers
6,3347.31,42,1296,United Kingdom,557.8850000000001,216.0,0.039473684210526314,8,98,discovery,98cd3a842d2c,0,0.23390750013552966,1.569832114321363,High-value frequent customers
2,144.0,1,200,United Kingdom,72.0,100.0,0.0,47,14,discovery,bb1a23bd1f42,2,0.945700953178837,0.6308044278407638,Recent occasional customers
1,203.95,10,144,United Kingdom,203.95,144.0,0.0,227,0,discovery,9695c100a4c0,3,0.23062571152624306,1.5236235218933056,Long-recency customers
7,2474.23,71,1328,United Kingdom,353.4614285714286,189.71428571428572,0.056179775280898875,12,351,discovery,8d6023704546,0,0.17341764008697683,1.4155966341119046,High-value frequent customers
2,383.75,52,226,United Kingdom,191.875,113.0,0.0,107,253,discovery,dfc2d61e11e0,1,1.0643419014297182,0.029256708377562113,Established mid-value customers
2,444.74,19,161,United Kingdom,222.37,80.5,0.05,59,149,discovery,ee65fb148c96,2,0.8668299278015684,0.02516662996536234,Recent occasional customers
7,2093.68,163,1166,United Kingdom,299.09714285714284,166.57142857142858,0.0,29,340,discovery,f61297867218,0,0.7201533809779,0.4372405592554788,High-value frequent customers
2,262.62,26,119,United Kingdom,131.31,59.5,0.0,274,87,discovery,76eb9a9f2878,3,0.8093939744326655,0.9749785530723363,Long-recency customers
1,1013.01,29,191,United Kingdom,1013.01,191.0,0.0,30,0,discovery,a39f890daedc,2,1.0749261852077678,0.572247954862739,Recent occasional customers
1,289.78,38,231,United Kingdom,289.78,231.0,0.0,54,0,discovery,d10a2de8d234,2,0.5830163885305072,0.6450552085972198,Recent occasional customers
6,3560.08,116,2846,United Kingdom,593.3466666666667,474.3333333333333,0.0,36,25,discovery,17e6ab769d1f,0,0.8499384659170941,0.3739852207958201,High-value frequent customers
4,1564.56,44,646,United Kingdom,391.14000000000004,161.5,0.14925373134328357,176,88,discovery,d8c6fc1ea379,1,0.9403860481442065,1.3128120150047438,Established mid-value customers
1,384.08,13,884,United Kingdom,384.08,884.0,0.0,54,0,discovery,09598e6ecad6,2,0.6245264634157645,0.6638302706754958,Recent occasional customers
1,204.24,7,76,United Kingdom,204.24,76.0,0.0,54,0,discovery,998a4973e38d,2,0.6678535448715842,0.550517499639677,Recent occasional customers
1,226.85,4,147,United Kingdom,226.85,147.0,0.0,254,0,discovery,66b53e927365,3,0.24264514224803235,1.6001212897671149,Long-recency customers
7,2781.23,85,1176,United Kingdom,397.31857142857143,168.0,0.042682926829268296,41,326,discovery,ee7e8fb6edf2,0,0.9233908248952384,0.23651856638889546,High-value frequent customers
6,1059.1200000000001,79,272,United Kingdom,176.52,45.333333333333336,0.00980392156862745,61,299,discovery,61f0a425a5fb,1,0.6978206604338772,0.7590779737529032,Established mid-value customers
1,113.5,9,24,United Kingdom,113.5,24.0,0.0,235,0,discovery,ce8325f78f51,3,0.6892623015873159,1.2688889110989696,Long-recency customers
10,1951.97,146,955,United Kingdom,195.197,95.5,0.0,5,364,discovery,9b98ec576bcb,0,0.5502449789942209,1.5075550544863128,High-value frequent customers
1,114.23,24,89,United Kingdom,114.23,89.0,0.0,32,0,discovery,f964e17d2639,2,0.9390899681742553,0.7874672125888442,Recent occasional customers
14,3187.55,303,1897,United Kingdom,227.68214285714288,135.5,0.0,25,340,discovery,19309d2512d8,0,0.7159299590486186,0.9831940867782387,High-value frequent customers
2,334.48,59,287,United Kingdom,167.24,143.5,0.0,8,29,discovery,8250c6dfba26,2,1.022667214452607,0.7710040896409851,Recent occasional customers
1,328.65,27,122,United Kingdom,328.65,122.0,0.0,66,0,discovery,39af197bb8b2,2,0.7178202259301733,0.3818345456388731,Recent occasional customers
2,416.89,43,110,United Kingdom,208.44500000000002,55.0,0.0,311,58,discovery,b745f58aa585,3,0.9828849005200077,0.6810391757449133,Long-recency customers
1,393.49,21,406,United Kingdom,393.49,406.0,0.0,309,0,discovery,c1ff0cb73d5b,3,0.5965945729339689,1.4331915042185437,Long-recency customers
6,939.32,28,741,United Kingdom,156.5533333333333,123.5,0.0,19,350,discovery,9d537dfbeda9,0,0.958771588303185,0.18434969654517375,High-value frequent customers
2,318.76,39,185,United Kingdom,159.38,92.5,0.0,97,46,discovery,19cbd9f7ac02,3,1.0940578728170212,0.009918637832087907,Long-recency customers
8,3638.41,51,1651,United Kingdom,454.80125,206.375,0.0547945205479452,265,95,discovery,3f019d2aeb1e,1,1.7897608845907127,0.7240929262037976,Established mid-value customers
2,417.77,30,202,United Kingdom,208.885,101.0,0.0,3,12,discovery,70410ab1416a,2,1.4633396408579302,0.6597484889426903,Recent occasional customers
1,190.88,25,131,United Kingdom,190.88,131.0,0.0,36,0,discovery,6004c353b21e,2,0.5542649237952456,0.9705557460211484,Recent occasional customers
1,149.89000000000001,14,55,United Kingdom,149.89000000000001,55.0,0.0,183,0,discovery,64e36ce0d7fd,3,0.4729872757796172,1.1714692755314982,Long-recency customers
2,550.06,24,224,United Kingdom,275.03,112.0,0.0,26,347,discovery,468b0003b930,2,0.8006268058958438,0.22832297780606792,Recent occasional customers
6,916.13,88,474,United Kingdom,152.68833333333333,79.0,0.0,13,350,discovery,dda06a484faa,0,0.909533161499526,0.4337739012381464,High-value frequent customers
2,314.69,18,105,United Kingdom,157.345,52.5,0.0,12,11,discovery,4035dd311649,2,0.8405638363263463,0.8027538580197986,Recent occasional customers
17,3719.1,297,1807,United Kingdom,218.77058823529413,106.29411764705883,0.0,3,369,discovery,87b415910f00,0,0.8341441955889547,1.7093037853116133,High-value frequent customers
1,382.5,15,150,United Kingdom,382.5,150.0,0.0625,313,0,discovery,86d6564adb82,3,0.5858946072477604,1.4535222647622,Long-recency customers
2,1135.04,30,611,United Kingdom,567.52,305.5,0.0,109,72,discovery,90aafa4890ac,1,0.7078675927345405,0.9079597197907311,Established mid-value customers
26,8540.05,180,3320,United Kingdom,328.4634615384615,127.6923076923077,0.017766497461928935,2,368,discovery,152690faf997,0,1.2617328638349659,1.727507857548323,High-value frequent customers
1,954.9,31,616,United Kingdom,954.9,616.0,0.0,54,0,discovery,9f9f190c09d3,2,1.1263121624377903,0.4199350263303032,Recent occasional customers
1,171.45,9,75,United Kingdom,171.45,75.0,0.0,205,0,discovery,929a671bb0ea,3,0.3422558877060608,1.3583309048797352,Long-recency customers
1,280.09000000000003,53,105,United Kingdom,280.09000000000003,105.0,0.0,16,0,discovery,6b6c4ab5a813,2,0.5518052260207658,1.5201723556079918,Recent occasional customers
1,318.65,68,213,United Kingdom,318.65,213.0,0.0,121,0,discovery,a3ce4b11ab21,3,0.6323044676268298,0.5425170719390303,Long-recency customers
2,381.97,55,167,United Kingdom,190.985,83.5,0.0,4,258,discovery,1ea0953655e4,2,1.336999726520553,0.7013544349011824,Recent occasional customers
1,269.83,37,108,United Kingdom,269.83,108.0,0.0,363,0,discovery,1814660b7bd9,3,0.5460154299324737,1.628105744529543,Long-recency customers
1,178.26,18,43,United Kingdom,178.26,43.0,0.0,19,0,discovery,f5a137a1031e,2,0.6523525758168888,1.3169811467507104,Recent occasional customers
2,271.19,100,251,United Kingdom,135.595,125.5,0.0,5,11,discovery,a9fed3cabb00,2,1.2270638512372465,0.8587501915320084,Recent occasional customers
2,291.48,69,227,United Kingdom,145.74,113.5,0.0,41,259,discovery,88d400583b47,2,0.6468343813500516,0.5948861167258163,Recent occasional customers
2,240.0,12,141,United Kingdom,120.0,70.5,0.0,108,205,discovery,37753690cc23,3,0.9991620885539093,0.1943831787592617,Long-recency customers
2,581.23,104,388,United Kingdom,290.615,194.0,0.0,149,220,discovery,56ed8f0d1670,1,1.0054391171532375,0.14671734822401294,Established mid-value customers
5,1253.3600000000001,9,367,United Kingdom,250.67200000000003,73.4,0.0,53,314,discovery,30f394f72230,1,0.5676424742339929,0.7640969617487596,Established mid-value customers
1,63.440000000000005,23,36,United Kingdom,63.440000000000005,36.0,0.0,209,0,discovery,e5d150db4acd,3,1.237454124281774,0.9450738031022536,Long-recency customers
2,550.01,106,389,United Kingdom,275.005,194.5,0.0,139,42,discovery,a40dbc292044,1,0.9865185541056699,0.15648921087847179,Established mid-value customers
3,296.58,60,153,United Kingdom,98.86,51.0,0.0,3,145,discovery,2ffd86e34f85,2,1.719864000038815,0.40066807930254544,Recent occasional customers
2,317.2,37,158,United Kingdom,158.60000000000002,79.0,0.0,128,0,discovery,90469ae70f09,3,0.9522901290985761,0.3004880612022156,Long-recency customers
4,763.64,3,844,United Kingdom,190.91,211.0,0.0,108,138,discovery,289f33b30460,1,0.5554792479971544,1.3881132687108215,Established mid-value customers
4,2148.63,70,1778,United Kingdom,537.1575,444.5,0.017241379310344827,43,220,discovery,b161f740af3f,1,0.6964735319943063,0.4466519715466408,Established mid-value customers
1,107.82,24,77,United Kingdom,107.82,77.0,0.0,36,0,discovery,8f76c31fc196,2,0.9984203724592009,0.6726195413086966,Recent occasional customers
2,1065.3500000000001,67,430,United Kingdom,532.675,215.0,0.0,228,95,discovery,0ec5238d6c8d,1,1.220856048430407,0.25661289921038666,Established mid-value customers
1,246.04,15,179,United Kingdom,246.04,179.0,0.0,242,0,discovery,784efaaef4b7,3,0.22321600789550358,1.5667562710864755,Long-recency customers
1,187.82999999999998,8,48,United Kingdom,187.82999999999998,48.0,0.0,58,0,discovery,63a13f884086,2,0.744502004342128,0.4291799215554457,Recent occasional customers
6,1647.48,229,1362,United Kingdom,274.58,227.0,0.006825938566552901,61,276,discovery,e21c8af2211d,1,0.7793995118423555,0.5323969049286624,Established mid-value customers
1,151.37,44,117,United Kingdom,151.37,117.0,0.0,22,0,discovery,64afdc109537,2,0.7307575351582123,1.1671619817750583,Recent occasional customers
7,1049.06,88,556,United Kingdom,149.8657142857143,79.42857142857143,0.0,27,346,discovery,9c895aed1005,0,0.9946182307756615,0.06886916783726815,High-value frequent customers
7,1417.63,118,1201,United Kingdom,202.51857142857145,171.57142857142858,0.0,10,349,discovery,92f30cf6d124,0,0.5498465630715305,1.011718067952521,High-value frequent customers
3,931.02,86,513,United Kingdom,310.34,171.0,0.009523809523809525,32,149,discovery,3a736afaef49,1,0.5545597792817106,0.9059108824858785,Established mid-value customers
1,550.8000000000001,1,72,United Kingdom,550.8000000000001,72.0,0.0,309,0,discovery,61b813c82e38,3,0.82996400905386,1.2521962133856965,Long-recency customers
9,1854.06,93,1135,United Kingdom,206.00666666666666,126.11111111111111,0.0,9,353,discovery,cae9557af150,0,0.3913680704333249,1.3677899570480283,High-value frequent customers
1,128.18,49,65,United Kingdom,128.18,65.0,0.0,18,0,discovery,76db28ce9e38,2,0.9019006151572887,1.160857116865901,Recent occasional customers
2,498.42,30,387,United Kingdom,249.21,193.5,0.0,102,23,discovery,3db9d59e82ba,1,0.8928778728321741,0.3267339025166124,Established mid-value customers
4,656.61,50,668,United Kingdom,164.1525,167.0,0.0,12,162,discovery,b065df859c3e,1,1.2808620709863165,0.005736574828018481,Established mid-value customers
5,1135.63,68,575,United Kingdom,227.12600000000003,115.0,0.024691358024691357,15,291,discovery,42fb28372f88,0,0.8271531271174796,0.3531746880130443,High-value frequent customers
1,82.75,11,41,United Kingdom,82.75,41.0,0.0,96,0,discovery,0e121b2cd15a,3,1.2234452399691145,0.3077829050741909,Long-recency customers
2,1384.85,55,1005,United Kingdom,692.425,502.5,0.0,79,238,discovery,3f0c17a8604b,1,0.6265355886882016,0.949992648238924,Established mid-value customers
8,2527.92,120,1896,United Kingdom,315.99,237.0,0.03676470588235294,25,288,discovery,5f44cb7e204f,0,0.5846611372894969,0.766559639515367,High-value frequent customers
38,6281.23,256,3863,United Kingdom,165.29552631578946,101.65789473684211,0.0288659793814433,2,356,discovery,6cca68c31065,0,1.2426191361527443,1.7214178133729627,High-value frequent customers
3,2600.34,8,1146,United Kingdom,866.7800000000001,382.0,0.18181818181818182,47,43,discovery,77e983557bf5,1,0.7275800795312011,0.6465598856225632,Established mid-value customers
3,1200.6200000000001,57,634,United Kingdom,400.20666666666665,211.33333333333334,0.0,101,268,discovery,88f0049d1bd6,1,0.3708059749743252,1.4952086286651194,Established mid-value customers
2,657.16,94,364,United Kingdom,328.58,182.0,0.0,9,59,discovery,3a4b8e34672e,2,1.17325666926871,0.34707492577839716,Recent occasional customers
7,906.52,125,760,United Kingdom,129.50285714285715,108.57142857142857,0.020100502512562814,16,277,discovery,81e718c86a6a,0,0.9312526863817864,0.38388125302873266,High-value frequent customers
4,986.48,43,843,United Kingdom,246.61999999999998,210.75,0.0,18,349,discovery,424f188a2141,1,0.9839025343768286,0.08057401180383694,Established mid-value customers
2,363.9,5,120,United Kingdom,181.95,60.0,0.0,23,45,discovery,e753e3e632fb,2,0.6481158555295523,0.6365136840733601,Recent occasional customers
1,175.2,1,16,United Kingdom,175.2,16.0,0.0,124,0,discovery,76ab85ddceb9,3,0.6055533175686564,0.6750348671973988,Long-recency customers
1,494.25,28,375,United Kingdom,494.25,375.0,0.0,86,0,discovery,c4b2a6df340a,2,1.0024474052340542,0.06264015440457071,Recent occasional customers
2,307.02,11,315,United Kingdom,153.51,157.5,0.08333333333333333,303,6,discovery,e0a7574650c7,3,0.8686683339305917,0.9062676320996993,Long-recency customers
4,1981.06,421,1247,United Kingdom,495.265,311.75,0.009505703422053232,152,159,discovery,36637d9beffe,1,0.9035224817838672,1.1932817107430442,Established mid-value customers
8,6493.54,389,3059,United Kingdom,811.6925,382.375,0.005517241379310344,18,344,discovery,7d6880b0f8d0,0,0.6222715149433052,1.2323092272770917,High-value frequent customers
2,243.36,9,152,United Kingdom,121.68,76.0,0.0,95,271,discovery,d5dcf0182506,3,1.0716173041651023,0.02901052267530746,Long-recency customers
3,682.29,147,443,United Kingdom,227.42999999999998,147.66666666666666,0.0,157,210,discovery,b02356a13fff,1,0.8084542727006455,0.8043045885462629,Established mid-value customers
1,193.64,17,56,United Kingdom,193.64,56.0,0.0,356,0,discovery,cc10aba5a7c9,3,0.5376574464846057,1.648009993314015,Long-recency customers
4,519.6899999999999,70,341,United Kingdom,129.9225,85.25,0.0,16,181,discovery,4a380af7e019,1,1.1916753160045133,0.289152206785271,Established mid-value customers
15,2622.88,299,1617,United Kingdom,174.85866666666666,107.8,0.006172839506172839,4,370,discovery,a24cad0e5aff,0,0.6930433187026167,1.6388467637690889,High-value frequent customers
5,1156.6,180,1398,United Kingdom,231.32,279.6,0.0,15,283,discovery,ddf512681539,0,0.8150799583663974,0.366134614721051,High-value frequent customers
3,587.15,22,113,United Kingdom,195.71666666666667,37.666666666666664,0.0,37,237,discovery,a9907bb7603f,1,0.6334873846041548,0.6408826025718682,Established mid-value customers
2,1740.0,5,1200,United Kingdom,870.0,600.0,0.0,130,25,discovery,017498396d25,1,0.8927619205811403,0.9696332548143269,Established mid-value customers
1,1393.06,15,1006,United Kingdom,1393.06,1006.0,0.0,51,0,discovery,2d272c0b7fa7,2,1.367390499751357,0.19844619451540346,Recent occasional customers
2,384.39,41,152,United Kingdom,192.195,76.0,0.0,25,0,discovery,7d5198c30efc,2,0.65024835844742,0.569593477124927,Recent occasional customers
2,360.81,55,190,United Kingdom,180.40500000000003,95.0,0.0,304,52,discovery,2d32e95a8dfc,3,0.9182362017073851,0.7853466738702264,Long-recency customers
1,127.86,13,161,United Kingdom,127.86,161.0,0.0,12,0,discovery,dbe23f1b420f,2,1.0250677090208598,1.2837069745758414,Recent occasional customers
3,568.24,113,328,United Kingdom,189.41333333333333,109.33333333333333,0.0,18,167,discovery,340ee9c50d6d,1,1.05566390826536,0.2391164066533038,Established mid-value customers
2,312.23,30,191,United Kingdom,156.115,95.5,0.0,240,70,discovery,97006a28e0c3,3,0.8194115905198543,0.781258746929531,Long-recency customers
4,446.18,31,540,United Kingdom,111.545,135.0,0.0,73,97,discovery,074e7bbf5d5c,1,0.7426295119992088,0.9077091099444232,Established mid-value customers
8,1337.18,215,747,United Kingdom,167.1475,93.375,0.0,41,322,discovery,1f7fb7db64c9,1,1.0230225500783223,0.07388364835616579,Established mid-value customers
4,646.92,47,408,United Kingdom,161.73000000000002,102.0,0.0,41,272,discovery,80d1b97c2a91,1,0.5975088706554078,0.9906311642892566,Established mid-value customers
2,495.77,24,85,United Kingdom,247.885,42.5,0.0,219,63,discovery,f60da53a4104,3,1.0087686834599021,0.3176159478504168,Long-recency customers
3,400.1,63,367,United Kingdom,133.36666666666667,122.33333333333333,0.028169014084507043,200,162,discovery,d36adbbe848b,1,1.2297012885831282,0.1523404016138299,Established mid-value customers
20,4058.32,190,2038,United Kingdom,202.916,101.9,0.0024691358024691358,24,350,discovery,aaecfdf3a596,0,0.8379861104719935,1.0878426675194637,High-value frequent customers
1,389.71999999999997,71,623,United Kingdom,389.71999999999997,623.0,0.0,12,0,discovery,50ac34990a47,2,0.7321587351503788,1.3693482202258331,Recent occasional customers
1,65.4,2,25,United Kingdom,65.4,25.0,0.0,66,0,discovery,826308af0bf6,2,1.5716465507912696,0.02108656111296381,Recent occasional customers
1,193.39000000000001,49,148,United Kingdom,193.39000000000001,148.0,0.0,5,0,discovery,5b11fe7ec474,2,1.1904903669423597,1.4821597832561038,Recent occasional customers
2,336.4,12,88,United Kingdom,168.2,44.0,0.0,20,200,discovery,184ee433c333,2,0.6641268101040406,0.7227648322303332,Recent occasional customers
1,256.11,42,197,United Kingdom,256.11,197.0,0.0,15,0,discovery,6b13c148fa95,2,0.5941550117129176,1.5138227629501007,Recent occasional customers
6,2686.42,23,1902,United Kingdom,447.7366666666667,317.0,0.0,8,158,discovery,14fb9b703c19,0,0.23866910926468882,1.4977911985720855,High-value frequent customers
2,746.81,71,522,United Kingdom,373.405,261.0,0.0,20,14,discovery,8d5d7bdc5612,2,1.0110923981915356,0.060315872556654826,Recent occasional customers
34,31833.68,45,7612,United Kingdom,936.2847058823529,223.88235294117646,0.049107142857142856,1,331,discovery,9246ed202b98,0,1.9450973881869735,1.6674499890552774,High-value frequent customers
1,203.86999999999998,4,241,United Kingdom,203.86999999999998,241.0,0.0,220,0,discovery,5bccb1b71426,3,0.228178029051696,1.4978192029220738,Long-recency customers
8,7330.8,24,2005,United Kingdom,916.3499999999999,250.625,0.0,40,332,discovery,1bbfab17312e,0,1.0805353062777243,0.6260229353178381,High-value frequent customers
3,653.38,30,310,United Kingdom,217.79333333333332,103.33333333333333,0.0,115,141,discovery,45e30e086c37,1,0.5911764538339407,1.0764720771656235,Established mid-value customers
5,2097.84,175,1088,United Kingdom,419.56800000000004,217.6,0.0,127,227,discovery,cdb05f40c266,1,0.9206160776978264,0.9636606050267015,Established mid-value customers
13,2633.85,33,701,United Kingdom,202.60384615384615,53.92307692307692,0.0,5,365,discovery,783039714156,0,0.5632457221789925,1.6433764740910966,High-value frequent customers
15,31906.82,111,32748,Sweden,2127.1213333333335,2183.2,0.014925373134328358,5,356,discovery,0308941f4047,0,1.5909769307119783,1.5194546403227467,High-value frequent customers
3,2184.42,99,780,United Kingdom,728.14,260.0,0.02631578947368421,334,33,discovery,6fa593371573,1,1.5528293780892322,0.6974846740033336,Established mid-value customers
1,32.65,2,3,United Kingdom,32.65,3.0,0.0,164,0,discovery,4f9180a84cd9,3,1.9253076287360116,0.6218556737042482,Long-recency customers
2,771.85,13,105,United Kingdom,385.925,52.5,0.0,185,64,discovery,282b058e94a3,1,1.077698724516299,0.2010573266519058,Established mid-value customers
5,1214.72,57,616,United Kingdom,242.94400000000002,123.2,0.0,17,199,discovery,fa759b376e85,0,0.8101313594545066,0.30368278008341487,High-value frequent customers
3,778.94,39,306,United Kingdom,259.6466666666667,102.0,0.046511627906976744,13,249,discovery,fc97e0043867,1,1.1681964430157645,0.1988442008745832,Established mid-value customers
2,778.0,5,2100,United Kingdom,389.0,1050.0,0.0,44,141,discovery,1fad1e07b9d1,1,0.6872700229813844,0.357451733150554,Established mid-value customers
7,6893.42,186,4302,United Kingdom,984.7742857142857,614.5714285714286,0.007380073800738007,30,252,discovery,efc722056253,0,0.8866808636055823,0.7925002106286909,High-value frequent customers
2,463.46000000000004,29,289,United Kingdom,231.73000000000002,144.5,0.0,43,281,discovery,1c05ed8e1156,2,0.7634539513751506,0.15908940455008325,Recent occasional customers
12,4226.57,155,1876,United Kingdom,352.21416666666664,156.33333333333334,0.009615384615384616,12,356,discovery,c1168bead79c,0,0.42610901687665925,1.5551950581297915,High-value frequent customers
3,598.83,28,265,United Kingdom,199.61,88.33333333333333,0.0,51,323,discovery,28cea302bb1d,1,0.4823648516872512,0.852136533053172,Established mid-value customers
2,698.41,26,459,United Kingdom,349.20500000000004,229.5,0.07142857142857142,47,171,discovery,ff3416f9f785,1,0.700024498813475,0.2962910321913753,Established mid-value customers
6,5037.26,179,3094,United Kingdom,839.5433333333334,515.6666666666666,0.003676470588235294,9,274,discovery,1399cfb2e4c9,0,0.3936126325773342,1.5082403270000944,High-value frequent customers
1,100.8,2,34,United Kingdom,100.8,34.0,0.0,72,0,discovery,e65d90ba1271,2,1.2481616662408872,0.005349107660455266,Recent occasional customers
28,17256.85,252,9474,United Kingdom,616.3160714285714,338.35714285714283,0.043731778425655975,1,368,discovery,2ad9f94ac4e3,0,1.668241299556375,1.7072126175630533,High-value frequent customers
2,265.76,14,190,United Kingdom,132.88,95.0,0.0,33,333,discovery,31c979893e7d,2,0.6124668954094343,0.7504390849595823,Recent occasional customers
2,365.76,44,207,United Kingdom,182.88,103.5,0.0,19,19,discovery,a6a6be1c3a5e,2,0.6935912872830835,0.6692993085863644,Recent occasional customers
7,2373.82,100,1693,United Kingdom,339.1171428571429,241.85714285714286,0.028985507246376812,3,83,discovery,b5c61293b823,0,0.6475999442848673,1.5220565940361075,High-value frequent customers
2,216.29999999999998,7,90,United Kingdom,108.14999999999999,45.0,0.0,2,225,discovery,3c46a0946d71,2,1.6023682201067149,0.9077656909377847,Recent occasional customers
1,388.45000000000005,17,103,United Kingdom,388.45000000000005,103.0,0.10526315789473684,254,0,discovery,38d0eced8df5,3,0.5056795624907005,1.3373012476393393,Long-recency customers
3,186.42000000000002,3,246,United Kingdom,62.13999999999999,82.0,0.375,157,91,discovery,f5e8b5305398,3,1.347265547324676,0.2688624133052475,Long-recency customers
1,534.24,1,504,Canada,534.24,504.0,0.0,220,0,discovery,b00a49dc4ec6,3,0.7362677349806748,1.030462613032699,Long-recency customers
2,120.9,6,198,United Kingdom,60.45,99.0,0.0,177,134,discovery,b11c3b92208d,3,0.99664296152715,0.7702139475634217,Long-recency customers
7,2519.21,178,1121,United Kingdom,359.88714285714286,160.14285714285714,0.007194244604316547,3,357,discovery,ce6612612803,0,0.6377022544269888,1.5442570836827398,High-value frequent customers
46,194390.79,124,69973,United Kingdom,4225.886739130435,1521.1521739130435,0.04,9,359,discovery,7aef971a2b1b,0,2.548489140942758,1.3227141796597333,High-value frequent customers
7,1721.4,83,1203,United Kingdom,245.91428571428574,171.85714285714286,0.06542056074766354,2,104,discovery,a495c6a37045,0,0.8810133107992002,1.3789112259028882,High-value frequent customers
2,486.71999999999997,19,219,United Kingdom,243.35999999999996,109.5,0.0,18,47,discovery,b6dd3e388a74,2,0.80539304002417,0.44925637114714645,Recent occasional customers
1,131.7,8,66,United Kingdom,131.7,66.0,0.0,204,0,discovery,d4597778af61,3,0.5572127974698885,1.2239599076808383,Long-recency customers
1,249.86,17,222,United Kingdom,249.86,222.0,0.0,366,0,discovery,ab11c1bc8b46,3,0.5415462383334714,1.644228400439629,Long-recency customers
1,316.5,52,170,United Kingdom,316.5,170.0,0.0,16,0,discovery,ac26c872bdf5,2,0.5529914399970013,1.529067268025779,Recent occasional customers
2,657.3,88,537,United Kingdom,328.65,268.5,0.0,44,17,discovery,b180a5a407f7,1,0.7426354894130527,0.2024965419139757,Established mid-value customers
6,622.4300000000001,18,236,United Kingdom,103.73833333333334,39.333333333333336,0.21621621621621623,95,279,discovery,27eabdd9ed89,1,0.858500966139109,1.1309336624967814,Established mid-value customers
2,675.69,25,227,United Kingdom,337.84499999999997,113.5,0.03571428571428571,61,224,discovery,b26b52d6f368,1,0.6648678406452391,0.40057016515797916,Established mid-value customers
1,289.96000000000004,9,220,United Kingdom,289.96000000000004,220.0,0.0,159,0,discovery,df871b1046e0,3,0.4020049117604605,1.0023992375109763,Long-recency customers
2,763.28,41,306,United Kingdom,381.64,153.0,0.0,11,68,discovery,319a9e00e58c,2,1.1782039913984754,0.21275953593882257,Recent occasional customers
2,137.0,5,116,United Kingdom,68.5,58.0,0.0,11,4,discovery,8b57f71299e5,2,1.1158323736549591,1.083501219199929,Recent occasional customers
5,1870.97,61,787,United Kingdom,374.194,157.4,0.022222222222222223,17,188,discovery,eee296210123,0,0.5763357876398817,0.6155719196277599,High-value frequent customers
1,511.82,29,338,United Kingdom,511.82,338.0,0.06451612903225806,78,0,discovery,a3e0352a5160,2,0.951313232702997,0.19378840639889772,Recent occasional customers
4,1255.59,69,1061,United Kingdom,313.8975,265.25,0.012048192771084338,4,90,discovery,b026720ad01d,0,0.9943224082439552,0.8168733049818124,High-value frequent customers
3,414.04,18,191,United Kingdom,138.01333333333335,63.666666666666664,0.0,66,118,discovery,7873beba5085,1,0.7429485289959264,0.5675141052751772,Established mid-value customers
1,396.87,24,191,United Kingdom,396.87,191.0,0.0,262,0,discovery,3497769532d2,3,0.5305681038290562,1.3437303723247855,Long-recency customers
2,376.64,28,428,United Kingdom,188.32,214.0,0.0,59,154,discovery,b38829da655e,2,0.8207426519519501,0.1822518072356052,Recent occasional customers
7,2092.32,63,1134,United Kingdom,298.9028571428571,162.0,0.11627906976744186,1,176,discovery,fbc3867b0f94,0,1.030181979465491,1.4527073860098432,High-value frequent customers
10,3558.87,72,2013,United Kingdom,355.887,201.3,0.00909090909090909,2,366,discovery,fe555a35a5be,0,0.8229066020585504,1.6836471505655366,High-value frequent customers
1,374.57,12,155,United Kingdom,374.57,155.0,0.0,249,0,discovery,301fa064a529,3,0.47351579691011814,1.347272078530243,Long-recency customers
2,497.56,21,229,United Kingdom,248.78000000000003,114.5,0.0,8,31,discovery,5b7a558465b3,2,1.1086372101470638,0.5381155986627761,Recent occasional customers
1,271.05,10,79,United Kingdom,271.05,79.0,0.0,359,0,discovery,c07dcc02243b,3,0.5369641036117017,1.6260521934742749,Long-recency customers
1,272.22,17,394,United Kingdom,272.22,394.0,0.0,76,0,discovery,79dca373c77c,2,0.8144635023143747,0.1416262632783859,Recent occasional customers
1,622.88,40,711,United Kingdom,622.88,711.0,0.0,290,0,discovery,4e3f2f6d0b03,3,0.8991698722065562,1.152153942034521,Long-recency customers
2,288.6,18,160,United Kingdom,144.3,80.0,0.0,221,0,discovery,dd941f0cd276,3,0.7958124598749502,0.7949665995414731,Long-recency customers
4,689.1,25,376,United Kingdom,172.275,94.0,0.0,10,20,discovery,30a3d453a006,0,1.248882477739127,0.12368712764016587,High-value frequent customers
2,558.96,36,486,United Kingdom,279.48,243.0,0.0,3,36,discovery,e866dfc13de2,2,1.5304338195976341,0.4891270373626506,Recent occasional customers
9,2997.0299999999997,112,1664,United Kingdom,333.00333333333333,184.88888888888889,0.09285714285714286,207,116,discovery,fa7455131dc8,1,1.622032385932703,0.6587816784843916,Established mid-value customers
2,1145.84,48,556,United Kingdom,572.9200000000001,278.0,0.0,162,44,discovery,52c5c5f594a8,1,0.9556554677054312,0.5940077928228971,Established mid-value customers
1,302.2,14,139,United Kingdom,302.2,139.0,0.125,76,0,discovery,4aaef26fdcc7,2,0.8115301216049904,0.16188502945547545,Recent occasional customers
2,605.58,79,359,United Kingdom,302.78999999999996,179.5,0.0,262,48,discovery,52c0fc0feef3,3,1.1342623746746043,0.27178371884625907,Long-recency customers
8,6083.64,75,3512,United Kingdom,760.455,439.0,0.008174386920980926,58,6,discovery,c391ca2e9f7b,0,1.2770608176571037,0.29100653789078845,High-value frequent customers
1,308.48,20,214,United Kingdom,308.48,214.0,0.0,25,0,discovery,8790490c6799,2,0.38704049487643727,1.401244601702299,Recent occasional customers
1,513.2,6,254,United Kingdom,513.2,254.0,0.0,73,0,discovery,dccda6ec9738,2,0.9109661158763434,0.27838227437744334,Recent occasional customers
4,639.02,49,243,United Kingdom,159.755,60.75,0.0,32,287,discovery,aa6c5484b92f,1,0.7275980053213191,0.7706941936476754,Established mid-value customers
1,153.94,11,102,United Kingdom,153.94,102.0,0.0,309,0,discovery,b6063693e03d,3,0.5366705916405371,1.5609839205673968,Long-recency customers
6,1844.02,60,1236,United Kingdom,307.33666666666664,206.0,0.012048192771084338,18,351,discovery,7633d23e685e,0,0.5240749655626601,0.7212515168332659,High-value frequent customers
1,546.81,30,365,United Kingdom,546.81,365.0,0.0,54,0,discovery,de346b848359,2,0.7802518127660495,0.6347675098699378,Recent occasional customers
3,723.2099999999999,38,519,United Kingdom,241.07000000000002,173.0,0.021739130434782608,30,170,discovery,cffca738ff6f,1,0.658473746757436,0.6900727593292271,Established mid-value customers
5,1070.71,59,1034,United Kingdom,214.142,206.8,0.0,2,217,discovery,203819ea8078,0,1.1443269553876159,0.9885253580388975,High-value frequent customers
4,652.74,25,872,United Kingdom,163.185,218.0,0.0,12,8,discovery,79b1f29a8ef7,1,1.2822164085240237,0.008626324994804646,Established mid-value customers
1,145.0,6,90,United Kingdom,145.0,90.0,0.0,362,0,discovery,4d9d39dd6bf8,3,0.6795675867117809,1.5823465063103233,Long-recency customers
1,422.70000000000005,9,82,United Kingdom,422.70000000000005,82.0,0.0,360,0,discovery,1c3854e831b2,3,0.7338691159033425,1.4520123334959516,Long-recency customers
4,1195.8999999999999,17,310,United Kingdom,298.975,77.5,0.17391304347826086,5,361,discovery,d5b90f1acff1,0,0.9710299579613847,0.7326077675621255,High-value frequent customers
4,939.37,45,488,United Kingdom,234.8425,122.0,0.04081632653061224,54,165,discovery,a4409bc40182,1,0.3379781934987698,1.1961851492167555,Established mid-value customers
10,2367.12,306,1514,United Kingdom,236.712,151.4,0.0,2,364,discovery,513e318fbdb9,0,0.8336143760660993,1.5857640116770773,High-value frequent customers
1,296.7,14,136,United Kingdom,296.7,136.0,0.06666666666666667,191,0,discovery,4773c1daed6e,3,0.31560569564808827,1.2506573257803053,Long-recency customers
1,223.36,9,103,United Kingdom,223.36,103.0,0.0,54,0,discovery,b78fdaf924f4,2,0.632643228829158,0.5807200013002175,Recent occasional customers
1,164.4,13,136,United Kingdom,164.4,136.0,0.0,281,0,discovery,2a6ac0b367ec,3,0.4398362007027171,1.5536408184972625,Long-recency customers
1,76.5,3,6,United Kingdom,76.5,6.0,0.0,178,0,discovery,b8aeb612da12,3,1.072196498894133,0.8810110824989061,Long-recency customers
2,887.67,74,699,United Kingdom,443.83500000000004,349.5,0.0,30,274,discovery,720964d792d2,1,0.8300910883526335,0.2572102683594154,Established mid-value customers
1,98.42,9,134,United Kingdom,98.42,134.0,0.0,26,0,discovery,cae24eb08cb5,2,1.0721600293581575,0.8439024281935192,Recent occasional customers
2,578.9,20,194,United Kingdom,289.45000000000005,97.0,0.038461538461538464,25,292,discovery,b86f6e3204e4,2,0.8317471070184119,0.19610707947847583,Recent occasional customers
3,642.32,122,337,United Kingdom,214.10666666666665,112.33333333333333,0.0,44,0,discovery,17f471efc557,1,0.4938143198825751,0.8375921006315501,Established mid-value customers
1,103.3,5,58,United Kingdom,103.3,58.0,0.7058823529411765,234,0,discovery,60062b6fb158,3,0.7746580266844293,1.221236316682624,Long-recency customers
2,148.86,5,210,United Kingdom,74.42999999999999,105.0,0.0,24,28,discovery,27d2d10ebabc,2,0.8696868809065209,1.0234580426545352,Recent occasional customers
3,267.16,42,86,United Kingdom,89.05333333333333,28.666666666666668,0.0,198,46,discovery,6db76955850b,3,1.3063037194174614,0.1599623385504072,Long-recency customers
1,290.34,39,142,United Kingdom,290.34,142.0,0.0,360,0,discovery,a7b9a58b631a,3,0.5574620859367709,1.6070458497213866,Long-recency customers
4,930.41,43,719,United Kingdom,232.6025,179.75,0.0392156862745098,61,312,discovery,83a1ca5bbd94,1,0.30786155321869046,1.3017723190273336,Established mid-value customers
5,1952.45,58,1763,United Kingdom,390.49,352.6,0.0,2,147,discovery,ce04fa5ec65f,0,0.9096364980368169,1.2746544092827237,High-value frequent customers
3,541.46,27,306,United Kingdom,180.48666666666668,102.0,0.0,15,67,discovery,b1db68891682,1,1.1777137824430703,0.13596950737181102,Established mid-value customers
4,854.95,22,635,United Kingdom,213.7375,158.75,0.0,95,216,discovery,781124e902f0,1,0.44338156843859317,1.4846466288917253,Established mid-value customers
3,454.01,38,146,United Kingdom,151.33666666666667,48.666666666666664,0.0,25,56,discovery,6b65379144f1,1,0.980377861011703,0.2067447757533466,Established mid-value customers
8,4331.48,110,2632,United Kingdom,541.435,329.0,0.06779661016949153,8,365,discovery,6d05d2a8ab09,0,0.2920918511038972,1.702245502069419,High-value frequent customers
1,344.14,29,159,United Kingdom,344.14,159.0,0.0,333,0,discovery,db6aeb9afd4f,3,0.565585698123998,1.5262558308447216,Long-recency customers
4,1425.67,247,876,United Kingdom,356.4175,219.0,0.0,51,248,discovery,e7465b60a84e,1,0.4258790315467352,0.9187428612306976,Established mid-value customers
4,226.75000000000003,7,95,United Kingdom,56.6875,23.75,0.0,72,302,discovery,dd235e206f40,1,1.297066637608441,0.3276342199998534,Established mid-value customers
3,380.6,24,308,United Kingdom,126.86666666666667,102.66666666666667,0.038461538461538464,30,64,discovery,6a34dacd2139,1,1.006527121196185,0.13831982512791585,Established mid-value customers
1,185.65,8,77,United Kingdom,185.65,77.0,0.0,243,0,discovery,533fd0e1b25f,3,0.29831872383608593,1.535231206134724,Long-recency customers
1,143.45999999999998,5,138,United Kingdom,143.45999999999998,138.0,0.16666666666666666,219,0,discovery,0f1af2386ee7,3,0.47982028102797164,1.3306431880461598,Long-recency customers
3,215.72,43,88,United Kingdom,71.90666666666667,29.333333333333332,0.0,253,106,discovery,d3ae7e572f06,3,1.3063675620999253,0.454378651820426,Long-recency customers
25,11025.24,229,5915,United Kingdom,441.0096,236.6,0.026607538802660754,1,372,discovery,edbf60d37c30,0,1.4818001570124262,1.7297019059283552,High-value frequent customers
1,175.27,28,123,United Kingdom,175.27,123.0,0.0,237,0,discovery,fb7396de651b,3,0.329618734097929,1.49385529434212,Long-recency customers
2,1242.3,30,458,United Kingdom,621.1500000000001,229.0,0.027777777777777776,8,120,discovery,ad97ec9c69db,1,1.5440641847679304,0.003070440202961322,Established mid-value customers
4,1116.68,176,1650,United Kingdom,279.16999999999996,412.5,0.0,110,229,discovery,bf7c1f4f38e6,1,0.516146101233795,1.430218614477011,Established mid-value customers
7,2203.67,81,1000,United Kingdom,314.81,142.85714285714286,0.006329113924050633,74,294,discovery,65cc4db0c592,1,1.0042880073442781,0.3939203117301835,Established mid-value customers
5,3923.86,190,3089,United Kingdom,784.772,617.8,0.009345794392523364,4,349,discovery,03bc420b7de0,0,0.6296878142073046,1.4618092168016716,High-value frequent customers
2,386.69,68,228,United Kingdom,193.345,114.0,0.0,13,25,discovery,1b7599d7cb19,2,0.8377640265691544,0.6702373204363592,Recent occasional customers
7,2806.69,168,4376,United Kingdom,400.9557142857143,625.1428571428571,0.0,24,345,discovery,e9b3543938b2,0,0.5423731427019131,0.7918125244175683,High-value frequent customers
1,161.67000000000002,13,144,United Kingdom,161.67000000000002,144.0,0.0,18,0,discovery,5164097ada55,2,0.7319966312778347,1.2848552311018664,Recent occasional customers
1,116.00999999999999,9,103,United Kingdom,116.00999999999999,103.0,0.0,240,0,discovery,d0a00dafa4df,3,0.6719077001653682,1.2948200119968818,Long-recency customers
6,5054.42,335,4116,United Kingdom,842.4033333333333,686.0,0.008992805755395683,3,322,discovery,c9f888d1c7de,0,0.734222074520602,1.59171319675984,High-value frequent customers
1,394.72,11,74,United Kingdom,394.72,74.0,0.26666666666666666,79,0,discovery,0f69e8855cf9,2,0.8753239406448721,0.14791851561502267,Recent occasional customers
2,309.36,57,169,United Kingdom,154.68,84.5,0.0,218,95,discovery,661ba414343c,3,0.8121929123064255,0.7308147758140691,Long-recency customers
2,191.99,54,229,United Kingdom,95.995,114.5,0.0,34,0,discovery,2c45cc9ee593,2,0.7186189117647693,0.883910400197058,Recent occasional customers
5,1105.78,199,719,United Kingdom,221.156,143.8,0.004273504273504274,41,287,discovery,b5fec7ee04d3,1,0.6390051652062625,0.5893193788816127,Established mid-value customers
15,3961.12,440,2550,United Kingdom,264.07466666666664,170.0,0.010471204188481676,8,354,discovery,15e9d7757ec2,0,0.527718875770024,1.6575540621248768,High-value frequent customers
6,2048.45,116,1808,United Kingdom,341.4083333333333,301.3333333333333,0.04929577464788732,54,244,discovery,005d01de4fbd,1,0.8740919641353089,0.30185350487071805,Established mid-value customers
14,4544.55,211,2490,United Kingdom,324.6107142857143,177.85714285714286,0.022364217252396165,23,283,discovery,849e4f5d5096,0,0.7258067369545261,1.1253724065175952,High-value frequent customers
3,329.6,13,140,United Kingdom,109.86666666666667,46.666666666666664,0.0,131,92,discovery,3b8fa36f9393,1,1.0991515483711702,0.3122731691913516,Established mid-value customers
3,571.1999999999999,1,224,United Kingdom,190.39999999999998,74.66666666666667,0.0,174,194,discovery,c16094726cf2,1,0.956688599797766,0.5639490733064708,Established mid-value customers
3,930.28,56,319,United Kingdom,310.0933333333333,106.33333333333333,0.0,6,357,discovery,03e8f8d58ed1,0,1.2942808182220047,0.29197838087369776,High-value frequent customers
1,214.37,71,124,United Kingdom,214.37,124.0,0.0,313,0,discovery,dbf7effe75cb,3,0.40332672288115307,1.6437120093884516,Long-recency customers
3,1379.9,24,514,United Kingdom,459.9666666666667,171.33333333333334,0.037037037037037035,22,333,discovery,c4d875cd4536,1,0.8360473629830083,0.3398227431186136,Established mid-value customers
1,527.0500000000001,33,265,United Kingdom,527.0500000000001,265.0,0.0,33,0,discovery,a37c5710623a,2,0.6177397959222556,1.0938183079122403,Recent occasional customers
2,843.48,49,554,United Kingdom,421.74,277.0,0.0,15,204,discovery,6d9373be7661,2,1.1455923530769028,0.06510031242969938,Recent occasional customers
1,75.75,5,79,United Kingdom,75.75,79.0,0.0,82,0,discovery,2cc1278c1452,3,1.3707094738885008,0.15600475334697328,Long-recency customers
2,503.59999999999997,24,158,United Kingdom,251.8,79.0,0.0,170,63,discovery,35da9357d5a4,3,1.0434307346528393,0.10153439624258698,Long-recency customers
3,528.33,39,334,United Kingdom,176.11,111.33333333333333,0.0,2,231,discovery,309c002b139f,0,1.7864228437665477,0.12056469756868649,High-value frequent customers
4,1324.84,59,644,United Kingdom,331.21,161.0,0.027777777777777776,32,89,discovery,fe6ec04ec744,1,0.6450913148106527,0.46826517623266284,Established mid-value customers
9,2358.59,209,838,United Kingdom,262.0655555555556,93.11111111111111,0.0,37,301,discovery,8d46037904cb,0,0.8773819778095955,0.3925270421966649,High-value frequent customers
2,547.0600000000001,35,280,United Kingdom,273.53,140.0,0.0,32,84,discovery,07a882e328df,2,0.7955445602524064,0.1436737636664327,Recent occasional customers
1,108.5,7,49,United Kingdom,108.5,49.0,0.0,277,0,discovery,55b4bf5e7add,3,0.761168105402459,1.3546659482931396,Long-recency customers
1,621.66,5,250,United Kingdom,621.66,250.0,0.0,87,0,discovery,9dbea3548e92,2,1.1043210208059293,0.07734189068597708,Recent occasional customers
2,712.29,34,474,United Kingdom,356.145,237.0,0.0,120,57,discovery,b9262c8605d1,1,0.8126171131903721,0.5215822337479277,Established mid-value customers
1,101.55,8,71,United Kingdom,101.55,71.0,0.0,374,0,discovery,33cd40761188,3,0.9455414513059568,1.4622546989200649,Long-recency customers
11,2895.64,102,1793,United Kingdom,263.24,163.0,0.07100591715976332,2,259,discovery,cebc7352d400,0,0.8358266372146832,1.651904174181131,High-value frequent customers
3,1008.39,46,323,United Kingdom,336.13000000000005,107.66666666666667,0.05555555555555555,220,146,discovery,0f0d08c59677,1,1.0476750937801518,0.7305510140890501,Established mid-value customers
1,868.49,52,399,United Kingdom,868.49,399.0,0.018867924528301886,139,0,discovery,5dea3252d137,3,1.191072544388701,0.3751349629184464,Long-recency customers
1,166.08,8,150,United Kingdom,166.08,150.0,0.0,22,0,discovery,069edd495a59,2,0.6627877608387103,1.2195409196197473,Recent occasional customers
10,3945.0,149,3112,United Kingdom,394.5,311.2,0.029288702928870293,12,166,discovery,4527893b20da,0,0.3080687966415818,1.579678668101789,High-value frequent customers
12,4867.72,118,2509,United Kingdom,405.6433333333334,209.08333333333334,0.040740740740740744,26,256,discovery,6ca1686f26aa,0,0.7600032378002303,1.0231866059326573,High-value frequent customers
4,1207.56,44,1409,United Kingdom,301.89000000000004,352.25,0.12,37,84,discovery,c2b14cf1a46f,1,0.5397574503399012,0.683011955102147,Established mid-value customers
5,1674.69,67,1399,United Kingdom,334.938,279.8,0.0,74,55,discovery,032bb1e998a7,1,0.6408349376121729,0.8430245424862028,Established mid-value customers
2,595.42,17,616,United Kingdom,297.71,308.0,0.17391304347826086,26,186,discovery,4bcd62612ffc,2,0.8443299022400473,0.15442346375565486,Recent occasional customers
1,178.75,37,121,United Kingdom,178.75,121.0,0.0,142,0,discovery,0e66231c3fb1,3,0.49960278266435093,0.8816407965522963,Long-recency customers
7,1802.91,63,797,United Kingdom,257.55857142857144,113.85714285714286,0.044444444444444446,26,262,discovery,9088f051f32e,0,0.7006181777975455,0.4559869271251753,High-value frequent customers
2,604.64,41,604,United Kingdom,302.32,302.0,0.0,19,194,discovery,1703d68e807a,2,0.8991826959667654,0.25178977472964104,Recent occasional customers
2,728.16,14,596,United Kingdom,364.08000000000004,298.0,0.0,4,62,discovery,67dd85ec6238,2,1.5173262732178556,0.33647067749370474,Recent occasional customers
5,2055.51,85,1033,United Kingdom,411.10200000000003,206.6,0.0,67,232,discovery,bcdd7174d524,1,0.7293713291131741,0.6428485385224082,Established mid-value customers
2,347.75,14,93,United Kingdom,173.875,46.5,0.0,2,37,discovery,9778ed4be72e,2,1.5848150461012431,0.7369471227515367,Recent occasional customers
7,3406.7200000000003,45,1916,United Kingdom,486.67428571428576,273.7142857142857,0.0,43,207,discovery,d8f6e3341568,0,0.9604463923850378,0.2825181960999553,High-value frequent customers
1,205.7,11,110,United Kingdom,205.7,110.0,0.0,228,0,discovery,e071b790e5ac,3,0.22750083988828082,1.5293233857640116,Long-recency customers
4,1572.71,40,772,United Kingdom,393.1775,193.0,0.13114754098360656,16,350,discovery,f2ef11e42c33,0,0.7926155495063443,0.30867526981654336,High-value frequent customers
2,3178.17,105,1690,United Kingdom,1589.085,845.0,0.043478260869565216,51,259,discovery,d8b397b15b30,1,1.015796567529925,0.7841312600080224,Established mid-value customers
6,1594.97,118,1462,United Kingdom,265.8283333333333,243.66666666666666,0.0045662100456621,2,319,discovery,ebae772ea138,0,0.9235079211003605,1.281842216638312,High-value frequent customers
2,551.04,19,672,United Kingdom,275.52,336.0,0.0,75,294,discovery,e44b5b2fcf4b,1,0.7672922221613583,0.30144592088892996,Established mid-value customers
31,20374.28,239,8360,United Kingdom,657.2348387096774,269.6774193548387,0.022191400832177532,2,366,discovery,a67786ff7f8e,0,1.6370307466786114,1.6722051437245666,High-value frequent customers
30,16345.38,178,9772,United Kingdom,544.846,325.73333333333335,0.053125,2,367,discovery,240203f78d73,0,1.5384884541418,1.6891058560027907,High-value frequent customers
1,298.11,16,207,United Kingdom,298.11,207.0,0.0,264,0,discovery,13a7f4b5af22,3,0.3429636173933232,1.521479717279603,Long-recency customers
2,1992.1100000000001,29,729,United Kingdom,996.0550000000001,364.5,0.0,53,33,discovery,e29854f048f5,1,0.7675071564368409,0.9202456482010467,Established mid-value customers
1,184.4,11,96,United Kingdom,184.4,96.0,0.0,24,0,discovery,054f9ab4223e,2,0.574898947337561,1.2360837161443612,Recent occasional customers
6,2474.33,48,1367,United Kingdom,412.3883333333333,227.83333333333334,0.008403361344537815,11,358,discovery,266af8f472b1,0,0.22632166887953978,1.3382989386007083,High-value frequent customers
7,3155.83,88,1907,United Kingdom,450.8328571428571,272.42857142857144,0.0,17,356,discovery,2080592de69c,0,0.31295635626524027,1.2040257565474668,High-value frequent customers
7,5739.46,205,2478,United Kingdom,819.9228571428572,354.0,0.0,8,295,discovery,221d7b582403,0,0.456485419541034,1.5947925266732546,High-value frequent customers
15,4726.8,186,1769,United Kingdom,315.12,117.93333333333334,0.007874015748031496,31,343,discovery,7c90c124894c,0,0.911224060205651,0.9057440352356511,High-value frequent customers
2,290.40000000000003,18,134,United Kingdom,145.2,67.0,0.0,359,10,discovery,85e680e8475e,3,0.9313032376091039,1.000859574047149,Long-recency customers
1,200.47,16,231,United Kingdom,200.47,231.0,0.1111111111111111,138,0,discovery,fb9817e6dcf9,3,0.4815761746657648,0.8462855075915192,Long-recency customers
8,2285.71,78,1756,United Kingdom,285.71375,219.5,0.0873015873015873,39,326,discovery,baf864b8a140,0,0.9083694166922603,0.266736829156749,High-value frequent customers
1,338.95,19,93,United Kingdom,338.95,93.0,0.0,237,0,discovery,34a4525ceb18,3,0.38941770942265586,1.3778614770204043,Long-recency customers
1,154.95,8,93,United Kingdom,154.95,93.0,0.0,261,0,discovery,9fa9b246254b,3,0.44861676799210926,1.4928135934505593,Long-recency customers
1,417.95,24,109,United Kingdom,417.95,109.0,0.0,253,0,discovery,a25271377408,3,0.5597217175801857,1.2884543162294282,Long-recency customers
2,885.19,27,343,United Kingdom,442.595,171.5,0.0,169,71,discovery,71b13e87b236,1,0.9916184274426859,0.38563335371852137,Established mid-value customers
17,10504.49,270,3899,United Kingdom,617.9111764705882,229.35294117647058,0.03291139240506329,5,362,discovery,59851ebce7a8,0,1.051550232106496,1.656998396591423,High-value frequent customers
2,152.4,3,144,United Kingdom,76.2,72.0,0.0,186,151,discovery,72a62f3fef4c,3,0.8753518411228882,0.8433848268632484,Long-recency customers
2,263.33,28,90,United Kingdom,131.665,45.0,0.0,188,137,discovery,4e0ab717ecb4,3,0.7931627056659611,0.7596641851846475,Long-recency customers
2,385.1,22,246,United Kingdom,192.55,123.0,0.0,11,279,discovery,eb69f1baa280,2,0.9049208410719908,0.6827807810963445,Recent occasional customers
1,522.91,29,215,United Kingdom,522.91,215.0,0.0,45,0,discovery,1660cdfd3c72,2,0.6824046216889764,0.8352244494772391,Recent occasional customers
1,326.4,1,384,United Kingdom,326.4,384.0,0.0,201,0,discovery,ace1c2a4f283,3,0.3631422238214845,1.2513737705992705,Long-recency customers
11,5655.99,171,3072,United Kingdom,514.180909090909,279.27272727272725,0.03543307086614173,23,245,discovery,758382bbd052,0,0.7239603277999893,1.1211621424648486,High-value frequent customers
1,139.35,6,83,United Kingdom,139.35,83.0,0.0,233,0,discovery,1eaeae8404c3,3,0.5081027406833435,1.3653741376119797,Long-recency customers
15,5396.04,111,2466,United Kingdom,359.736,164.4,0.014388489208633094,38,218,discovery,a49ac0ddad9c,0,1.0603976377956603,0.7710366774489774,High-value frequent customers
4,1195.94,39,576,United Kingdom,298.985,144.0,0.0,27,341,discovery,4ae10cf7204a,1,0.734177551841175,0.34991252100152137,Established mid-value customers
4,2424.04,111,1595,United Kingdom,606.01,398.75,0.041666666666666664,97,270,discovery,4c9b92497e00,1,0.7600994744700045,0.9509348440804639,Established mid-value customers
6,3276.4000000000005,4,792,United Kingdom,546.0666666666667,132.0,0.0,128,87,discovery,cc6f16392884,1,1.2224495729718616,0.6273455810610191,Established mid-value customers
3,1033.0,38,300,United Kingdom,344.3333333333333,100.0,0.1111111111111111,72,67,discovery,6d8adf2f9be1,1,0.08414176882671572,1.5815009989154043,Established mid-value customers
1,1060.25,66,645,United Kingdom,1060.25,645.0,0.014925373134328358,16,0,discovery,e31dc1d7b448,2,1.1806198746725938,0.6615367262906269,Recent occasional customers
3,2876.01,153,1469,United Kingdom,958.67,489.6666666666667,0.023668639053254437,4,83,discovery,c43ffe616786,0,1.0378410079401283,0.8953668041526848,High-value frequent customers
4,1240.11,54,493,United Kingdom,310.02750000000003,123.25,0.1927710843373494,80,104,discovery,e11760ac0405,1,0.3557563067203676,1.3285683366516432,Established mid-value customers
2,692.19,33,463,United Kingdom,346.095,231.5,0.0,39,223,discovery,0210ef40cf6f,1,0.7664473345067717,0.18517403280846956,Established mid-value customers
3,700.63,40,422,United Kingdom,233.54333333333332,140.66666666666666,0.0,54,180,discovery,88ec7931b2eb,1,0.34991017928317747,1.0589665561716544,Established mid-value customers
19,13110.02,319,8439,United Kingdom,690.001052631579,444.1578947368421,0.0,3,365,discovery,7815cc2c3051,0,1.2806570821181233,1.6813631566928324,High-value frequent customers
3,377.44,24,238,United Kingdom,125.81333333333333,79.33333333333333,0.038461538461538464,10,104,discovery,fca2a726515c,2,1.3379172141247735,0.2014929643470138,Recent occasional customers
2,168.24,8,108,United Kingdom,84.12,54.0,0.0,10,49,discovery,fe4c1198bcfd,2,1.0459149873944438,1.0431387908397474,Recent occasional customers
7,2791.35,29,861,United Kingdom,398.7642857142857,123.0,0.020833333333333332,12,349,discovery,0ee15fe97ab5,0,0.11450291091175346,1.5107669592404693,High-value frequent customers
2,355.11,13,89,United Kingdom,177.555,44.5,0.0,114,219,discovery,778b0651b261,3,1.0375285627589022,0.09818194827379467,Long-recency customers
6,2322.4,110,3412,United Kingdom,387.06666666666666,568.6666666666666,0.0072992700729927005,4,355,discovery,ab61c23fec17,0,0.5573894734681528,1.446378070680598,High-value frequent customers
1,110.25,6,29,United Kingdom,110.25,29.0,0.25,241,0,discovery,524a5cad3c7c,3,0.7182194373876141,1.2731837830189436,Long-recency customers
1,71.4,1,12,United Kingdom,71.4,12.0,0.5,113,0,discovery,ef09b7d2990e,3,1.2691043283489505,0.4559889236150274,Long-recency customers
2,674.52,33,320,United Kingdom,337.26,160.0,0.0,179,78,discovery,ecd3d58e57c4,1,1.081890969333758,0.11829877356329876,Established mid-value customers
9,1710.45,101,3747,United Kingdom,190.05,416.3333333333333,0.0,6,159,discovery,aabd965c0d46,0,0.5296199668762618,1.3929530210897576,High-value frequent customers
1,80.64,1,192,United Kingdom,80.64,192.0,0.0,360,0,discovery,c80311ec1982,3,1.1153293184282387,1.357347931055455,Long-recency customers
30,5593.39,275,3318,United Kingdom,186.44633333333334,110.6,0.001349527665317139,2,371,discovery,f6b8561fb700,0,1.1677173585575118,1.724418007400617,High-value frequent customers
3,819.96,82,697,United Kingdom,273.32,232.33333333333334,0.0,18,152,discovery,0a1f3ead7d04,1,0.9586121349350871,0.41570416632776874,Established mid-value customers
2,287.59,25,239,United Kingdom,143.795,119.5,0.0,22,352,discovery,acdcdae4f9e5,2,0.6322545376722332,0.8111776976329269,Recent occasional customers
1,15.0,1,12,United Kingdom,15.0,12.0,0.0,264,0,discovery,e83c1c78e9d7,3,2.736400368250261,0.7395512317697897,Long-recency customers
2,772.55,71,351,United Kingdom,386.275,175.5,0.0,51,161,discovery,4d17bb1131dc,1,0.6460445338522935,0.43160121550313946,Established mid-value customers
3,367.63,51,143,United Kingdom,122.54333333333334,47.666666666666664,0.0,159,98,discovery,5860acaba4f1,1,1.1269485592403827,0.2612014587051732,Established mid-value customers
1,271.2,21,128,United Kingdom,271.2,128.0,0.0,16,0,discovery,1788d7a6244f,2,0.5549045276887444,1.5150435500570745,Recent occasional customers
3,2081.9,77,1122,United Kingdom,693.9666666666667,374.0,0.0,9,158,discovery,e7bf7c1b3f19,0,0.9519422717464028,0.5068130801094919,High-value frequent customers
10,3957.43,200,1850,United Kingdom,395.74300000000005,185.0,0.009771986970684038,13,308,discovery,f4bc248a7704,0,0.3271311781355583,1.5312899833993823,High-value frequent customers
5,1143.27,33,365,United Kingdom,228.654,73.0,0.0,199,84,discovery,129f6d8f6784,1,1.0888888490929833,1.192434736481157,Established mid-value customers
2,173.45,50,55,United Kingdom,86.72500000000001,27.5,0.0,11,0,discovery,c75ea8fd4948,2,0.99603593137298,1.0379105609600519,Recent occasional customers
4,1213.73,123,508,United Kingdom,303.4325,127.0,0.006493506493506494,97,209,discovery,002cf2c8d49b,1,0.4453221063538915,1.3838545273422402,Established mid-value customers
2,188.02,12,34,United Kingdom,94.00999999999999,17.0,0.0,160,94,discovery,0f404280cf8b,3,0.8464310576773149,0.6935975648657073,Long-recency customers
1,131.94,13,67,United Kingdom,131.94,67.0,0.0,54,0,discovery,5f6cb753034e,2,0.9310961419732277,0.38696166095872353,Recent occasional customers
2,266.85,57,195,United Kingdom,133.425,97.5,0.0,86,232,discovery,85cc9bb94582,2,1.0231014642074525,0.11324039349147808,Recent occasional customers
2,1117.9,3,211,United Kingdom,558.95,105.5,0.0,74,56,discovery,a968f51c1a28,1,0.5790170683315402,0.8454839552832368,Established mid-value customers
1,225.9,14,74,United Kingdom,225.9,74.0,0.0,282,0,discovery,1a28dda8864a,3,0.31299572493479844,1.628488946269219,Long-recency customers
14,1964.3,121,835,United Kingdom,140.30714285714288,59.642857142857146,0.0,27,338,discovery,498ba8e6186e,0,0.8181201065650194,0.720777417168043,High-value frequent customers
1,106.1,10,46,United Kingdom,106.1,46.0,0.0,30,0,discovery,93c1c3f41264,2,1.001928871971757,0.7939383720940612,Recent occasional customers
1,300.34,49,226,United Kingdom,300.34,226.0,0.0,26,0,discovery,edc85520b2c6,2,0.3785372305145235,1.3799955963419932,Recent occasional customers
2,342.83,43,305,United Kingdom,171.41500000000002,152.5,0.0,180,85,discovery,d768b82e3be0,3,0.8626543259468833,0.5071925231920311,Long-recency customers
4,690.0,63,176,United Kingdom,172.5,44.0,0.0,41,329,discovery,1acd181c1242,1,0.5665009312656958,0.9842438732208819,Established mid-value customers
3,780.43,102,498,United Kingdom,260.1433333333334,166.0,0.0,23,160,discovery,63d9248f9ccd,1,0.8094029488167928,0.5837145070605402,Established mid-value customers
9,1187.21,51,732,United Kingdom,131.91222222222223,81.33333333333333,0.0,38,297,discovery,c4ec5fa6c73f,1,1.112083856533837,0.00041469951723760445,Established mid-value customers
3,1285.04,102,752,United Kingdom,428.34666666666664,250.66666666666666,0.047619047619047616,83,290,discovery,4e8ea93f7065,1,0.2515037535836972,1.569130559632518,Established mid-value customers
1,512.31,10,478,United Kingdom,512.31,478.0,0.0,74,0,discovery,b7a3a13fd576,2,0.9186134614954355,0.26105709449049286,Recent occasional customers
1,546.04,43,727,United Kingdom,546.04,727.0,0.0,12,0,discovery,f669f690b321,2,0.8648274156391733,1.1476397965250245,Recent occasional customers
12,5411.91,46,2057,United Kingdom,450.9925,171.41666666666666,0.046875,17,357,discovery,9e0561583bd7,0,0.6093389578253773,1.3436956293012607,High-value frequent customers
39,7761.82,359,4146,United Kingdom,199.02102564102566,106.3076923076923,0.024734982332155476,5,329,discovery,ff0e605ed99a,0,1.1172624873641668,1.6587281271698353,High-value frequent customers
4,699.81,113,329,United Kingdom,174.9525,82.25,0.0,13,356,discovery,c28e739a199c,1,1.2215494065126706,0.024243663635671098,Established mid-value customers
5,1698.07,297,752,United Kingdom,339.614,150.4,0.01971830985915493,15,57,discovery,44c173a7b91c,0,0.5856441326578677,0.6493725503318789,High-value frequent customers
3,387.68,32,67,United Kingdom,129.22666666666666,22.333333333333332,0.0,5,273,discovery,f12bb04b1e7b,2,1.5677867147684539,0.2881579333935964,Recent occasional customers
7,3704.87,36,1031,United Kingdom,529.2671428571429,147.28571428571428,0.02040816326530612,72,300,discovery,66e2c6ed450d,1,1.2426885348261139,0.12225960785319412,Established mid-value customers
1,298.4,13,408,United Kingdom,298.4,408.0,0.0,52,0,discovery,c353443554aa,2,0.5605455803136769,0.7001185092788013,Recent occasional customers
4,1820.09,54,667,Malta,455.0225,166.75,0.18292682926829268,23,162,discovery,a489fd40e8d0,0,0.8513879035623645,0.07790179959451315,High-value frequent customers
1,889.24,30,496,United Arab Emirates,889.24,496.0,0.0,299,0,discovery,27d344e40464,3,1.1743418813677817,0.8690508078533214,Long-recency customers
1,35.400000000000006,2,12,United Kingdom,35.400000000000006,12.0,0.0,34,0,discovery,c925591af063,2,2.059038849779788,0.32987163644798034,Recent occasional customers
1,155.37,61,208,United Kingdom,155.37,208.0,0.0,50,0,discovery,b678c7607b0b,2,0.7873468564908731,0.5352784715840494,Recent occasional customers
3,342.24,45,344,United Kingdom,114.08,114.66666666666667,0.0,3,21,discovery,c9154ef0e37f,2,1.7244958076235495,0.2916983414529435,Recent occasional customers
1,110.21000000000001,23,88,United Kingdom,110.21000000000001,88.0,0.0,48,0,discovery,c7693109f274,2,1.0334130831055264,0.4381093379306049,Recent occasional customers
8,1541.23,110,510,United Kingdom,192.65375,63.75,0.01818181818181818,43,121,discovery,84ed75160d51,1,1.0362942071177574,0.038611522772404205,Established mid-value customers
5,2720.8,96,1831,United Kingdom,544.1600000000001,366.2,0.11363636363636363,27,346,discovery,b7f169f1d4bb,0,0.7129828135444104,0.3911727589027042,High-value frequent customers
1,205.48,36,113,United Kingdom,205.48,113.0,0.0,304,0,discovery,ae40c415651a,3,0.38810758306919924,1.6366410409365293,Long-recency customers
1,51.559999999999995,5,52,Canada,51.559999999999995,52.0,0.0,107,0,discovery,c6a51c3437eb,3,1.577786255095553,0.38101343503130036,Long-recency customers
1,2033.1,1,1,United Kingdom,2033.1,1.0,0.0,86,0,discovery,e03fc1f1ad92,1,1.6310233651370196,0.14609246350973737,Established mid-value customers
9,901.1999999999999,41,398,United Kingdom,100.13333333333333,44.22222222222222,0.0,82,277,discovery,50187ba65aa5,1,1.0452227255452702,0.677248988937392,Established mid-value customers
34,5391.21,21,1733,United Kingdom,158.565,50.970588235294116,0.038834951456310676,373,1,discovery,32cb4d1bf363,1,2.568140755785049,0.41488137952047754,Established mid-value customers
2,114.34,21,53,United Kingdom,57.17,26.5,0.0,12,0,discovery,91a2b24e8a44,2,1.2017793136527999,1.105164383195548,Recent occasional customers
2,311.26,15,84,United Kingdom,155.63,42.0,0.0,186,42,discovery,d00df7d8cdc6,3,0.8276317529131026,0.6166137963017043,Long-recency customers
1,208.97,17,197,United Kingdom,208.97,197.0,0.0,373,0,discovery,9966d52e96bb,3,0.5638419484140382,1.6569501597152934,Long-recency customers
4,1418.03,12,842,United Kingdom,354.5075,210.5,0.11764705882352941,2,280,discovery,6683bb899e1a,0,1.1157940007953533,0.985452236880902,High-value frequent customers
23,26879.04,19,19256,United Kingdom,1168.6539130434783,837.2173913043479,0.03571428571428571,5,361,discovery,d5e98eb60030,0,1.5745957643045994,1.557214451916982,High-value frequent customers
12,5140.66,101,2694,United Kingdom,428.3883333333333,224.5,0.0,6,364,discovery,603f5a6084d1,0,0.5817628163631845,1.7179502537791467,High-value frequent customers
1,141.92000000000002,23,102,United Kingdom,141.92000000000002,102.0,0.0,305,0,discovery,264c9e24831e,3,0.5842537415556842,1.5235440541958765,Long-recency customers
1,226.45000000000002,49,93,United Kingdom,226.45000000000002,93.0,0.0,369,0,discovery,959a0a2eb014,3,0.5460390793067468,1.655367720584529,Long-recency customers
8,2097.88,172,1985,United Kingdom,262.235,248.125,0.004545454545454545,4,316,discovery,8347e3f8ecf4,0,0.5645859317545249,1.515466332272133,High-value frequent customers
1,330.9,11,100,United Kingdom,330.9,100.0,0.0,324,0,discovery,3bef7024f809,3,0.5260257020273226,1.5372526095069152,Long-recency customers
3,554.85,70,706,United Kingdom,184.95000000000002,235.33333333333334,0.0,13,263,discovery,9dfd4eaf5453,1,1.2500298390369233,0.10437397666714676,Established mid-value customers
20,10526.32,191,5757,United Kingdom,526.316,287.85,0.04884318766066838,31,334,discovery,d1e119a59bd8,0,1.2470261216217098,1.004522061780407,High-value frequent customers
6,1157.8700000000001,62,508,United Kingdom,192.97833333333335,84.66666666666667,0.02857142857142857,31,258,discovery,ac4ac4792aac,1,0.9019096509764863,0.11571714426038993,Established mid-value customers
5,428.18,37,111,United Kingdom,85.636,22.2,0.0,108,261,discovery,cd236859fe99,1,0.9737950822500848,1.0235365479739098,Established mid-value customers
1,155.9,10,182,United Kingdom,155.9,182.0,0.0,205,0,discovery,8878537edb32,3,0.41533314009672967,1.3120753978352446,Long-recency customers
5,1848.96,24,1035,United Kingdom,369.79200000000003,207.0,0.044444444444444446,81,293,discovery,13b767255265,1,0.6981258610434441,0.8362445920002525,Established mid-value customers
6,683.46,37,221,United Kingdom,113.91000000000001,36.833333333333336,0.02127659574468085,186,70,discovery,d24bc44f63a5,1,1.1766398909151232,1.0589837150580563,Established mid-value customers
1,237.61,12,98,United Kingdom,237.61,98.0,0.0,171,0,discovery,db6d38405d3f,3,0.3004140495346624,1.179949124047882,Long-recency customers
1,379.45,26,401,United Kingdom,379.45,401.0,0.0,44,0,discovery,7eb39a49a39b,2,0.518523160587316,0.9131237043619216,Recent occasional customers
1,458.92,26,314,United Kingdom,458.92,314.0,0.0,365,0,discovery,62a7e532479e,3,0.7923258409462254,1.4176792667947171,Long-recency customers
1,133.35000000000002,8,32,United Kingdom,133.35000000000002,32.0,0.0,305,0,discovery,b95a16819993,3,0.6297815520711992,1.4968164611682773,Long-recency customers
4,664.34,133,374,United Kingdom,166.085,93.5,0.0,4,243,discovery,69e7fa16023c,0,1.3680513998840491,0.4715052827562358,High-value frequent customers
1,156.34,50,110,United Kingdom,156.34,110.0,0.0,13,0,discovery,c0ce7ac9390e,2,0.8653989484319548,1.358637107812665,Recent occasional customers
3,869.28,93,469,United Kingdom,289.76,156.33333333333334,0.0,32,218,discovery,82c03fe92585,1,0.5653143192692934,0.8700033734412159,Established mid-value customers
1,111.35,10,30,United Kingdom,111.35,30.0,0.0,130,0,discovery,7a142a5b15e1,3,0.8470803457734842,0.6707060567587154,Long-recency customers
8,716.0,60,973,United Kingdom,89.5,121.625,0.17721518987341772,22,336,discovery,bbf8a306649f,0,1.1806345301474508,0.08922693068712628,High-value frequent customers
2,201.37,20,77,United Kingdom,100.685,38.5,0.0,213,110,discovery,81c41b506983,3,0.7839430046962935,0.9797542737836463,Long-recency customers
2,586.89,88,402,United Kingdom,293.445,201.0,0.0,323,39,discovery,73a497075564,3,1.1652794446071544,0.4274896750214039,Long-recency customers
3,244.1,27,109,United Kingdom,81.36666666666666,36.333333333333336,0.0,57,99,discovery,443380b4337b,1,1.2032937549844376,0.03562591614362565,Established mid-value customers
1,107.21,15,149,United Kingdom,107.21,149.0,0.0,226,0,discovery,c69cb7123a9a,3,0.7385149383343871,1.2122588227489368,Long-recency customers
8,1118.96,127,404,United Kingdom,139.87,50.5,0.0,72,295,discovery,334b9aa314e7,1,0.9405571365333425,0.6009980049336829,Established mid-value customers
1,95.45,15,127,United Kingdom,95.45,127.0,0.0,45,0,discovery,9a48e0e46d23,2,1.1399292154994738,0.44136107845915107,Recent occasional customers
1,256.32,2,288,United Kingdom,256.32,288.0,0.0,24,0,discovery,cd14ed436193,2,0.41349177339233184,1.3875146183489342,Recent occasional customers
3,541.8100000000001,100,222,United Kingdom,180.60333333333332,74.0,0.009174311926605505,173,201,discovery,49d5f7945e06,1,0.9744192935881498,0.5257061106753688,Established mid-value customers
2,152.06,27,190,United Kingdom,76.03,95.0,0.0,86,122,discovery,f836564d2094,2,1.179950148411528,0.013547865255743474,Recent occasional customers
1,154.55,29,170,United Kingdom,154.55,170.0,0.0,160,0,discovery,bd6339f0e35e,3,0.5073722446215568,1.0168784599225078,Long-recency customers
2,112.19999999999999,4,73,United Kingdom,56.099999999999994,36.5,0.45454545454545453,191,0,discovery,820dd06a9b84,3,1.0295616838422255,0.8274715942420681,Long-recency customers
1,181.07,33,59,United Kingdom,181.07,59.0,0.02857142857142857,22,0,discovery,a5648db75f7a,2,0.6038487479490584,1.2674025215072418,Recent occasional customers
1,72.9,12,26,United Kingdom,72.9,26.0,0.0,248,0,discovery,d71a8c33c686,3,1.1079396202614018,1.1135725827521492,Long-recency customers
1,232.03,51,169,United Kingdom,232.03,169.0,0.0,374,0,discovery,53fc9579fefb,3,0.5582158664615269,1.6543176229720735,Long-recency customers
1,366.23,39,223,United Kingdom,366.23,223.0,0.0,10,0,discovery,5b6366c40174,2,0.8077155211763579,1.3769224256973995,Recent occasional customers
5,310.06,35,184,United Kingdom,62.012,36.8,0.05128205128205128,311,54,discovery,251cfef4d920,1,1.7756220997439534,0.1353074585165357,Established mid-value customers
2,408.65,55,288,United Kingdom,204.325,144.0,0.0,59,297,discovery,f35c4685cde5,2,0.8408609274881077,0.10648503177473068,Recent occasional customers
1,329.36,72,457,United Kingdom,329.36,457.0,0.0,4,0,discovery,1171b2b87abc,2,1.23462108021987,1.2980449593031405,Recent occasional customers
1,1304.04,23,756,United Kingdom,1304.04,756.0,0.0,89,0,discovery,5fa25ed9fc6f,2,1.5195026308989061,0.04643417259100069,Recent occasional customers
1,207.50000000000003,1,50,United Kingdom,207.50000000000003,50.0,0.0,283,0,discovery,3c337358a5cb,3,0.3306950712953101,1.6248046893058161,Long-recency customers
1,244.08,1,72,United Kingdom,244.08,72.0,0.0,373,0,discovery,8dc679752155,3,0.5573063818482956,1.6487196314389805,Long-recency customers
2,212.54,23,140,United Kingdom,106.27,70.0,0.0,46,201,discovery,f78cbb002348,2,0.7429213933945081,0.7212571543653604,Recent occasional customers
4,843.0,4,108,United Kingdom,210.75,27.0,0.16666666666666666,12,297,discovery,df57faa2de81,0,1.1130962099314732,0.1263131889031195,High-value frequent customers
5,1740.48,26,1594,United Kingdom,348.096,318.8,0.0,36,204,discovery,b5e7b319243d,1,0.7972795743801102,0.18050247495867977,Established mid-value customers
3,1331.57,84,789,United Kingdom,443.8566666666666,263.0,0.0,30,182,discovery,24a9332c5eac,1,0.6230446781940311,0.6674846069503542,Established mid-value customers
2,704.25,21,478,United Kingdom,352.125,239.0,0.0,52,7,discovery,45d0fb59edb7,1,0.6717747360072654,0.3585414846290529,Established mid-value customers
2,145.79,28,82,United Kingdom,72.895,41.0,0.0,139,3,discovery,9330ab1fb886,3,0.9733179032324054,0.5387076495221598,Long-recency customers
7,4301.22,19,1754,United Kingdom,614.46,250.57142857142858,0.0,9,354,discovery,e807d551f57b,0,0.25503128823120064,1.6406797150199948,High-value frequent customers
1,99.14,12,40,United Kingdom,99.14,40.0,0.0,160,0,discovery,99f17a3030c8,3,0.8595992599499284,0.8666391491517024,Long-recency customers
1,304.56,2,252,United Kingdom,304.56,252.0,0.0,131,0,discovery,342116fbe590,3,0.557270559857225,0.6819863738084846,Long-recency customers
1,77.50000000000001,2,38,United Kingdom,77.50000000000001,38.0,0.0,8,0,discovery,2a898ba3e942,2,1.527793689189771,1.1531193000099131,Recent occasional customers
2,149.57999999999998,18,75,United Kingdom,74.78999999999999,37.5,0.0,234,26,discovery,7ef046175da2,3,0.8724331595823525,1.0415126774159178,Long-recency customers
1,176.68,9,168,United Kingdom,176.68,168.0,0.0,38,0,discovery,39822e5cafc5,2,0.6160515027095079,0.879755419814124,Recent occasional customers
45,58510.48,29,30546,United Kingdom,1300.232888888889,678.8,0.11392405063291139,2,370,discovery,5710c0b18200,0,2.1451037434128173,1.5917729515641756,High-value frequent customers
3,482.2,63,366,United Kingdom,160.73333333333332,122.0,0.013888888888888888,73,293,discovery,7689e8172943,1,0.6214705581165517,0.7612680419426193,Established mid-value customers
3,1008.5400000000001,18,616,United Kingdom,336.18,205.33333333333334,0.047619047619047616,40,334,discovery,5cb871995bd9,1,0.38683682365504934,1.1283587450757149,Established mid-value customers
12,2314.13,326,2221,United Kingdom,192.84416666666667,185.08333333333334,0.008316008316008316,6,366,discovery,e7cabcd7f057,0,0.4953863754578135,1.5865746132660452,High-value frequent customers
1,12.75,1,1,United Kingdom,12.75,1.0,0.0,250,0,discovery,a0c6af56e1eb,3,2.908734039163399,0.6907741958404192,Long-recency customers
1,111.68,31,287,United Kingdom,111.68,287.0,0.0,67,0,discovery,6a7ece222472,2,1.1406702387405785,0.10273359320542474,Recent occasional customers
1,508.4599999999999,7,84,United Kingdom,508.4599999999999,84.0,0.0,117,0,discovery,471816b659e5,3,0.8965784923441154,0.3374094769052023,Long-recency customers
1,73.78,26,41,United Kingdom,73.78,41.0,0.0,172,0,discovery,058f2b880ce7,3,1.1123259039997662,0.8407349222190228,Long-recency customers
39,1296.44,211,560,United Kingdom,33.242051282051285,14.35897435897436,0.0,22,351,discovery,5171cfebcfbf,0,1.1455917731182106,0.7484823799754063,High-value frequent customers
1,102.41,33,127,United Kingdom,102.41,127.0,0.0,143,0,discovery,bd60b2cb5ecb,3,0.8712272205022323,0.758415281889519,Long-recency customers
2,463.21,84,294,United Kingdom,231.605,147.0,0.0,32,341,discovery,63ee286efb12,2,0.713515124330752,0.30689625885573824,Recent occasional customers
5,1098.43,53,2571,United Kingdom,219.68599999999998,514.2,0.0,38,224,discovery,25c010bfdb3c,1,0.6723639096463228,0.5176059059229039,Established mid-value customers
1,112.27,41,73,United Kingdom,112.27,73.0,0.0,372,0,discovery,33cd3e7ac909,3,0.8671341504948296,1.4987558682959268,Long-recency customers
1,265.1,74,151,United Kingdom,265.1,151.0,0.0,374,0,discovery,19a0db11f4b2,3,0.5699771638150544,1.6343830331710725,Long-recency customers
2,228.2,14,152,United Kingdom,114.1,76.0,0.0,167,195,discovery,5af7969d7339,3,0.8121673558445308,0.7271567615379593,Long-recency customers
1,562.79,27,513,United Kingdom,562.79,513.0,0.0,212,0,discovery,156435158505,3,0.7779900876589675,0.9690064356698828,Long-recency customers
1,135.19,30,36,United Kingdom,135.19,36.0,0.0,242,0,discovery,34029e360a41,3,0.5392561915475176,1.3772864729503653,Long-recency customers
1,337.04,15,176,United Kingdom,337.04,176.0,0.0,52,0,discovery,a9ce92da4744,2,0.5718072233887547,0.7112107653141458,Recent occasional customers
13,4483.26,189,1565,United Kingdom,344.86615384615385,120.38461538461539,0.003401360544217687,16,351,discovery,3073b3179095,0,0.5486133880997849,1.3825509742448525,High-value frequent customers
1,288.14,19,342,United Kingdom,288.14,342.0,0.0,30,0,discovery,b0ec4cd72393,2,0.36961808804581087,1.2856839741613368,Recent occasional customers
1,300.91999999999996,12,499,United Kingdom,300.91999999999996,499.0,0.0,366,0,discovery,cdcf49da33e2,3,0.5832627705668841,1.5976240935764503,Long-recency customers
4,732.41,116,383,United Kingdom,183.10250000000002,95.75,0.007194244604316547,36,224,discovery,570f29644bd7,1,0.6095987173957091,0.8513561501617954,Established mid-value customers
3,811.45,23,682,United Kingdom,270.48333333333335,227.33333333333334,0.0,166,194,discovery,3d49e62628bb,1,0.8110600825877682,0.874945045187335,Established mid-value customers
1,152.68,48,98,United Kingdom,152.68,98.0,0.0,146,0,discovery,ce568c88da47,3,0.5654653789632947,0.8905424300508299,Long-recency customers
1,631.35,20,171,United Kingdom,631.35,171.0,0.0,23,0,discovery,8d377922670f,2,0.754134836539985,1.012263201706229,Recent occasional customers
2,93.35,4,25,United Kingdom,46.675000000000004,12.5,0.0,226,1,discovery,2d051a3daab7,3,1.1447244057486343,0.9266472780451469,Long-recency customers
8,1962.46,133,2273,United Kingdom,245.3075,284.125,0.07865168539325842,75,90,discovery,c6b08655e708,1,1.055158453434899,0.3707495642603311,Established mid-value customers
2,380.39,87,219,United Kingdom,190.195,109.5,0.0,38,329,discovery,3cb58ba7a7c1,2,0.6640734306337539,0.4140211400969114,Recent occasional customers
2,415.13,56,362,United Kingdom,207.565,181.0,0.0,13,74,discovery,2d916d76f14b,2,0.8561566036787105,0.6209868969317258,Recent occasional customers
1,157.92,32,75,United Kingdom,157.92,75.0,0.0,363,0,discovery,3fe628b2be1d,3,0.6350677109498204,1.6085517949071513,Long-recency customers
2,226.47,52,86,United Kingdom,113.235,43.0,0.0,4,44,discovery,79e5117e5e5a,2,1.3393802421557792,0.9179817793721616,Recent occasional customers
1,444.68,21,220,United Kingdom,444.68,220.0,0.0,24,0,discovery,e0a0f99ad133,2,0.52576983900975,1.314276288750914,Recent occasional customers
1,247.39,31,125,United Kingdom,247.39,125.0,0.03125,236,0,discovery,7d5b6ad02f16,3,0.21521563748694,1.551061376029134,Long-recency customers
1,102.78999999999999,28,71,United Kingdom,102.78999999999999,71.0,0.0,374,0,discovery,71428ec53026,3,0.9362200643021769,1.4669186976414537,Long-recency customers
2,187.29,31,285,United Kingdom,93.64500000000001,142.5,0.0,156,0,discovery,45e6da965198,3,0.8552333621164688,0.6656351627695157,Long-recency customers
1,162.22,29,66,United Kingdom,162.22,66.0,0.0,29,0,discovery,109e32e36b63,2,0.6498541283393906,1.0499010830990736,Recent occasional customers
1,120.03,46,157,United Kingdom,120.03,157.0,0.0,5,0,discovery,1912bfc57aff,2,1.3929598672014902,1.3966761631039917,Recent occasional customers
5,1477.66,90,1027,United Kingdom,295.532,205.4,0.0,33,332,discovery,37db3376df69,1,0.7864122853735955,0.19680121725597732,Established mid-value customers
3,523.0,1,300,United Kingdom,174.33333333333334,100.0,0.0,82,229,discovery,69cf305e31fb,1,0.5770075142004769,0.8762717130661088,Established mid-value customers
2,122.14,29,55,United Kingdom,61.07,27.5,0.0,109,91,discovery,e20c7dd2e038,3,1.154902036272204,0.2750750725480908,Long-recency customers
1,38.45,5,7,United Kingdom,38.45,7.0,0.0,52,0,discovery,9023da42d645,2,2.017141289134149,0.11035122902927075,Recent occasional customers
1,612.72,141,703,United Kingdom,612.72,703.0,0.0,36,0,discovery,0db0c60b44fe,2,0.7289551931912934,0.9291866223515821,Recent occasional customers
2,230.64999999999998,8,67,United Kingdom,115.32499999999999,33.5,0.1,5,38,discovery,0a21c6ac3f37,2,1.2439618294932644,0.9207894352079782,Recent occasional customers
1,93.82000000000001,32,252,United Kingdom,93.82000000000001,252.0,0.0,66,0,discovery,06cebe2cebc9,2,1.2678809039737444,0.08199654564078274,Recent occasional customers
2,418.68,99,559,United Kingdom,209.33999999999997,279.5,0.0,22,0,discovery,b29c65392849,2,0.6982607494429266,0.5306240497395468,Recent occasional customers
3,713.89,44,584,United Kingdom,237.96333333333334,194.66666666666666,0.0,36,8,discovery,84f0ba26fe24,1,0.5491181262162689,0.8016128295706407,Established mid-value customers
3,403.12,77,232,United Kingdom,134.37333333333333,77.33333333333333,0.0,33,213,discovery,f3c81419d2f3,1,0.9276294643275322,0.23031620180142842,Established mid-value customers
21,4097.37,285,3758,United Kingdom,195.11285714285714,178.95238095238096,0.004347826086956522,12,361,discovery,a82ac2a3dec8,0,0.670049736184262,1.4863384465176708,High-value frequent customers
1,165.04999999999998,7,33,United Kingdom,165.04999999999998,33.0,0.0,54,0,discovery,688e3dca1c1b,2,0.780552268559256,0.47106108734651053,Recent occasional customers
10,2088.6,88,1033,United Kingdom,208.85999999999999,103.3,0.0078125,5,356,discovery,c18359eae166,0,0.523987775506138,1.5455859583839886,High-value frequent customers
1,178.34,43,138,United Kingdom,178.34,138.0,0.0,46,0,discovery,6273af8d3ad6,2,0.6672083844264739,0.6880887860579171,Recent occasional customers
2,172.29000000000002,6,127,United Kingdom,86.14500000000001,63.5,0.0,204,0,discovery,15b86faed068,3,0.8212648989665904,0.9385406389885319,Long-recency customers
1,74.4,5,40,United Kingdom,74.4,40.0,0.0,360,0,discovery,7caea92c1f39,3,1.1853850094857885,1.3262592382985343,Long-recency customers
1,300.02,20,302,United Kingdom,300.02,302.0,0.047619047619047616,71,0,discovery,2358f00304a1,2,0.7627418846733874,0.2618239274157571,Recent occasional customers
10,6761.34,223,2452,United Kingdom,676.134,245.2,0.008310249307479225,8,362,discovery,8590a9e86a40,0,0.6030944405625361,1.6320535273733272,High-value frequent customers
1,363.65,19,211,United Kingdom,363.65,211.0,0.0,289,0,discovery,8220a1abc790,3,0.5100985057993452,1.448533849735243,Long-recency customers
1,170.16,3,88,United Kingdom,170.16,88.0,0.0,10,0,discovery,caae24614e20,2,0.9273539035080133,1.440583550589282,Recent occasional customers
3,306.46,17,258,United Kingdom,102.15333333333332,86.0,0.09523809523809523,24,44,discovery,acb570b45d34,2,1.1331366578760582,0.11473459241251383,Recent occasional customers
10,2119.41,18,955,United Kingdom,211.94099999999997,95.5,0.0,22,345,discovery,95008f81b87c,0,0.5892268180994769,0.8728379803935042,High-value frequent customers
3,720.52,23,396,United Kingdom,240.17333333333332,132.0,0.0,174,164,discovery,87355560beec,1,0.8788031694751691,0.7441950000612504,Established mid-value customers
2,814.0,7,384,United Kingdom,407.0,192.0,0.0,134,102,discovery,15c6b7c8f7d8,1,0.8450485958050354,0.5319247133434725,Established mid-value customers
1,318.0,10,108,United Kingdom,318.0,108.0,0.0,76,0,discovery,f392c3f3ad43,2,0.81376388196672,0.17095287673920045,Recent occasional customers
1,396.33,36,189,United Kingdom,396.33,189.0,0.0,41,0,discovery,0b95f532873f,2,0.507575289647876,0.9850469484326052,Recent occasional customers
2,453.0,23,260,United Kingdom,226.5,130.0,0.0,258,108,discovery,5d72f7d162f0,3,0.9750820406625788,0.5090047975235604,Long-recency customers
12,3859.82,23,3102,United Kingdom,321.6516666666667,258.5,0.04,115,83,discovery,ba11a230421c,1,1.610132043628023,0.1799721102663634,Established mid-value customers
1,489.6,13,190,United Kingdom,489.6,190.0,0.0,374,0,discovery,8108758da665,3,0.8476578536575402,1.3958255242066144,Long-recency customers
10,2611.75,97,1464,United Kingdom,261.175,146.4,0.0718954248366013,24,337,discovery,e9e6444921b5,0,0.595097316018565,0.8969980745190055,High-value frequent customers
11,2584.41,101,1839,United Kingdom,234.94636363636363,167.1818181818182,0.0,9,358,discovery,35e84b051992,0,0.3234341917059814,1.5887226217295747,High-value frequent customers
4,3613.15,99,7347,United Kingdom,903.2875,1836.75,0.0,46,193,discovery,f96f980edff3,1,0.9910357600188706,0.17609402142085617,Established mid-value customers
2,1231.5,2,642,United Kingdom,615.75,321.0,0.0,19,224,discovery,6a4bf5e24643,1,1.075973441454573,0.2624281259110177,Established mid-value customers
1,680.84,62,608,United Kingdom,680.84,608.0,0.0,26,0,discovery,07e4ccc3dcf0,2,0.7926948169367912,0.9255782428663543,Recent occasional customers
1,90.47999999999999,1,312,United Kingdom,90.47999999999999,312.0,0.5,17,0,discovery,1bb1c9f8eaa8,2,1.2029818158239627,1.0042314052824601,Recent occasional customers
2,689.95,25,265,United Kingdom,344.975,132.5,0.0,331,43,discovery,20fd082984e3,3,1.2646801365625997,0.31802629906641555,Long-recency customers
1,101.34,7,106,United Kingdom,101.34,106.0,0.0,275,0,discovery,0bbeb3db385f,3,0.8194423442490214,1.3190168233606796,Long-recency customers
2,4055.7199999999993,2,3907,United Kingdom,2027.8599999999997,1953.5,0.7142857142857143,99,192,discovery,562f366ddd6e,1,1.1851530416016973,0.9886393340873352,Established mid-value customers
1,166.03,35,107,United Kingdom,166.03,107.0,0.0,62,0,discovery,5a8035ce14fb,2,0.8443549711399524,0.3028660735904506,Recent occasional customers
11,9068.26,28,4252,United Kingdom,824.3872727272727,386.54545454545456,0.011111111111111112,3,363,discovery,8cf7522aaa3b,0,1.0002388654750778,1.6958617532997327,High-value frequent customers
4,2106.52,31,1392,United Kingdom,526.63,348.0,0.05263157894736842,94,209,discovery,d4459df4b2fa,1,0.6675856486140894,1.0310519463663592,Established mid-value customers
7,3017.3,39,2518,United Kingdom,431.04285714285714,359.7142857142857,0.0,82,210,discovery,1e36b7d0f392,1,1.1529250670882008,0.31085746725686003,Established mid-value customers
2,580.0500000000001,20,419,United Kingdom,290.025,209.5,0.0,313,20,discovery,7dffb5c9ebeb,3,1.1491405793339584,0.4188355844416416,Long-recency customers
3,849.06,157,788,United Kingdom,283.02,262.6666666666667,0.0,12,52,discovery,73da3b695b2e,1,1.2052418142848813,0.10804592108735833,Established mid-value customers
1,168.31,19,149,United Kingdom,168.31,149.0,0.0,128,0,discovery,9d2c040fa1bf,3,0.5991534084024553,0.7195177475009366,Long-recency customers
2,222.4,37,87,United Kingdom,111.2,43.5,0.0,12,132,discovery,785f263b5f8b,2,0.8752917949266567,0.9649876818071222,Recent occasional customers
60,259657.3,150,64124,United Kingdom,4327.621666666667,1068.7333333333333,0.004618937644341801,1,367,discovery,e327e4423d83,0,2.870475647478227,1.5342920485991267,High-value frequent customers
1,113.48000000000002,18,46,United Kingdom,113.48000000000002,46.0,0.0,38,0,discovery,4e10fec3f3ab,2,0.9609968230938615,0.6542137450313628,Recent occasional customers
1,421.9,33,126,United Kingdom,421.9,126.0,0.0,330,0,discovery,ac1570130b98,3,0.6784395066558484,1.4225134710570542,Long-recency customers
1,198.8,33,72,United Kingdom,198.8,72.0,0.075,20,0,discovery,83dcc12e644f,2,0.5725188946246149,1.3536873777200722,Recent occasional customers
2,352.69,26,255,United Kingdom,176.345,127.5,0.0,13,154,discovery,e8b2315dd85d,2,0.8197194427293377,0.7311635166854642,Recent occasional customers
1,76.32000000000001,1,72,United Kingdom,76.32000000000001,72.0,0.0,369,0,discovery,2bfb341e9277,3,1.1736190148704606,1.3467019938564493,Long-recency customers
1,220.1,28,55,United Kingdom,220.1,55.0,0.0,291,0,discovery,01194ecdbc64,3,0.33990248857127897,1.634327802689696,Long-recency customers
8,1403.1100000000001,230,837,United Kingdom,175.38875000000002,104.625,0.0,68,297,discovery,d3dd9c4d3e52,1,0.9638427436680226,0.4622385452701261,Established mid-value customers
1,315.65,68,605,United Kingdom,315.65,605.0,0.0,26,0,discovery,c2c1ca45ca06,2,0.3825309449645466,1.3819907053380904,Recent occasional customers
1,111.15,17,31,United Kingdom,111.15,31.0,0.0,215,0,discovery,ccacd5cbc675,3,0.7050846353606033,1.1891373033187076,Long-recency customers
2,653.3,28,438,United Kingdom,326.65,219.0,0.0,150,5,discovery,a83c76c35bc5,1,0.9699778555136673,0.24648493081976097,Established mid-value customers
2,574.4399999999999,31,582,United Kingdom,287.21999999999997,291.0,0.0,25,7,discovery,f810f1ef5aa0,2,0.8274735618418577,0.20324322081295765,Recent occasional customers
4,1131.75,164,800,United Kingdom,282.9375,200.0,0.0051813471502590676,30,287,discovery,0360a0169794,1,0.6622368336015659,0.4915693123168091,Established mid-value customers
1,200.92000000000002,52,135,United Kingdom,200.92000000000002,135.0,0.0,61,0,discovery,c31ab21944a0,2,0.7422395719257912,0.38429495004717273,Recent occasional customers
3,347.08,41,187,United Kingdom,115.69333333333333,62.333333333333336,0.0,20,114,discovery,089b2ab33cb7,2,1.1625909114155213,0.08385658127845907,Recent occasional customers
3,1059.39,58,824,United Kingdom,353.12999999999994,274.6666666666667,0.014084507042253521,16,42,discovery,e62bde300e90,1,1.0165187106595148,0.20613369608022292,Established mid-value customers
1,931.4999999999999,1,1350,United Kingdom,931.4999999999999,1350.0,0.5,213,0,discovery,aa3f2552ce21,3,1.171293817624758,0.6731319171711241,Long-recency customers
5,681.9100000000001,11,349,United Kingdom,136.382,69.8,0.0,30,161,discovery,0a293b6e83e1,1,0.8563235035905212,0.5019435447554079,Established mid-value customers
3,784.33,34,379,United Kingdom,261.4433333333333,126.33333333333333,0.02564102564102564,64,256,discovery,a34b8f86c108,1,0.22570700620878434,1.2777411807036092,Established mid-value customers
6,8438.34,35,5557,United Kingdom,1406.39,926.1666666666666,0.018518518518518517,18,1,discovery,a25f0bc548f8,0,0.7819626063601309,1.091128901259156,High-value frequent customers
2,1019.52,9,1276,United Kingdom,509.76,638.0,0.16666666666666666,158,58,discovery,9e274019ee36,1,0.9348637571262909,0.5438403467348408,Established mid-value customers
2,1000.16,59,570,United Kingdom,500.08000000000004,285.0,0.0,117,25,discovery,48d95ad55bf4,1,0.7428177016633986,0.7995914849854107,Established mid-value customers
12,2888.75,27,1343,United Kingdom,240.72916666666666,111.91666666666667,0.0,8,366,discovery,2ef4f76c0100,0,0.3775135889963402,1.642596076687349,High-value frequent customers
4,2861.55,174,2625,United Kingdom,715.3875,656.25,0.0,13,300,discovery,24fe0c24d80f,0,0.5954776539608502,0.8008251844708048,High-value frequent customers
2,160.35000000000002,10,153,United Kingdom,80.17500000000001,76.5,0.0,141,80,discovery,8aba53548cfd,3,0.9330086104325808,0.5550178402584756,Long-recency customers
2,179.33999999999997,7,203,United Kingdom,89.66999999999999,101.5,0.0,46,63,discovery,d3ee7298e924,2,0.8150458026491763,0.7320881635331136,Recent occasional customers
3,612.0799999999999,11,310,United Kingdom,204.02666666666664,103.33333333333333,0.0,51,223,discovery,dbcec31b5efb,1,0.4663504129995899,0.8761371502034527,Established mid-value customers
3,566.58,29,332,United Kingdom,188.86,110.66666666666667,0.0,33,169,discovery,b47b76e20896,1,0.7131733814204249,0.5400451739342158,Established mid-value customers
2,653.35,38,355,United Kingdom,326.675,177.5,0.0,135,155,discovery,d654b7e76665,1,0.9053017266800254,0.3409834178615587,Established mid-value customers
2,399.19,15,255,United Kingdom,199.59499999999997,127.5,0.0,4,40,discovery,aa58e45f3298,2,1.343635139405574,0.6801974248233758,Recent occasional customers
2,675.64,100,283,United Kingdom,337.82,141.5,0.0,13,357,discovery,22d661a85f3b,2,1.0609186871807987,0.26203641584171566,Recent occasional customers
2,453.4,24,354,United Kingdom,226.7,177.0,0.02857142857142857,10,79,discovery,3d056e57a730,2,0.9872381234557338,0.5818829824526978,Recent occasional customers
2,638.0600000000001,37,294,United Kingdom,319.03,147.0,0.0,58,143,discovery,4069602d5a88,1,0.6941668558104148,0.32161441970357707,Established mid-value customers
1,302.46000000000004,10,254,United Kingdom,302.46000000000004,254.0,0.0,178,0,discovery,b4742bdd24f9,3,0.35710191638403355,1.1464225564027526,Long-recency customers
3,1384.8600000000001,24,382,United Kingdom,461.62000000000006,127.33333333333333,0.13953488372093023,24,82,discovery,cfac61255b8d,1,0.7799620528934047,0.4199295967272084,Established mid-value customers
6,1160.04,97,592,United Kingdom,193.34,98.66666666666667,0.06474820143884892,177,196,discovery,99d86db47410,1,1.0972035885856866,1.1521311783758807,Established mid-value customers
1,202.65,9,61,United Kingdom,202.65,61.0,0.0,61,0,discovery,9c4d5aee1ab6,2,0.7387328566345769,0.38693301176579153,Recent occasional customers
3,980.31,29,409,United Kingdom,326.77,136.33333333333334,0.0,34,184,discovery,77dd704bf184,1,0.5065115708025013,0.9533798927163969,Established mid-value customers
5,1231.31,43,481,United Kingdom,246.262,96.2,0.03571428571428571,59,275,discovery,88ab8ee56487,1,0.5450030169607385,0.863614684576596,Established mid-value customers
4,2106.84,23,1220,United Kingdom,526.71,305.0,0.0,87,188,discovery,7a974889758d,1,0.6422138056797367,0.9967054700670129,Established mid-value customers
1,104.0,1,50,United Kingdom,104.0,50.0,0.0,8,0,discovery,ee60184a5a6e,2,1.3093308109849924,1.2765337569659871,Recent occasional customers
1,476.35,30,283,United Kingdom,476.35,283.0,0.09090909090909091,359,0,discovery,7618744cdc3a,3,0.8053730867575017,1.3939498697848334,Long-recency customers
4,1590.81,80,983,United Kingdom,397.7025,245.75,0.020202020202020204,129,236,discovery,f8aa45bce138,1,0.7090765824388693,1.2813024251742569,Established mid-value customers
1,366.85,40,133,United Kingdom,366.85,133.0,0.0,25,0,discovery,3ebefc7a05e5,2,0.42763886355740705,1.3871536119679944,Recent occasional customers
2,632.07,36,371,United Kingdom,316.035,185.5,0.1590909090909091,228,47,discovery,c1017d8a5954,3,1.1471947391250594,0.13516079822695892,Long-recency customers
1,304.25,17,183,United Kingdom,304.25,183.0,0.0,250,0,discovery,239186854885,3,0.3310471302077726,1.4822844083877729,Long-recency customers
3,2001.04,63,1168,United Kingdom,667.0133333333333,389.3333333333333,0.013888888888888888,16,275,discovery,b4d5ba5966bc,0,0.9947349351032917,0.13346143370095764,High-value frequent customers
2,1090.24,65,566,United Kingdom,545.12,283.0,0.014492753623188406,78,190,discovery,66e0344128a6,1,0.5859431220771096,0.8457517194843525,Established mid-value customers
2,284.46000000000004,14,140,United Kingdom,142.23000000000002,70.0,0.0625,193,138,discovery,9e08aa0b453e,3,0.8013599261516349,0.7176980189794726,Long-recency customers
1,957.97,45,339,United Kingdom,957.97,339.0,0.0,72,0,discovery,a5f4b8004a54,2,1.2371655232037013,0.29970168371980166,Recent occasional customers
1,243.76,16,124,United Kingdom,243.76,124.0,0.1111111111111111,166,0,discovery,8ef9ed26c70b,3,0.3233972170385356,1.1283321863095586,Long-recency customers
1,973.8399999999999,7,632,United Kingdom,973.8399999999999,632.0,0.2222222222222222,83,0,discovery,df6d548bbc36,2,1.313874268448394,0.1628754350124404,Recent occasional customers
2,686.63,131,431,United Kingdom,343.315,215.5,0.0,96,195,discovery,b37cf11fd518,1,0.7244823259026175,0.5767614894186263,Established mid-value customers
17,5425.56,81,4074,United Kingdom,319.15058823529415,239.64705882352942,0.04216867469879518,5,332,discovery,b12eaaa2307b,0,0.771299603237302,1.7114681782399255,High-value frequent customers
1,150.35,29,104,United Kingdom,150.35,104.0,0.0,107,0,discovery,32ec36eab8fa,3,0.7774375700619307,0.45443875295916336,Long-recency customers
3,1396.99,55,581,United Kingdom,465.66333333333336,193.66666666666666,0.0,200,112,discovery,bb0714800e1a,1,0.9844028714625889,0.9737617343198378,Established mid-value customers
1,160.42000000000002,19,43,United Kingdom,160.42000000000002,43.0,0.0,158,0,discovery,3535aa4dbab9,3,0.489832416489691,1.0115374972523103,Long-recency customers
3,1975.35,159,1190,United Kingdom,658.4499999999999,396.6666666666667,0.010309278350515464,72,121,discovery,f80d7c2f4bf5,1,0.48754536774835117,1.1750671523246734,Established mid-value customers
2,517.36,30,192,United Kingdom,258.68,96.0,0.0,37,38,discovery,be0a675c6099,2,0.7818800558170135,0.12765508894074362,Recent occasional customers
1,139.10000000000002,8,58,United Kingdom,139.10000000000002,58.0,0.0,29,0,discovery,a44be4ae7b24,2,0.7708791077323773,0.9616055005457975,Recent occasional customers
6,2621.38,109,1398,United Kingdom,436.8966666666667,233.0,0.0,2,266,discovery,7a0f0be4634a,0,0.8068522645603775,1.4789945811695804,High-value frequent customers
5,600.07,37,359,United Kingdom,120.01400000000001,71.8,0.0,26,253,discovery,9e383be6b00c,1,0.9701762555300807,0.42867262313333476,Established mid-value customers
1,216.07,30,92,United Kingdom,216.07,92.0,0.0,327,0,discovery,1f6f89003f15,3,0.43982467541133036,1.6484325633275418,Long-recency customers
1,232.48000000000002,15,232,United Kingdom,232.48000000000002,232.0,0.0,237,0,discovery,5116d66b98fb,3,0.20964409499453368,1.5662253514503988,Long-recency customers
1,299.34000000000003,13,118,United Kingdom,299.34000000000003,118.0,0.0,90,0,discovery,035af970e26a,3,0.8399526588327594,0.09754503843672468,Long-recency customers
1,481.75,26,200,United Kingdom,481.75,200.0,0.0,32,0,discovery,597bce652c72,2,0.5580287784997556,1.158554691792308,Recent occasional customers
2,621.75,27,491,United Kingdom,310.875,245.5,0.0,30,41,discovery,ed0e371d837d,2,0.8651334802741182,0.05080514373446665,Recent occasional customers
2,641.92,17,536,United Kingdom,320.96,268.0,0.13043478260869565,212,70,discovery,e0029c8279bc,3,1.1561424031072114,0.06516907454333865,Long-recency customers
1,305.28000000000003,2,288,United Kingdom,305.28000000000003,288.0,0.5,227,0,discovery,588aba7eab7c,3,0.309996956971916,1.4136400856996771,Long-recency customers
5,1041.61,59,791,United Kingdom,208.32200000000003,158.2,0.015384615384615385,23,189,discovery,e8c4c7f95455,1,0.9357474385148886,0.059465374729889664,Established mid-value customers
1,443.0,19,335,United Kingdom,443.0,335.0,0.0,93,0,discovery,707391ec32a5,3,0.9602275286288035,0.06226024037252509,Long-recency customers
14,6484.54,116,2948,United Kingdom,463.18142857142857,210.57142857142858,0.0903010033444816,5,354,discovery,c9fa8448859b,0,0.7769251281376112,1.7096135203664513,High-value frequent customers
12,5504.96,150,3242,United Kingdom,458.74666666666667,270.1666666666667,0.0528169014084507,4,362,discovery,952831dddea2,0,0.7284988850325539,1.7338379501230157,High-value frequent customers
11,5228.05,141,3466,United Kingdom,475.27727272727276,315.09090909090907,0.012244897959183673,45,293,discovery,ab6c7af9a4f0,0,1.0974720178484543,0.5658210621610926,High-value frequent customers
2,779.9,23,238,United Kingdom,389.95,119.0,0.0625,57,23,discovery,0d787151e85f,1,0.6219837369140172,0.4964685838069546,Established mid-value customers
20,7276.900000000001,66,2488,United Kingdom,363.84499999999997,124.4,0.0,12,362,discovery,9dfd944927bc,0,0.8504384354836368,1.4908176115694585,High-value frequent customers
7,2810.2000000000003,32,1316,United Kingdom,401.4571428571429,188.0,0.033707865168539325,10,293,discovery,bf8fec521d61,0,0.06647081551342578,1.641840558118149,High-value frequent customers
4,592.97,31,302,United Kingdom,148.2425,75.5,0.075,82,116,discovery,3f1a740f60c2,1,0.5592754228382822,1.1965017024687619,Established mid-value customers
1,440.0,1,4,United Kingdom,440.0,4.0,0.0,326,0,discovery,bbaaa2c958b7,3,0.6987227545663044,1.395856254551685,Long-recency customers
3,1796.48,100,1578,United Kingdom,598.8266666666667,526.0,0.0,72,146,discovery,df25a1f06343,1,0.4195812899299445,1.2570497002230692,Established mid-value customers
6,882.24,42,403,United Kingdom,147.04,67.16666666666667,0.0,30,211,discovery,a7a4da9fd014,1,0.9219013267973295,0.2364302397002349,Established mid-value customers
5,1561.6100000000001,80,795,United Kingdom,312.322,159.0,0.0,219,154,discovery,1803eb708639,1,1.2056465684325477,1.195526653509445,Established mid-value customers
1,422.58,6,126,United Kingdom,422.58,126.0,0.0,47,0,discovery,44d8de0e2a7e,2,0.5898448131822653,0.8252805459703638,Recent occasional customers
4,2232.4900000000002,72,1017,United Kingdom,558.1225,254.25,0.0,73,141,discovery,4ebb0747a9ef,1,0.6431930179081625,0.8576226279426419,Established mid-value customers
7,2567.06,153,1788,United Kingdom,366.72285714285715,255.42857142857142,0.011299435028248588,8,348,discovery,30ff4b62b665,0,0.18806346127868145,1.5939339997883675,High-value frequent customers
1,95.34,8,128,United Kingdom,95.34,128.0,0.0,18,0,discovery,72e255dab8be,2,1.1465736211043154,1.0071004051805466,Recent occasional customers
1,349.27,21,199,United Kingdom,349.27,199.0,0.045454545454545456,311,0,discovery,69be01b2f34b,3,0.5274962540912557,1.498797139069612,Long-recency customers
2,518.27,90,234,United Kingdom,259.135,117.0,0.0,51,121,discovery,3d5543a7e761,1,0.8193033263006391,0.04721001594203189,Established mid-value customers
1,103.3,6,74,United Kingdom,103.3,74.0,0.0,90,0,discovery,2c6ff63515c1,3,1.1020346470756424,0.23759339582328498,Long-recency customers
8,2337.63,97,1041,United Kingdom,292.20375,130.125,0.04065040650406504,40,257,discovery,10cb424d1579,0,0.9232855935875697,0.25366362885685145,High-value frequent customers
1,149.48,13,182,United Kingdom,149.48,182.0,0.0,141,0,discovery,99a7fb9878e3,3,0.5990357844163001,0.8380544234896901,Long-recency customers
3,1213.1599999999999,59,1468,United Kingdom,404.3866666666666,489.3333333333333,0.016129032258064516,26,227,discovery,f9730a947338,1,0.7038316857314282,0.5710084788013876,Established mid-value customers
2,801.51,44,311,United Kingdom,400.755,155.5,0.0,73,86,discovery,482e023d46c6,1,0.6094291765752178,0.6230242133820465,Established mid-value customers
2,283.15,11,101,United Kingdom,141.57500000000002,50.5,0.15384615384615385,39,228,discovery,80e9f1f7b5ae,2,0.6348704564123985,0.639295501484826,Recent occasional customers
1,175.92,11,88,United Kingdom,175.92,88.0,0.5,31,0,discovery,48e8b517361a,2,0.5916024175117067,1.049167705148045,Recent occasional customers
1,335.86,14,186,United Kingdom,335.86,186.0,0.125,44,0,discovery,b80d3b1d01b6,2,0.4848747928005103,0.9194501415008349,Recent occasional customers
1,110.38,8,68,United Kingdom,110.38,68.0,0.1111111111111111,59,0,discovery,34bdecdcb20f,2,1.0981338989038911,0.2353249659098251,Recent occasional customers
1,180.60000000000002,10,45,United Kingdom,180.60000000000002,45.0,0.0,278,0,discovery,3063da13bca4,3,0.3772545541406307,1.5855127812488174,Long-recency customers
1,80.82,7,54,United Kingdom,80.82,54.0,0.0,181,0,discovery,bd80d7d34724,3,1.0177300407661698,0.9133622668311134,Long-recency customers
2,178.05,12,103,United Kingdom,89.025,51.5,0.07692307692307693,8,119,discovery,68524cef3efd,2,1.11224992034578,1.0220190455830191,Recent occasional customers
3,1837.28,59,1586,United Kingdom,612.4266666666666,528.6666666666666,0.0,43,159,discovery,9f67d3c5597c,1,0.541689634519767,0.8262178395522162,Established mid-value customers
7,4310.0,103,2458,Iceland,615.7142857142857,351.14285714285717,0.0,3,365,locked_audit,dca77496f5cc,0,0.6695436166983663,1.6508794594247957,High-value frequent customers
4,1797.24,22,2341,Finland,449.31,585.25,0.0,76,283,locked_audit,d83c7ba9202b,1,0.5159455716009371,1.0446150585814424,Established mid-value customers
1,1757.55,73,631,Italy,1757.55,631.0,0.0,19,0,locked_audit,8d0475b1e91b,2,1.5011184371192627,0.325283842283663,Recent occasional customers
1,1079.4,58,530,Spain,1079.4,530.0,0.0,233,0,locked_audit,a44b53517887,3,1.2849976057011756,0.6056481409949528,Long-recency customers
10,5226.23,201,2229,Belgium,522.6229999999999,222.9,0.029197080291970802,4,292,locked_audit,a78471725001,0,0.6607933542380393,1.7294308351284413,High-value frequent customers
2,552.0,23,408,Unspecified,276.0,204.0,0.0,110,133,locked_audit,f6497803acf1,1,0.8695350265973195,0.36359966639118546,Established mid-value customers
2,641.38,22,174,Cyprus,320.69,87.0,0.043478260869565216,292,0,locked_audit,5ff0583d65de,3,1.18803940783787,0.29704834064023644,Long-recency customers
1,742.9300000000001,33,342,Austria,742.9300000000001,342.0,0.0,26,0,locked_audit,0c903afdb392,2,0.854648565177774,0.8514801553432951,Recent occasional customers
4,2724.81,77,1127,Belgium,681.2025000000001,281.75,0.009523809523809525,22,164,locked_audit,6756a7c3e5d8,0,0.7540091218641494,0.35883157614007266,High-value frequent customers
2,585.27,26,126,Switzerland,292.635,63.0,0.1,29,93,locked_audit,52cdf716da13,2,0.8303598344145386,0.12367406966543582,Recent occasional customers
2,401.9,10,354,Australia,200.95,177.0,0.0,338,29,locked_audit,00a264b7c9be,3,0.999328159866085,0.746908732921296,Long-recency customers
1,549.84,32,353,Belgium,549.84,353.0,0.0,80,0,locked_audit,4c08ca8e9530,2,0.997194660268175,0.1677636441709548,Recent occasional customers
1,84.3,5,11,Belgium,84.3,11.0,0.0,304,0,locked_audit,9e7dcf3e3cf5,3,1.0130713631845667,1.2944688146497187,Long-recency customers
1,1710.39,54,857,Finland,1710.39,857.0,0.0,149,0,locked_audit,8fe318e08fc2,3,1.6640454059241954,0.06163304552787818,Long-recency customers
3,11072.67,91,5551,Switzerland,3690.89,1850.3333333333333,0.043859649122807015,79,104,locked_audit,9a51e5435e3b,1,1.6403023632817775,0.25792256199288,Established mid-value customers
4,807.04,32,484,Spain,201.76,121.0,0.021739130434782608,16,304,locked_audit,dfcbfad5b0d0,1,1.0741726072093793,0.0962935981375399,Established mid-value customers
1,777.2,36,496,Portugal,777.2,496.0,0.0,79,0,locked_audit,e28bbce753aa,2,1.1611944444412925,0.20343829255615464,Recent occasional customers
1,582.73,30,258,Germany,582.73,258.0,0.0,195,0,locked_audit,8cc0587ddabe,3,0.8120396474304301,0.8725019979671171,Long-recency customers
15,6419.95,163,2896,Australia,427.99666666666667,193.06666666666666,0.016736401673640166,36,338,locked_audit,588a439c90d2,0,1.0767166670165353,0.8387226906099374,High-value frequent customers
7,13375.87,219,11071,Norway,1910.8385714285716,1581.5714285714287,0.0,1,373,locked_audit,db9a7dac1545,0,1.3864843256839339,1.6050070909193441,High-value frequent customers
5,9035.52,265,6575,Switzerland,1807.104,1315.0,0.0028169014084507044,11,314,locked_audit,da97a6ec72f3,0,0.8016092631249602,1.2222855205468863,High-value frequent customers
1,3528.34,15,1006,Spain,3528.34,1006.0,0.5,57,0,locked_audit,ccda0ffd5458,1,1.7795015114660826,0.23608941347332335,Established mid-value customers
8,1212.05,6,112,Belgium,151.50625,14.0,0.0,11,299,locked_audit,957751722c99,0,0.6713012669060527,0.8917531417356417,High-value frequent customers
1,527.2,31,385,Germany,527.2,385.0,0.11428571428571428,12,0,locked_audit,c088c4e8863e,2,0.8478901465721087,1.1721002046231943,Recent occasional customers
8,2484.98,46,1110,Sweden,310.6225,138.75,0.07407407407407407,18,322,locked_audit,75fb2ef40ee5,0,0.37972335528780193,1.0950804304190453,High-value frequent customers
1,1017.68,51,440,Italy,1017.68,440.0,0.0,268,0,locked_audit,9dcd11dfc507,3,1.253848060692861,0.7176269123527161,Long-recency customers
2,1312.06,20,875,Germany,656.03,437.5,0.0,78,103,locked_audit,606db5e7f890,1,0.611164325996957,0.9283565021275442,Established mid-value customers
5,2634.26,121,1439,Germany,526.8520000000001,287.8,0.01935483870967742,80,194,locked_audit,64586a28b726,1,0.876498154612224,0.6102787896763807,Established mid-value customers
1,599.68,38,309,Germany,599.68,309.0,0.0,143,0,locked_audit,c8a00e566425,3,0.914100314057705,0.5270910478200269,Long-recency customers
8,4485.72,113,3699,Germany,560.7149999999999,462.375,0.0,10,324,locked_audit,8d88bf1a0e7c,0,0.27780340947440657,1.6405025162778266,High-value frequent customers
1,363.95,21,191,Spain,363.95,191.0,0.0,30,0,locked_audit,53d0da4d36c2,2,0.41001429291423197,1.2799458318799681,Recent occasional customers
2,1000.39,42,523,Spain,500.195,261.5,0.0,76,184,locked_audit,61a1787bb834,1,0.5809799854913777,0.7907813511102701,Established mid-value customers
1,351.65,19,265,Germany,351.65,265.0,0.05,87,0,locked_audit,4ebd45166b13,3,0.9116393190761927,0.012139413667059729,Long-recency customers
1,160.54000000000002,26,84,France,160.54000000000002,84.0,0.0,228,0,locked_audit,85fa22efd182,3,0.38941632091085265,1.4218801742774594,Long-recency customers
3,626.6,137,469,France,208.86666666666667,156.33333333333334,0.006802721088435374,36,324,locked_audit,9f9f3757f76b,1,0.6118720336503254,0.6848243464631953,Established mid-value customers
1,452.84999999999997,26,228,Italy,452.84999999999997,228.0,0.0,318,0,locked_audit,4cc74b6413da,3,0.7048646138759216,1.3699166310454831,Long-recency customers
10,3338.2200000000003,50,1777,Italy,333.822,177.7,0.008403361344537815,38,285,locked_audit,ecb65284c608,0,0.8974104858109837,0.5543569355667104,High-value frequent customers
2,618.27,25,474,Spain,309.135,237.0,0.0,52,191,locked_audit,4aacca6df868,1,0.7255251656266735,0.23407108450688796,Established mid-value customers
10,2599.04,32,774,Germany,259.904,77.4,0.015384615384615385,29,343,locked_audit,1ed1175346e6,0,0.7166985035722709,0.7124537728600296,High-value frequent customers
1,739.1999999999999,2,63,Germany,739.1999999999999,63.0,0.0,22,0,locked_audit,4686256095d7,2,0.8698936445186232,0.8862762793090373,Recent occasional customers
1,704.0400000000001,19,262,Germany,704.0400000000001,262.0,0.09523809523809523,75,0,locked_audit,ef4c9f4ba184,2,1.079891545130032,0.2567218128123183,Recent occasional customers
5,3344.38,124,1644,Germany,668.876,328.8,0.06134969325153374,58,205,locked_audit,034b619cc233,1,1.0049857176170998,0.23137049568159296,Established mid-value customers
20,13689.67,261,7440,Germany,684.4835,372.0,0.014767932489451477,2,364,locked_audit,9ae038bda1f2,0,1.392917200794617,1.6992349036041714,High-value frequent customers
1,640.5,31,236,Finland,640.5,236.0,0.0,58,0,locked_audit,0baa487903a7,2,0.9011814895023297,0.539726756936472,Recent occasional customers
6,3344.64,11,1808,France,557.44,301.3333333333333,0.0,129,204,locked_audit,cc3a8ff7444a,1,1.2353399076610587,0.6217045474051506,Established mid-value customers
2,1346.97,43,897,USA,673.4849999999999,448.5,0.0,5,45,locked_audit,c1f9d38dff7c,0,1.5986936547039814,0.13491802287443688,High-value frequent customers
12,3722.82,78,1431,Germany,310.23499999999996,119.25,0.046875,23,347,locked_audit,be1774901ccf,0,0.6330325197691422,1.0803581695750875,High-value frequent customers
2,2209.85,37,919,Israel,1104.925,459.5,0.0,149,148,locked_audit,30893e560953,1,1.0552060921999613,0.93578049333089,Established mid-value customers
5,4051.17,89,1723,France,810.234,344.6,0.03076923076923077,18,216,locked_audit,810cc8e3dc0c,0,0.5277434450065587,0.9294245030429665,High-value frequent customers
3,2744.0299999999997,98,1115,France,914.6766666666666,371.6666666666667,0.00980392156862745,151,106,locked_audit,9148a136afe0,1,1.0024295680249329,1.184623837799913,Established mid-value customers
1,225.89999999999998,10,78,France,225.89999999999998,78.0,0.0,330,0,locked_audit,31f91a95c4fd,3,0.4437697541863067,1.6484825223597417,Long-recency customers
31,12279.82,209,5555,France,396.1232258064516,179.19354838709677,0.0,4,368,locked_audit,e5a3e00b98e3,0,1.2941375928591645,1.6620597461437105,High-value frequent customers
15,8476.57,177,4987,France,565.1046666666666,332.46666666666664,0.049723756906077346,5,361,locked_audit,ea2693e9800d,0,0.9173894596812584,1.681320233174504,High-value frequent customers
6,1035.8,21,394,France,172.63333333333333,65.66666666666667,0.0,29,329,locked_audit,d74d0325e904,1,0.9287698378955549,0.11871252183984482,Established mid-value customers
7,3980.7,109,2098,France,568.6714285714286,299.7142857142857,0.014184397163120567,11,310,locked_audit,c856cd065bb8,0,0.19569372864516682,1.588904653689712,High-value frequent customers
1,383.95,22,137,USA,383.95,137.0,0.0,235,0,locked_audit,07f6cef6550e,3,0.4811025781383695,1.2886254062779994,Long-recency customers
2,779.5699999999999,38,368,France,389.78499999999997,184.0,0.0,316,22,locked_audit,3642ee305416,3,1.323928927474303,0.1996886983985413,Long-recency customers
1,155.35,11,148,Germany,155.35,148.0,0.0,373,0,locked_audit,d1ee5da6e0d3,3,0.6646925508866416,1.6088322027841087,Long-recency customers
2,1013.04,38,486,United Arab Emirates,506.52,243.0,0.0,79,21,locked_audit,3cca31837ecb,1,0.5876476839339091,0.8080265758242258,Established mid-value customers
2,3811.95,4,1491,Japan,1905.975,745.5,0.3333333333333333,281,85,locked_audit,81a3597d912c,1,1.688603635068778,0.6387549790542657,Established mid-value customers
2,1898.52,62,1227,Portugal,949.26,613.5,0.0,8,18,locked_audit,9284aeac91ca,0,1.4802088136044673,0.12270910234780996,High-value frequent customers
6,822.23,40,825,Netherlands,137.03833333333333,137.5,0.0196078431372549,20,293,locked_audit,5be8df2901c8,0,1.0663430163705365,0.06232537424810669,High-value frequent customers
1,91.85,4,4,Netherlands,91.85,4.0,0.0,66,0,locked_audit,0864cc67f024,2,1.2848222452037215,0.0778362247620017,Recent occasional customers
1,400.53999999999996,25,217,Portugal,400.53999999999996,217.0,0.0,257,0,locked_audit,d21324450752,3,0.5317110362124413,1.3256672233899303,Long-recency customers
2,860.41,43,592,Portugal,430.205,296.0,0.0,54,45,locked_audit,0d9235e13b08,1,0.6078017540055665,0.5506276168356337,Established mid-value customers
1,254.03,13,118,Portugal,254.03,118.0,0.23529411764705882,366,0,locked_audit,d26db3079a3d,3,0.5434394134868179,1.641404011848389,Long-recency customers
1,166.04,4,53,Austria,166.04,53.0,0.0,282,0,locked_audit,c154c12f45af,3,0.4353449565284574,1.5590446195164476,Long-recency customers
6,1957.1000000000001,66,800,United Kingdom,326.18333333333334,133.33333333333334,0.07142857142857142,135,181,locked_audit,4b1ed8a32100,1,1.0341253834610127,0.8866681484998586,Established mid-value customers
2,1568.23,86,925,Austria,784.115,462.5,0.010416666666666666,27,97,locked_audit,a8d6712a246e,1,0.9294596276707853,0.5402415536145636,Established mid-value customers
1,559.12,26,171,Belgium,559.12,171.0,0.0,284,0,locked_audit,6543346e24c2,3,0.8117321952257781,1.1952727612070164,Long-recency customers
2,343.2300000000001,1,2019,United Kingdom,171.61500000000004,1009.5,0.0,144,219,locked_audit,0097033202b5,3,0.9263337464166698,0.32621294955889535,Long-recency customers
2,854.99,38,547,United Kingdom,427.495,273.5,0.04081632653061224,237,30,locked_audit,92e3197d88b8,1,1.2624873699901626,0.07390488661725736,Established mid-value customers
4,703.47,39,196,United Kingdom,175.8675,49.0,0.0,25,65,locked_audit,f769910c6391,1,0.8339372658088403,0.5239931207466882,Established mid-value customers
2,354.12,4,76,United Kingdom,177.06,38.0,0.2857142857142857,215,41,locked_audit,329c925b393b,3,0.8551510480470594,0.6069502729132519,Long-recency customers
1,176.55,27,90,United Kingdom,176.55,90.0,0.0,31,0,locked_audit,f02e1a330b4f,2,0.5890718265921301,1.05120407431451,Recent occasional customers
1,138.68,10,66,United Kingdom,138.68,66.0,0.0,265,0,locked_audit,4a040c4ebbf2,3,0.5405843562768509,1.447262037046589,Long-recency customers
5,2919.81,55,1749,United Kingdom,583.962,349.8,0.0,12,67,locked_audit,40509c44e378,0,0.3573492513428445,1.1505703681529236,High-value frequent customers
8,3075.04,48,1692,United Kingdom,384.38,211.5,0.0,24,218,locked_audit,38a11c1e84d0,0,0.5430235008663212,0.8945227779029569,High-value frequent customers
4,933.7,22,481,United Kingdom,233.425,120.25,0.03225806451612903,89,239,locked_audit,932e56ff3395,1,0.38816884364208337,1.4637178248437543,Established mid-value customers
15,42055.96,28,28004,United Kingdom,2803.730666666667,1866.9333333333334,0.19607843137254902,22,336,locked_audit,359673bfaa03,0,1.7541538767448082,1.1135104800068893,High-value frequent customers
8,11581.8,21,4876,United Kingdom,1447.725,609.5,0.0,65,270,locked_audit,1490f6a88ff0,0,1.5491621364500778,0.35725874758181253,High-value frequent customers
2,899.69,87,404,United Kingdom,449.84499999999997,202.0,0.04,55,33,locked_audit,ba335be5fe76,1,0.5967512947287146,0.5940275689423451,Established mid-value customers
7,2064.95,82,1080,United Kingdom,294.99285714285713,154.28571428571428,0.01694915254237288,17,248,locked_audit,1fe37cd0fc44,0,0.4134507083146556,0.9661788309886544,High-value frequent customers
1,329.85,17,84,United Kingdom,329.85,84.0,0.0,10,0,locked_audit,b814f5cc7efb,2,0.7921264385345966,1.4286505682248527,Recent occasional customers
8,1856.63,75,881,United Kingdom,232.07875,110.125,0.010416666666666666,9,357,locked_audit,7bbfcd9b70e3,0,0.3639903954443347,1.345721205759095,High-value frequent customers
2,372.21999999999997,12,242,United Kingdom,186.11,121.0,0.0,30,104,locked_audit,e629793daff2,2,0.631644042249273,0.5369392043620408,Recent occasional customers
2,503.76,31,405,United Kingdom,251.88,202.5,0.0,24,89,locked_audit,eba16b9dfa2f,2,0.7634750195585261,0.339451573807,Recent occasional customers
2,513.7,21,172,United Kingdom,256.85,86.0,0.10344827586206896,174,73,locked_audit,e22c28619482,3,1.0494152658450995,0.10250543726704531,Long-recency customers
8,1646.8400000000001,67,820,United Kingdom,205.85500000000002,102.5,0.16981132075471697,10,285,locked_audit,09d526162fb0,0,0.44270533154887215,1.1982167595810496,High-value frequent customers
10,3466.2799999999997,67,905,United Kingdom,346.628,90.5,0.11290322580645161,11,271,locked_audit,a6ef767db512,0,0.25244185956167703,1.6258046904945531,High-value frequent customers
9,2616.38,101,1352,United Kingdom,290.7088888888889,150.22222222222223,0.022388059701492536,5,354,locked_audit,d654163f8623,0,0.43251398667619223,1.6460104605178272,High-value frequent customers
6,6912.0,6,17280,United Kingdom,1152.0,2880.0,0.0,114,241,locked_audit,b1bf5ca046f4,1,1.5735905985040832,0.26057300535694017,Established mid-value customers
3,1247.5,8,134,United Kingdom,415.8333333333333,44.666666666666664,0.0,31,323,locked_audit,3a9aa8a05da3,1,0.5873353449519279,0.7391044690791022,Established mid-value customers
2,1010.18,55,375,United Kingdom,505.09000000000003,187.5,0.05333333333333334,53,35,locked_audit,44ef1b654907,1,0.5941291137410599,0.6570336198821064,Established mid-value customers
2,629.31,33,264,United Kingdom,314.655,132.0,0.0,31,236,locked_audit,aa3d32162058,2,0.8729283918028994,0.02375657198623604,Recent occasional customers
4,1819.41,77,1228,United Kingdom,454.8525,307.0,0.007352941176470588,15,313,locked_audit,3092b1854157,0,0.7198867794168209,0.4532673181356557,High-value frequent customers
2,656.6800000000001,14,268,United Kingdom,328.34000000000003,134.0,0.0,65,254,locked_audit,5fa24bdecae1,1,0.6741982068518064,0.4035376259746213,Established mid-value customers
4,1105.59,51,514,United Kingdom,276.39750000000004,128.5,0.0,13,315,locked_audit,6d5ee0e0afa2,0,0.9464190446136774,0.2358486488772188,High-value frequent customers
2,470.8,48,322,United Kingdom,235.4,161.0,0.02040816326530612,25,8,locked_audit,648fd37b2943,2,0.7268975495861111,0.3881424291732659,Recent occasional customers
2,303.75,15,187,United Kingdom,151.875,93.5,0.0,5,71,locked_audit,dc1ff6e09460,2,1.2249978101106234,0.8102960530117318,Recent occasional customers
1,345.82,21,466,United Kingdom,345.82,466.0,0.125,29,0,locked_audit,3db18950a896,2,0.3927542169261519,1.311005996886263,Recent occasional customers
1,101.19,8,113,United Kingdom,101.19,113.0,0.0,235,0,locked_audit,bbe714d4fb52,3,0.7939943501671354,1.2148706407435608,Long-recency customers
1,501.14,30,291,United Kingdom,501.14,291.0,0.03225806451612903,139,0,locked_audit,4f999bf58a9a,3,0.8005163674137324,0.5637411932774231,Long-recency customers
2,922.39,54,585,United Kingdom,461.195,292.5,0.0,95,146,locked_audit,c6a54da39939,1,0.6494180225012299,0.7858960122961122,Established mid-value customers
3,3756.33,185,2119,United Kingdom,1252.11,706.3333333333334,0.0,90,270,locked_audit,b8ee35ad15bc,1,0.9675626760855751,0.8280748892684948,Established mid-value customers
1,77.3,3,20,United Kingdom,77.3,20.0,0.0,262,0,locked_audit,3af2cc94655d,3,1.0591401650040024,1.1722169252168844,Long-recency customers
6,962.39,31,473,United Kingdom,160.39833333333334,78.83333333333333,0.0,23,350,locked_audit,5ffb4d7aae28,0,1.0004116642651761,0.043407020830103615,High-value frequent customers
1,307.09,23,258,United Kingdom,307.09,258.0,0.0,20,0,locked_audit,0910b4d13cab,2,0.4539186483405706,1.4824999013941855,Recent occasional customers
4,1429.35,114,1058,United Kingdom,357.3375,264.5,0.008264462809917356,9,107,locked_audit,9597eb540a06,0,0.7956773761466506,0.6183955114428846,High-value frequent customers
4,1688.29,74,1713,United Kingdom,422.0725,428.25,0.036585365853658534,123,212,locked_audit,e9608392c9d8,1,0.6985626943983615,1.243358154295708,Established mid-value customers
1,121.18,11,201,United Kingdom,121.18,201.0,0.0,46,0,locked_audit,c189462b958f,2,0.945128674131626,0.5159808442439029,Recent occasional customers
2,911.94,57,595,United Kingdom,455.97,297.5,0.0,96,110,locked_audit,61c99dad3551,1,0.6548424878370425,0.7802811747730989,Established mid-value customers
1,60.7,3,26,United Kingdom,60.7,26.0,0.0,136,0,locked_audit,df3f7f36f866,3,1.3511777102713987,0.5956841341475416,Long-recency customers
38,9817.12,48,6176,United Kingdom,258.34526315789475,162.52631578947367,0.008333333333333333,4,363,locked_audit,399c709962bd,0,1.2402394721097318,1.6735225311439577,High-value frequent customers
4,870.09,42,516,United Kingdom,217.5225,129.0,0.0,20,107,locked_audit,6c2b0b730cec,1,0.9274952950891464,0.23734782433283041,Established mid-value customers
4,869.46,56,800,United Kingdom,217.365,200.0,0.0,10,233,locked_audit,4f10113f7194,0,1.0887647984006386,0.25240598651493595,High-value frequent customers
3,1095.42,45,834,United Kingdom,365.14000000000004,278.0,0.0,11,351,locked_audit,e6a890055da6,0,1.1766034795125686,0.07101619385402858,High-value frequent customers
3,786.83,128,309,United Kingdom,262.2766666666667,103.0,0.007042253521126761,20,42,locked_audit,ef44e6e66969,1,0.898186728774733,0.5131024506201379,Established mid-value customers
3,533.98,3,262,United Kingdom,177.99333333333334,87.33333333333333,0.42857142857142855,123,34,locked_audit,16175e6e4456,1,0.7441862663287856,0.8233554726577875,Established mid-value customers
1,62.63999999999999,5,88,United Kingdom,62.63999999999999,88.0,0.0,128,0,locked_audit,7e7e5f296526,3,1.3402916460092926,0.5497690244729885,Long-recency customers
1,358.0,2,200,United Kingdom,358.0,200.0,0.0,82,0,locked_audit,ea7a572cb687,2,0.8826459257777796,0.07876490294279426,Recent occasional customers
4,663.65,59,298,United Kingdom,165.9125,74.5,0.0,97,269,locked_audit,cfd6a140e1d9,1,0.5560619044359233,1.2977302039155445,Established mid-value customers
2,465.68,25,305,United Kingdom,232.83999999999997,152.5,0.0,125,65,locked_audit,b4bfbabe899a,1,1.0113320097962117,0.08843435443018821,Established mid-value customers
2,399.51,13,177,United Kingdom,199.755,88.5,0.07142857142857142,10,364,locked_audit,e981c37a589c,2,0.9532252604341509,0.6637771067683627,Recent occasional customers
3,672.83,28,282,United Kingdom,224.27666666666667,94.0,0.0,12,194,locked_audit,09fc3e4caa77,1,1.2430028390759378,0.19907504456553982,Established mid-value customers
2,944.1,8,210,United Kingdom,472.05,105.0,0.0,269,17,locked_audit,3a316128621d,1,1.3645953067800543,0.04740395259848107,Established mid-value customers
3,1132.14,29,307,United Kingdom,377.38000000000005,102.33333333333333,0.075,19,202,locked_audit,c5daa0e4dee3,1,0.9076235745248096,0.31370119396594087,Established mid-value customers
1,201.20000000000002,10,82,United Kingdom,201.20000000000002,82.0,0.09090909090909091,360,0,locked_audit,3a6fbfd2e465,3,0.5382295684508502,1.6527150876851482,Long-recency customers
4,618.09,75,345,United Kingdom,154.5225,86.25,0.0,104,189,locked_audit,58c98a368729,1,0.6276502968897231,1.2363975681753883,Established mid-value customers
1,300.42,21,238,United Kingdom,300.42,238.0,0.0,352,0,locked_audit,6465c9c62584,3,0.5493957182137211,1.5928976085476543,Long-recency customers
3,1132.03,65,587,United Kingdom,377.3433333333333,195.66666666666666,0.06493506493506493,29,296,locked_audit,4a34aa6ab497,1,0.6211418051626505,0.7185204762975381,Established mid-value customers
26,10845.550000000001,209,4724,United Kingdom,417.1365384615384,181.69230769230768,0.048,6,360,locked_audit,606d0f5d9fd2,0,1.1384608157275715,1.6232805758325943,High-value frequent customers
1,199.48000000000002,25,117,United Kingdom,199.48000000000002,117.0,0.0,18,0,locked_audit,d53e792215af,2,0.6056572601080799,1.389055078864935,Recent occasional customers
5,787.85,6,175,United Kingdom,157.57,35.0,0.0,4,81,locked_audit,1eca0418b6ad,0,1.16878936607588,0.7008322671078446,High-value frequent customers
10,7121.95,25,5205,United Kingdom,712.1949999999999,520.5,0.025974025974025976,37,324,locked_audit,b9cb0c6a52c5,0,1.046075312560931,0.753293362694323,High-value frequent customers
1,675.3,12,240,United Kingdom,675.3,240.0,0.0,82,0,locked_audit,194f06e5099b,2,1.1081855452079197,0.15436486376874292,Recent occasional customers
1,1308.48,17,680,United Kingdom,1308.48,680.0,0.0,317,0,locked_audit,9792f0b166cb,3,1.4727309492783371,0.6127226779448134,Long-recency customers
3,3502.32,207,1764,United Kingdom,1167.44,588.0,0.0,83,223,locked_audit,c246c6ba97be,1,0.9052432084264628,0.8297675214739826,Established mid-value customers
1,353.43,19,135,United Kingdom,353.43,135.0,0.13636363636363635,178,0,locked_audit,a6fb72d2530d,3,0.4550228892883192,1.0562197942357248,Long-recency customers
1,233.76,14,136,United Kingdom,233.76,136.0,0.0,65,0,locked_audit,d4779437fbab,2,0.7311358501252159,0.33828692426073936,Recent occasional customers
1,247.32,16,225,United Kingdom,247.32,225.0,0.0,11,0,locked_audit,c54ae99e563e,2,0.7537212711722334,1.5422531275203781,Recent occasional customers
1,609.4,85,321,United Kingdom,609.4,321.0,0.0,258,0,locked_audit,baba43cd45b1,3,0.8548697751472601,1.0853269624222306,Long-recency customers
2,992.5,47,710,United Kingdom,496.25,355.0,0.0,18,26,locked_audit,44a0458e7a8d,1,1.0988227049373533,0.10841691047256408,Established mid-value customers
2,2225.37,122,1247,United Kingdom,1112.685,623.5,0.030303030303030304,34,184,locked_audit,5501532d5c6e,1,0.9468529868997044,0.7027202824425638,Established mid-value customers
2,623.4,29,327,United Kingdom,311.7,163.5,0.0,257,81,locked_audit,d25da12ba5ba,3,1.148586968311741,0.23445982937771204,Long-recency customers
7,4151.93,123,2422,United Kingdom,593.1328571428572,346.0,0.01935483870967742,31,148,locked_audit,fdb4edaabcb8,0,0.7500091322051919,0.6683090467992575,High-value frequent customers
2,677.1,35,282,United Kingdom,338.54999999999995,141.0,0.027777777777777776,132,0,locked_audit,52d05f0ddc7e,1,0.880890800597891,0.3926779542030965,Established mid-value customers
1,544.08,13,224,United Kingdom,544.08,224.0,0.0,75,0,locked_audit,79a3f7175456,2,0.952737104705766,0.24741501641847385,Recent occasional customers
1,59.8,1,4,United Kingdom,59.8,4.0,0.0,204,0,locked_audit,82a35b09bf19,3,1.2964223342869778,0.9088159893957029,Long-recency customers
2,1360.99,42,600,United Kingdom,680.495,300.0,0.0851063829787234,30,290,locked_audit,7c08eb9882bc,1,0.846220248426528,0.5264814198377914,Established mid-value customers
1,213.55,17,72,United Kingdom,213.55,72.0,0.0,108,0,locked_audit,f7c52b10734a,3,0.6664643358572797,0.4513703064444934,Long-recency customers
3,1390.5,23,1574,United Kingdom,463.5,524.6666666666666,0.0,134,163,locked_audit,8470033dfbf4,1,0.6365845835084346,1.3673528585769161,Established mid-value customers
2,1833.71,88,1128,United Kingdom,916.855,564.0,0.009708737864077669,41,250,locked_audit,36d7db417b78,1,0.7989670253925604,0.7938786451176868,Established mid-value customers
1,2626.3,127,1326,United Kingdom,2626.3,1326.0,0.0078125,65,0,locked_audit,f2ab2dc26eba,1,1.6823414778581718,0.16936821834873372,Established mid-value customers
3,582.6,25,545,United Kingdom,194.20000000000002,181.66666666666666,0.0,20,196,locked_audit,0b3b8caa18d6,1,0.9848921472460005,0.302772698948775,Established mid-value customers
2,679.45,48,751,United Kingdom,339.725,375.5,0.09259259259259259,19,68,locked_audit,c495d753e0d7,2,0.9646458575058359,0.1546667278894065,Recent occasional customers
2,1058.34,42,354,United Kingdom,529.1700000000001,177.0,0.1320754716981132,25,342,locked_audit,5c550bb535ce,1,0.9172003304063922,0.2914193029577431,Established mid-value customers
3,1445.0,14,1170,United Kingdom,481.6666666666667,390.0,0.0,39,125,locked_audit,2a7e7098a342,1,0.475747120944994,0.9010703603982633,Established mid-value customers
1,140.34,10,160,United Kingdom,140.34,160.0,0.0,66,0,locked_audit,0b7ffe0725d6,2,0.9767688521897737,0.1758643065068668,Recent occasional customers
13,8968.31,271,4518,United Kingdom,689.87,347.53846153846155,0.0117096018735363,18,350,locked_audit,503b2e1cb3e0,0,0.8897026220838812,1.2852479913790997,High-value frequent customers
10,1215.82,73,903,United Kingdom,121.582,90.3,0.0,52,321,locked_audit,8de30c2c9a5e,1,1.1196752005396513,0.18642478062270706,Established mid-value customers
5,1159.11,31,1365,United Kingdom,231.82200000000003,273.0,0.06666666666666667,18,252,locked_audit,b14fd28db668,0,0.8540027373510454,0.22413627346671772,High-value frequent customers
3,292.0,17,264,United Kingdom,97.33333333333333,88.0,0.0,17,307,locked_audit,b00889c34406,2,1.1831051468425116,0.24431035890873254,Recent occasional customers
7,979.72,27,1106,United Kingdom,139.96,158.0,0.0,9,276,locked_audit,58f70ecb3e27,0,0.8342719609319786,0.7615517931716627,High-value frequent customers
4,1791.56,86,1386,United Kingdom,447.89,346.5,0.017094017094017096,2,182,locked_audit,fae4e59717e0,0,1.0417224877850237,1.0859305912534658,High-value frequent customers
4,891.12,50,681,United Kingdom,222.78,170.25,0.0,73,175,locked_audit,0e81b1e53ff2,1,0.3237404725087723,1.414840894659142,Established mid-value customers
1,125.80000000000001,5,44,United Kingdom,125.80000000000001,44.0,0.0,31,0,locked_audit,e259ce6cf752,2,0.8552333173071376,0.8604133604385804,Recent occasional customers
7,3444.39,91,2126,United Kingdom,492.0557142857143,303.7142857142857,0.0,2,74,locked_audit,e9b8695c78ba,0,0.7878204627483816,1.6049387459238404,High-value frequent customers
3,631.34,35,320,United Kingdom,210.4466666666667,106.66666666666667,0.02631578947368421,86,224,locked_audit,e143c59c873a,1,0.45158931663526364,1.0803748412831915,Established mid-value customers
7,918.2,37,458,United Kingdom,131.17142857142858,65.42857142857143,0.019230769230769232,26,217,locked_audit,d5da262ae3dd,0,1.0623796715140812,0.02198705850742244,High-value frequent customers
2,584.06,31,546,United Kingdom,292.03,273.0,0.0,29,252,locked_audit,b38f07596161,2,0.8291951961097519,0.12564389326050163,Recent occasional customers
1,171.42000000000002,32,63,United Kingdom,171.42000000000002,63.0,0.0,8,0,locked_audit,82c4c3e936d1,2,1.0226077079147677,1.4701477437006025,Recent occasional customers
2,240.22,35,172,United Kingdom,120.10999999999999,86.0,0.0,20,315,locked_audit,6214d804fff1,2,0.6794171306801827,0.9167801826556502,Recent occasional customers
2,338.62,73,156,United Kingdom,169.31,78.0,0.0,18,350,locked_audit,76b45ba5c10a,2,0.6953711720568898,0.7323785969319356,Recent occasional customers
1,781.03,53,725,United Kingdom,781.03,725.0,0.0,156,0,locked_audit,3a1654c524ab,3,1.0803568288566654,0.5245467589601149,Long-recency customers
1,142.4,24,37,United Kingdom,142.4,37.0,0.0,307,0,locked_audit,91232e9ed931,3,0.585411281140215,1.527414137145857,Long-recency customers
7,1082.33,165,488,United Kingdom,154.6185714285714,69.71428571428571,0.009216589861751152,13,273,locked_audit,82c078280709,0,0.7669269862415041,0.6472677765670322,High-value frequent customers
1,417.69,23,189,United Kingdom,417.69,189.0,0.041666666666666664,319,0,locked_audit,189e76174bc9,3,0.6527756191559725,1.4142652325272538,Long-recency customers
11,7792.36,28,4372,United Kingdom,708.3963636363636,397.45454545454544,0.0,24,315,locked_audit,6e2970808de6,0,0.8787429663089921,1.096755704247105,High-value frequent customers
1,122.64,8,93,United Kingdom,122.64,93.0,0.0,16,0,locked_audit,882be043ad6c,2,0.9662781934635202,1.1803629815047247,Recent occasional customers
1,312.28,57,151,United Kingdom,312.28,151.0,0.0,216,0,locked_audit,e434a741e235,3,0.3235863812380239,1.3548396175764084,Long-recency customers
6,2707.33,157,2182,United Kingdom,451.22166666666664,363.6666666666667,0.0,44,230,locked_audit,199c0550cb31,0,0.9916128407800386,0.04685658334349263,High-value frequent customers
2,387.44,47,114,United Kingdom,193.72,57.0,0.0,19,14,locked_audit,80142a85a0d6,2,0.708056387354333,0.6250384835676138,Recent occasional customers
1,72.0,8,70,United Kingdom,72.0,70.0,0.0,183,0,locked_audit,e63d356c2649,3,1.125733587547149,0.884569816579392,Long-recency customers
1,172.25,9,67,United Kingdom,172.25,67.0,0.0,60,0,locked_audit,f253400bd013,2,0.8070303897055564,0.3565052970173199,Recent occasional customers
1,308.58000000000004,14,66,United Kingdom,308.58000000000004,66.0,0.0,156,0,locked_audit,a0ead1a3fc94,3,0.4424159011900867,0.9458657717725265,Long-recency customers
1,180.48,8,176,United Kingdom,180.48,176.0,0.0,32,0,locked_audit,8b7a12038a46,2,0.575638925449846,1.039447853351993,Recent occasional customers
2,306.55,9,173,United Kingdom,153.275,86.5,0.0,247,49,locked_audit,8dc582907d7b,3,0.8179804398377291,0.8118052059992229,Long-recency customers
3,2375.41,75,1401,United Kingdom,791.8033333333333,467.0,0.011627906976744186,132,151,locked_audit,3763a6ad4fc0,1,0.8463643229327892,1.2388913808915167,Established mid-value customers
1,216.9,3,54,United Kingdom,216.9,54.0,0.0,19,0,locked_audit,7b4d8fd19e25,2,0.5459723469858339,1.4097997236881628,Recent occasional customers
7,1341.6,8,1776,United Kingdom,191.65714285714284,253.71428571428572,0.023809523809523808,3,257,locked_audit,10a95a00f258,0,0.8588718244195667,1.2316207308143206,High-value frequent customers
5,948.25,24,439,United Kingdom,189.65,87.8,0.0,96,278,locked_audit,339de9586d81,1,0.61060114379975,1.2311248862088413,Established mid-value customers
1,230.39999999999998,7,136,United Kingdom,230.39999999999998,136.0,0.0,368,0,locked_audit,beab0403d571,3,0.5430311640680575,1.6541140156498813,Long-recency customers
2,309.04,24,337,United Kingdom,154.52,168.5,0.0,76,289,locked_audit,a490b3c04ba1,2,0.9398748149172836,0.20847236741392228,Recent occasional customers
57,37153.85,113,23948,United Kingdom,651.8219298245614,420.140350877193,0.20319634703196346,2,371,locked_audit,d97ba912b15b,0,1.9699540938933913,1.628977639811957,High-value frequent customers
2,688.86,32,402,United Kingdom,344.42999999999995,201.0,0.0,117,178,locked_audit,54d2043d22b8,1,0.8096772253193785,0.5149136943501433,Established mid-value customers
5,1747.66,70,782,United Kingdom,349.53200000000004,156.4,0.0,6,91,locked_audit,9d3c10700508,0,0.601336172802114,1.1110619459629798,High-value frequent customers
4,1366.8600000000001,54,552,Germany,341.71500000000003,138.0,0.028169014084507043,40,95,locked_audit,25fa9978baa5,1,0.5236828743443931,0.6924237564768063,Established mid-value customers
2,571.6700000000001,25,269,Germany,285.83500000000004,134.5,0.15151515151515152,24,41,locked_audit,d7574e11cccc,2,0.8290811940464237,0.22314979992305195,Recent occasional customers
5,1698.94,34,768,United Kingdom,339.788,153.6,0.0,33,278,locked_audit,66f1d5e6ce89,1,0.827213186332332,0.10575695088257786,Established mid-value customers
6,2198.45,58,743,United Kingdom,366.4083333333333,123.83333333333333,0.0,17,353,locked_audit,b914df954d8e,0,0.42008969123606704,0.9018534127887279,High-value frequent customers
2,1537.95,97,1016,United Kingdom,768.9749999999999,508.0,0.0,52,119,locked_audit,b1108613586c,1,0.6675653704310098,0.8477700061668771,Established mid-value customers
5,1786.79,79,1316,United Kingdom,357.358,263.2,0.0,54,248,locked_audit,f1c38c4c167f,1,0.6802933131940958,0.5595054143396159,Established mid-value customers
1,1271.57,35,463,United Kingdom,1271.57,463.0,0.0,55,0,locked_audit,d33ae323173e,2,1.324106530079318,0.22702344304264876,Recent occasional customers
2,595.67,38,254,United Kingdom,297.83500000000004,127.0,0.0,120,99,locked_audit,a9b491164478,1,0.875586512706495,0.3609814936378757,Established mid-value customers
1,311.16,17,200,United Kingdom,311.16,200.0,0.0,51,0,locked_audit,45f0d76102a1,2,0.5511179957043384,0.7307814314709136,Recent occasional customers
4,2369.55,104,1478,United Kingdom,592.3875,369.5,0.031746031746031744,80,197,locked_audit,50fa9593085b,1,0.6941267105454856,0.869681253603569,Established mid-value customers
2,272.04,16,228,United Kingdom,136.01999999999998,114.0,0.0,50,142,locked_audit,9e77ebc1c520,2,0.7200668542747748,0.5384348449980334,Recent occasional customers
2,1212.8400000000001,30,1140,United Kingdom,606.42,570.0,0.0,50,204,locked_audit,60441b749825,1,0.6194701258962667,0.7334118917261376,Established mid-value customers
4,678.25,28,331,United Kingdom,169.5625,82.75,0.08888888888888889,93,42,locked_audit,a15717904b6d,1,0.5253364721939549,1.3175930154823752,Established mid-value customers
3,568.55,43,847,United Kingdom,189.51666666666665,282.3333333333333,0.021739130434782608,24,288,locked_audit,42eb748f040b,1,0.8888306629978909,0.37065382748348175,Established mid-value customers
5,5112.96,24,2364,United Kingdom,1022.592,472.8,0.0425531914893617,22,351,locked_audit,8f059113f0eb,0,0.6891477778157885,0.8015809125184495,High-value frequent customers
2,3251.071,120,1431,United Kingdom,1625.5355,715.5,0.007246376811594203,218,21,locked_audit,48f854bf34e9,1,1.4473693616017025,0.7649268194304457,Established mid-value customers
7,3515.68,8,2724,United Kingdom,502.23999999999995,389.14285714285717,0.0,8,345,locked_audit,dd0bee2e125a,0,0.18033578976527131,1.694864167127263,High-value frequent customers
2,439.92,24,150,United Kingdom,219.95999999999998,75.0,0.16666666666666666,2,69,locked_audit,262934a95ea3,2,1.6145614550805418,0.586885462872563,Recent occasional customers
5,1019.27,123,486,United Kingdom,203.85399999999998,97.2,0.0,6,266,locked_audit,1a6c2b71a524,0,0.9196747300949386,0.7475809076492168,High-value frequent customers
1,80.7,2,42,United Kingdom,80.7,42.0,0.0,146,0,locked_audit,1f826d92487f,3,1.0697912578650397,0.7186334924334241,Long-recency customers
8,2758.26,118,1844,United Kingdom,344.7825,230.5,0.056962025316455694,19,267,locked_audit,d5c7a601d360,0,0.39354586366257094,1.0931596010439657,High-value frequent customers
1,357.98,10,154,United Kingdom,357.98,154.0,0.0,207,0,locked_audit,1e02f8e5db48,3,0.42582686524340435,1.2213533605404967,Long-recency customers
1,869.87,54,639,United Kingdom,869.87,639.0,0.0,74,0,locked_audit,036da199c202,2,1.1921738063869605,0.2734146091092411,Recent occasional customers
15,7060.13,108,3445,United Kingdom,470.67533333333336,229.66666666666666,0.0056657223796034,5,260,locked_audit,1faf650dc0d1,0,0.8344073151096193,1.7004262368763658,High-value frequent customers
1,76.8,5,64,United Kingdom,76.8,64.0,0.0,31,0,locked_audit,704fdcdb5333,2,1.2971878898566682,0.6253694062613993,Recent occasional customers
5,2874.72,53,2478,United Kingdom,574.9440000000001,495.6,0.0,10,206,locked_audit,868b5eb11d3c,0,0.3466946082640764,1.2430741428101815,High-value frequent customers
2,695.61,42,365,United Kingdom,347.805,182.5,0.045454545454545456,199,7,locked_audit,a44acf9428f1,1,1.1535879143365337,0.05419970439537147,Established mid-value customers
3,1421.61,37,1037,United Kingdom,473.86999999999995,345.6666666666667,0.029411764705882353,47,92,locked_audit,5ec5587c5ba2,1,0.35707620329041034,1.117769871083357,Established mid-value customers
1,440.0,28,487,United Kingdom,440.0,487.0,0.0,226,0,locked_audit,f06f0061e8e2,3,0.5835816992714513,1.1688430606985591,Long-recency customers
11,2975.59,53,2032,United Kingdom,270.5081818181818,184.72727272727272,0.05921052631578947,3,364,locked_audit,f715e02067e6,0,0.6891699492633087,1.6745468988203975,High-value frequent customers
1,152.2,6,92,United Kingdom,152.2,92.0,0.0,34,0,locked_audit,1dd41e7e38fc,2,0.7066782623434578,0.8955891021783369,Recent occasional customers
12,3560.32,146,1544,United Kingdom,296.6933333333333,128.66666666666666,0.02553191489361702,41,291,locked_audit,776d944005b2,0,0.9905154505732051,0.5620653605249483,High-value frequent customers
5,1308.6100000000001,22,381,United Kingdom,261.72200000000004,76.2,0.058823529411764705,9,364,locked_audit,57a196391b1d,0,0.7033808461560097,0.766618514715031,High-value frequent customers
1,409.93,83,288,United Kingdom,409.93,288.0,0.03409090909090909,306,0,locked_audit,517f2a13489b,3,0.6182607366285157,1.4066368573942363,Long-recency customers
1,183.6,8,128,United Kingdom,183.6,128.0,0.0,267,0,locked_audit,e15fc5f019b1,3,0.34549315311267653,1.5765861056642418,Long-recency customers
19,6140.42,86,5386,United Kingdom,323.18,283.4736842105263,0.0049261083743842365,5,368,locked_audit,4cbe59fe1919,0,0.850456403634387,1.700771800870557,High-value frequent customers
1,152.55,7,45,United Kingdom,152.55,45.0,0.0,267,0,locked_audit,2b1c60ac9e56,3,0.46890193623990123,1.4973198086952393,Long-recency customers
1,265.85,22,73,United Kingdom,265.85,73.0,0.0,321,0,locked_audit,cf8a7067606c,3,0.43481268248178634,1.6191836475614168,Long-recency customers
1,118.67,43,79,United Kingdom,118.67,79.0,0.0,130,0,locked_audit,94c05d5748d6,3,0.7999443094224982,0.683556048770306,Long-recency customers
1,45.599999999999994,4,48,United Kingdom,45.599999999999994,48.0,0.0,33,0,locked_audit,e849be39102e,2,1.803187528801831,0.410164699888552,Recent occasional customers
1,182.25,28,110,United Kingdom,182.25,110.0,0.0,365,0,locked_audit,d409eed25c68,3,0.5783065414516787,1.6416539084997734,Long-recency customers
9,1002.9,162,705,United Kingdom,111.43333333333334,78.33333333333333,0.0,5,367,locked_audit,27298c1572ab,0,0.9140446345686843,1.0498016012158986,High-value frequent customers
1,76.32000000000001,1,72,United Kingdom,76.32000000000001,72.0,0.0,325,0,locked_audit,8f274d9b6041,3,1.1243814295071215,1.2882088363374558,Long-recency customers
5,1105.8799999999999,35,769,United Kingdom,221.17600000000002,153.8,0.07936507936507936,6,39,locked_audit,af5a4ceb0ca8,0,0.8656881734534057,0.8021773817294837,High-value frequent customers
1,1266.23,74,800,United Kingdom,1266.23,800.0,0.02631578947368421,240,0,locked_audit,adb8154363f3,3,1.4067972356362317,0.5060818626942987,Long-recency customers
7,2703.23,61,1793,United Kingdom,386.17571428571426,256.14285714285717,0.008064516129032258,52,313,locked_audit,07f066f13be4,1,1.1035152846737326,0.0006313084131277513,Established mid-value customers
4,1840.42,26,745,United Kingdom,460.105,186.25,0.15,4,351,locked_audit,027291186e1b,0,0.8400414497422459,1.0156063467147152,High-value frequent customers
15,4690.31,95,3850,United Kingdom,312.68733333333336,256.6666666666667,0.0,2,371,locked_audit,a40eaeac25ae,0,0.9613880487662229,1.729795025816732,High-value frequent customers
1,446.62,28,218,United Kingdom,446.62,218.0,0.3,221,0,locked_audit,488157c36b05,3,0.5946111898506194,1.1400966003996,Long-recency customers
1,363.79,57,167,United Kingdom,363.79,167.0,0.0,99,0,locked_audit,c252490eb7e0,3,0.8296412820020971,0.19739079611844046,Long-recency customers
1,134.46,26,94,United Kingdom,134.46,94.0,0.0,34,0,locked_audit,0c705eb289c8,2,0.8055624871782343,0.8280057819726969,Recent occasional customers
3,3222.3,139,1515,United Kingdom,1074.1000000000001,505.0,0.09146341463414634,60,270,locked_audit,a8c0dd26cbaa,1,0.8315567767875882,0.6851861874910392,Established mid-value customers
1,452.89,24,127,United Kingdom,452.89,127.0,0.0,67,0,locked_audit,fcc5f2567097,2,0.8083590402037365,0.38407944339984945,Recent occasional customers
2,1012.0,7,760,United Kingdom,506.0,380.0,0.125,202,51,locked_audit,027d6aa6db59,1,1.1216890378386175,0.32354834908121366,Established mid-value customers
2,466.7,23,204,United Kingdom,233.35000000000002,102.0,0.38461538461538464,17,248,locked_audit,e46d2398f93a,2,0.8039592220648355,0.4955096505168026,Recent occasional customers
1,1070.48,9,1152,United Kingdom,1070.48,1152.0,0.0,90,0,locked_audit,a257744ebb6f,2,1.409197314110613,0.09079042816314642,Recent occasional customers
5,1004.38,64,751,United Kingdom,200.876,150.2,0.04285714285714286,31,247,locked_audit,2656127495e8,1,0.7726091089718462,0.3631584456336735,Established mid-value customers
4,1839.3,47,594,United Kingdom,459.825,148.5,0.0,4,34,locked_audit,63b5b3e33713,0,0.8402295947600901,1.0153155249951404,High-value frequent customers
17,2004.98,78,689,United Kingdom,117.94,40.529411764705884,0.06542056074766354,2,365,locked_audit,ee5da0fa73f8,0,0.9921782433096198,1.554198852906217,High-value frequent customers
1,169.48000000000002,12,160,United Kingdom,169.48000000000002,160.0,0.0,43,0,locked_audit,a797b466ce3c,2,0.6768832297554632,0.7365240447996888,Recent occasional customers
1,683.17,41,607,United Kingdom,683.17,607.0,0.0,178,0,locked_audit,50e22d5d4a55,3,0.9495776171253925,0.7085181510841161,Long-recency customers
4,1009.73,105,483,United Kingdom,252.4325,120.75,0.0,111,210,locked_audit,5c7c6dc2d9cc,1,0.5201130864064895,1.4632902300155672,Established mid-value customers
10,3350.96,117,1820,United Kingdom,335.096,182.0,0.04371584699453552,27,258,locked_audit,4f7781277729,0,0.6651646410148984,0.877008916133764,High-value frequent customers
3,1547.2,29,610,United Kingdom,515.7333333333332,203.33333333333334,0.06976744186046512,52,282,locked_audit,7499b6ed0cdc,1,0.3561975738520215,1.1519180279556225,Established mid-value customers
1,213.70000000000002,10,146,United Kingdom,213.70000000000002,146.0,0.0,184,0,locked_audit,f26ea37f0985,3,0.2638701795265491,1.2953854576116353,Long-recency customers
10,2588.77,99,1221,United Kingdom,258.877,122.1,0.0472972972972973,9,357,locked_audit,9ba09e5fc303,0,0.2673411006794237,1.6079005143693386,High-value frequent customers
1,136.76999999999998,19,47,United Kingdom,136.76999999999998,47.0,0.0,279,0,locked_audit,f48f93fa7f13,3,0.5702791824328383,1.467901490551617,Long-recency customers
5,2879.7000000000003,37,1674,United Kingdom,575.9399999999999,334.8,0.0,2,56,locked_audit,e1896026c1a3,0,0.8550834827615502,1.4052924789575858,High-value frequent customers
2,333.97,15,70,United Kingdom,166.985,35.0,0.10526315789473684,155,91,locked_audit,46a3d3f5bb06,3,0.892672953434555,0.4121609675373008,Long-recency customers
9,4871.93,64,1663,United Kingdom,541.3255555555556,184.77777777777777,0.07407407407407407,8,275,locked_audit,ccfe40c2e738,0,0.3873404770545784,1.6906196493718149,High-value frequent customers
4,1046.56,51,709,United Kingdom,261.64,177.25,0.0,4,365,locked_audit,91f6ab8ba7dd,0,1.0890515992234844,0.7163915177737594,High-value frequent customers
1,383.45,17,139,United Kingdom,383.45,139.0,0.37037037037037035,223,0,locked_audit,c77fd5067acb,3,0.47562570008185484,1.2459248003576684,Long-recency customers
9,2352.53,74,1633,United Kingdom,261.39222222222224,181.44444444444446,0.04878048780487805,9,350,locked_audit,a12152f8ade8,0,0.2498922072256908,1.5593487432269157,High-value frequent customers
1,311.65,12,139,United Kingdom,311.65,139.0,0.0,164,0,locked_audit,a8165f69f3d9,3,0.41723314020271673,1.0147883804952025,Long-recency customers
7,4975.24,218,3087,United Kingdom,710.7485714285714,441.0,0.03731343283582089,18,312,locked_audit,da98636c5683,0,0.485156344391464,1.1965053322426655,High-value frequent customers
3,840.21,22,463,United Kingdom,280.07,154.33333333333334,0.0,23,125,locked_audit,d6102abdb9bb,1,0.7952433752140183,0.6159277406914926,Established mid-value customers
2,454.86,55,375,Germany,227.43,187.5,0.0,17,80,locked_audit,b7575d3b0c05,2,0.7938530031271148,0.5163103488219655,Recent occasional customers
1,134.7,6,58,United Kingdom,134.7,58.0,0.0,219,0,locked_audit,6d4988825361,3,0.5338094251660737,1.2984287763444387,Long-recency customers
4,668.5600000000001,18,347,United Kingdom,167.14,86.75,0.125,22,189,locked_audit,60f2523ce3ea,1,0.9246910447063263,0.4331144424370392,Established mid-value customers
1,133.5,31,86,United Kingdom,133.5,86.0,0.0,11,0,locked_audit,a84981119e58,2,1.027281746273431,1.3229732514996724,Recent occasional customers
1,174.4,11,92,United Kingdom,174.4,92.0,0.0,366,0,locked_audit,09f545de2123,3,0.5969112360995837,1.633778334624084,Long-recency customers
2,701.23,33,277,United Kingdom,350.615,138.5,0.13157894736842105,80,2,locked_audit,71ee9191f476,1,0.6661287202670271,0.5433926696458479,Established mid-value customers
8,3717.35,61,1967,United Kingdom,464.66875,245.875,0.0,109,103,locked_audit,f27fcd1bee4d,1,1.380489701770173,0.32881931442140466,Established mid-value customers
2,348.1,39,292,United Kingdom,174.05,146.0,0.0,45,251,locked_audit,7985f66d4517,2,0.6904589573835613,0.4052186807868401,Recent occasional customers
3,1247.69,49,817,United Kingdom,415.8966666666667,272.3333333333333,0.0,39,125,locked_audit,bd399c59a0da,1,0.42812038975870154,0.9952017576940242,Established mid-value customers
9,4642.57,135,2133,United Kingdom,515.8411111111111,237.0,0.01730103806228374,11,362,locked_audit,1f9b9434bfe1,0,0.3336947825290052,1.6049875917049174,High-value frequent customers
2,490.22,13,326,United Kingdom,245.11,163.0,0.0,23,20,locked_audit,3308e97d30d4,2,0.7563247136473313,0.37822295394824457,Recent occasional customers
2,813.11,25,365,United Kingdom,406.555,182.5,0.0,58,154,locked_audit,a2214aa36f79,1,0.6084555216579984,0.5398981636229737,Established mid-value customers
10,4481.67,183,2699,United Kingdom,448.16700000000003,269.9,0.15151515151515152,24,289,locked_audit,3785db773e04,0,0.6442773094791356,1.049897543888749,High-value frequent customers
1,470.36,17,130,United Kingdom,470.36,130.0,0.19047619047619047,303,0,locked_audit,2c694e9025e9,3,0.7084801685440356,1.326138344424084,Long-recency customers
6,2248.5,256,2013,United Kingdom,374.75,335.5,0.0,10,80,locked_audit,e5d8c6e72c6d,0,0.27198066440321084,1.311638486709625,High-value frequent customers
4,1010.35,233,916,United Kingdom,252.5875,229.0,0.0,1,246,locked_audit,3d2f46d46e1c,0,1.4050105409549674,0.8948593215535334,High-value frequent customers
2,375.35,20,104,United Kingdom,187.675,52.0,0.0,10,355,locked_audit,2034cec5a129,2,0.9403207453009941,0.702529902346839,Recent occasional customers
2,643.9,86,378,United Kingdom,321.95,189.0,0.0,61,134,locked_audit,07f7795ba79c,1,0.6854639510890456,0.3552503150769407,Established mid-value customers
1,119.93,22,49,United Kingdom,119.93,49.0,0.0,191,0,locked_audit,d77e46357dba,3,0.6486202833066004,1.1172757985078376,Long-recency customers
1,113.64,4,88,United Kingdom,113.64,88.0,0.0,311,0,locked_audit,42038ce665d3,3,0.7640781494719685,1.4349890329658481,Long-recency customers
4,596.26,67,276,United Kingdom,149.065,69.0,0.0,18,295,locked_audit,579f324ee224,1,1.0770799852749715,0.31998111765234394,Established mid-value customers
2,234.34000000000003,7,88,United Kingdom,117.17000000000002,44.0,0.0,75,208,locked_audit,7c6f06358751,2,0.9528282495869931,0.261349387478059,Recent occasional customers
1,547.66,29,140,United Kingdom,547.66,140.0,0.03333333333333333,47,0,locked_audit,71a1b552bf31,2,0.7248041478992988,0.7819645585237553,Recent occasional customers
1,162.8,44,70,United Kingdom,162.8,70.0,0.0,39,0,locked_audit,c3cccff6169f,2,0.6788663072002803,0.812547456824503,Recent occasional customers
1,463.38,30,299,United Kingdom,463.38,299.0,0.0,208,0,locked_audit,855cff536229,3,0.6253766505204673,1.0617695825085818,Long-recency customers
5,2383.2400000000002,95,1285,United Kingdom,476.64799999999997,257.0,0.024390243902439025,8,148,locked_audit,b86f21fca6f0,0,0.409377626048538,1.2317584798905707,High-value frequent customers
1,475.37,29,235,United Kingdom,475.37,235.0,0.06451612903225806,310,0,locked_audit,6fa6318235e3,3,0.7261130047707214,1.331871939256962,Long-recency customers
8,5859.43,540,2739,United Kingdom,732.42875,342.375,0.005069708491761723,18,345,locked_audit,7f4cbc36c513,0,0.5685077623799443,1.2399760086794513,High-value frequent customers
6,1367.88,79,594,United Kingdom,227.98000000000002,99.0,0.020618556701030927,24,253,locked_audit,664aeeb6b361,0,0.8062903835516431,0.23556408754822455,High-value frequent customers
2,270.6,3,146,United Kingdom,135.3,73.0,0.0,2,289,locked_audit,3ad5bc7d5dab,2,1.5804911883515271,0.8327097085521071,Recent occasional customers
1,241.09,12,251,United Kingdom,241.09,251.0,0.0,109,0,locked_audit,b2b95cedc390,3,0.6553357593696103,0.4471649167528471,Long-recency customers
1,364.21999999999997,18,278,United Kingdom,364.21999999999997,278.0,0.0,38,0,locked_audit,49057d203505,2,0.4502494299149417,1.0755818774742572,Recent occasional customers
3,2854.84,280,1824,United Kingdom,951.6133333333333,608.0,0.00906344410876133,61,188,locked_audit,b73f8715a66d,1,0.7465753647975282,0.7805418048976236,Established mid-value customers
1,170.95,18,39,United Kingdom,170.95,39.0,0.0,260,0,locked_audit,94e60e8183b6,3,0.3768787377052395,1.5362155258677164,Long-recency customers
2,537.48,31,428,United Kingdom,268.74,214.0,0.0,16,29,locked_audit,21871330108b,2,0.8835715858304339,0.3931386771324211,Recent occasional customers
8,3974.75,198,2639,United Kingdom,496.84375,329.875,0.0028089887640449437,4,51,locked_audit,f1dd499f9969,0,0.5347292675978672,1.7002119107171898,High-value frequent customers
2,757.37,38,389,United Kingdom,378.68500000000006,194.5,0.0,11,34,locked_audit,c0f9a7dcfdfd,2,1.1740843715567586,0.2179652970226993,Recent occasional customers
2,312.54,18,122,United Kingdom,156.27,61.0,0.0,58,245,locked_audit,ad1441ad58b6,2,0.7867265346764715,0.3518476238260225,Recent occasional customers
22,2237.77,39,1260,United Kingdom,101.71681818181818,57.27272727272727,0.02631578947368421,8,350,locked_audit,0f128d8cf16c,0,0.6986070236774347,1.4614220890811436,High-value frequent customers
1,1432.0,4,800,Channel Islands,1432.0,800.0,0.0,111,0,locked_audit,2bf9426c2b39,3,1.615050486902932,0.00021485516351726908,Long-recency customers
9,1639.82,127,534,United Kingdom,182.20222222222222,59.333333333333336,0.02575107296137339,180,193,locked_audit,7fc4f2bf7fbe,1,1.38095594365085,0.8155035224816594,Established mid-value customers
1,114.11,6,73,United Kingdom,114.11,73.0,0.0,41,0,locked_audit,33b2512ca35e,2,0.9687768051621749,0.5935525453337435,Recent occasional customers
2,363.33,48,183,United Kingdom,181.665,91.5,0.0,8,366,locked_audit,2a028c454941,2,1.0324400850180997,0.7259003239686408,Recent occasional customers
14,16209.5,38,11526,United Kingdom,1157.8214285714287,823.2857142857143,0.25688073394495414,16,246,locked_audit,f0085b6ba8aa,0,1.1951742895189608,1.2949694638530318,High-value frequent customers
3,406.08000000000004,2,104,United Kingdom,135.36,34.666666666666664,0.0,243,75,locked_audit,6940ed3da8c6,1,1.3702353025912053,0.017184619975535664,Established mid-value customers
1,394.44,20,152,United Kingdom,394.44,152.0,0.09090909090909091,246,0,locked_audit,adeb472397dc,3,0.5095130428810898,1.305445049265018,Long-recency customers
2,412.78000000000003,26,214,United Kingdom,206.39,107.0,0.13333333333333333,206,78,locked_audit,87a1b6c3d8e5,3,0.919772557516945,0.4393497534687637,Long-recency customers
6,2984.49,138,1431,United Kingdom,497.41499999999996,238.5,0.017142857142857144,53,309,locked_audit,b47d41d23e8a,1,1.0540062621124378,0.07448252007271017,Established mid-value customers
4,1402.59,148,1004,United Kingdom,350.64750000000004,251.0,0.0,5,208,locked_audit,3ec2e140ae52,0,0.8913204169963026,0.8241173067309201,High-value frequent customers
1,114.18,29,53,United Kingdom,114.18,53.0,0.0,78,0,locked_audit,20ff6233cddc,3,1.1318586836561555,0.0648892945084012,Long-recency customers
7,1926.65,154,945,United Kingdom,275.23571428571427,135.0,0.0,2,337,locked_audit,bc9748f3c4e4,0,0.8463915172146114,1.42882073296789,High-value frequent customers
2,247.15,27,47,United Kingdom,123.575,23.5,0.0,6,112,locked_audit,dedaf5ad48e3,2,1.1559479194713005,0.9024628250152198,Recent occasional customers
9,2529.93,147,1195,United Kingdom,281.1033333333333,132.77777777777777,0.023166023166023165,9,307,locked_audit,628f4c399521,0,0.21611982077033778,1.6110819468461033,High-value frequent customers
2,285.74,24,228,United Kingdom,142.87,114.0,0.0,87,14,locked_audit,2439f4ebc85d,2,1.0273931089171506,0.10996938134193357,Recent occasional customers
4,741.37,143,578,United Kingdom,185.3425,144.5,0.0,29,288,locked_audit,dd9b3f4ed45c,1,0.730343738778576,0.6415882683092397,Established mid-value customers
1,195.25,14,161,United Kingdom,195.25,161.0,0.0,25,0,locked_audit,c439fbb65ec4,2,0.5318818443690534,1.2461568109245904,Recent occasional customers
6,2548.2400000000002,29,2500,United Kingdom,424.7066666666667,416.6666666666667,0.045454545454545456,32,252,locked_audit,989874b58e7b,0,0.7690587544813212,0.33573494981059704,High-value frequent customers
21,5579.1,148,3584,United Kingdom,265.6714285714286,170.66666666666666,0.0898876404494382,8,366,locked_audit,f7c90fea4df7,0,0.7672958509143515,1.6236911963381602,High-value frequent customers
4,591.55,53,265,United Kingdom,147.88750000000002,66.25,0.014492753623188406,138,185,locked_audit,a4204930920f,1,0.8178905407051184,1.043505517949801,Established mid-value customers
1,172.9,8,34,United Kingdom,172.9,34.0,0.0,265,0,locked_audit,72ecb514540c,3,0.3778761625899258,1.5500301622739157,Long-recency customers
5,1217.27,148,602,United Kingdom,243.454,120.4,0.0,2,50,locked_audit,e35af67a59e1,0,1.0815769214497872,1.0545734977870684,High-value frequent customers
1,109.13000000000001,8,77,United Kingdom,109.13000000000001,77.0,0.0,215,0,locked_audit,3f3be396b554,3,0.7218019762940566,1.1806270938322645,Long-recency customers
17,3251.79,196,1439,United Kingdom,191.28176470588235,84.6470588235294,0.0029154518950437317,2,364,locked_audit,c85263557ba9,0,0.9492076196917165,1.6846943090635538,High-value frequent customers
9,1493.96,288,1043,United Kingdom,165.99555555555557,115.88888888888889,0.0,12,169,locked_audit,a550b140700d,0,0.5408212540642213,1.056096805440209,High-value frequent customers
1,179.0,1,100,United Kingdom,179.0,100.0,0.0,199,0,locked_audit,ec693a9427cf,3,0.3182093447576869,1.3456876913863098,Long-recency customers
11,2662.2,146,1613,United Kingdom,242.0181818181818,146.63636363636363,0.0058823529411764705,10,356,locked_audit,a7b059500c61,0,0.30778988491287906,1.5692582326386786,High-value frequent customers
1,655.58,45,588,United Kingdom,655.58,588.0,0.0,25,0,locked_audit,b244fcd9b802,2,0.7695902022531197,0.9658841504265575,Recent occasional customers
3,380.02,38,256,United Kingdom,126.67333333333333,85.33333333333333,0.0,48,165,locked_audit,de9dbcb902e7,1,0.8517108564407944,0.34834023148690363,Established mid-value customers
1,389.64,5,260,United Kingdom,389.64,260.0,0.0,44,0,locked_audit,781677340914,2,0.5281915912963019,0.9102667121435958,Recent occasional customers
1,563.15,30,211,United Kingdom,563.15,211.0,0.0,88,0,locked_audit,d45a640266e4,2,1.068489832889429,0.05107646271914623,Recent occasional customers
1,278.3,6,190,United Kingdom,278.3,190.0,0.14285714285714285,47,0,locked_audit,7220a24f8ecb,2,0.507527145044762,0.8198885013357462,Recent occasional customers
6,2473.37,111,1349,United Kingdom,412.2283333333333,224.83333333333334,0.014598540145985401,9,358,locked_audit,26be93b32d8d,0,0.23586988565490957,1.4230806328716343,High-value frequent customers
11,2538.3,44,3134,United Kingdom,230.75454545454548,284.90909090909093,0.12686567164179105,52,261,locked_audit,002371d67499,0,1.14589695334369,0.20180665311558776,High-value frequent customers
1,200.10000000000002,6,114,United Kingdom,200.10000000000002,114.0,0.0,320,0,locked_audit,26619c97aa46,3,0.4370687078425486,1.6405908045494315,Long-recency customers
1,228.99,14,91,United Kingdom,228.99,91.0,0.06666666666666667,22,0,locked_audit,24c90f42c56d,2,0.47510987168704927,1.3826448412041925,Recent occasional customers
7,1319.91,68,673,United Kingdom,188.5585714285714,96.14285714285714,0.024390243902439025,3,332,locked_audit,4423569dfc16,0,0.8673473785623854,1.2220394631187634,High-value frequent customers
3,173.74,11,150,United Kingdom,57.913333333333334,50.0,0.0,53,258,locked_audit,8c15840772c2,2,1.2951825224127584,0.2171269893504051,Recent occasional customers
2,778.5,53,744,United Kingdom,389.25,372.0,0.0,37,31,locked_audit,3247c9ff5cea,1,0.7543042868946778,0.26202331128186784,Established mid-value customers
2,511.35,28,325,United Kingdom,255.675,162.5,0.0,24,233,locked_audit,ada9fc9914ab,2,0.7708342315127065,0.32567432203306435,Recent occasional customers
2,1173.12,58,464,United Kingdom,586.56,232.0,0.01639344262295082,60,89,locked_audit,fd7ad936e2dc,1,0.5809021317981852,0.7988714512707166,Established mid-value customers
1,125.79,6,117,United Kingdom,125.79,117.0,0.0,53,0,locked_audit,96548b570273,2,0.9596449914904829,0.3894916005731247,Recent occasional customers
2,1465.3200000000002,46,558,United Kingdom,732.66,279.0,0.06,108,155,locked_audit,92f069f9c519,1,0.7469076653784651,1.0010767988632776,Established mid-value customers
1,255.4,17,316,United Kingdom,255.4,316.0,0.0,20,0,locked_audit,18e65cc5f064,2,0.47035191335667464,1.452502810884711,Recent occasional customers
6,761.59,39,790,United Kingdom,126.93166666666667,131.66666666666666,0.018518518518518517,19,193,locked_audit,1afa42d51917,0,1.109499404339219,0.05661994215766075,High-value frequent customers
2,468.77000000000004,43,279,United Kingdom,234.38500000000002,139.5,0.0,205,161,locked_audit,4ac0e4b0efe3,3,0.9814414638835155,0.3190575208040324,Long-recency customers
4,1366.38,43,468,United Kingdom,341.595,117.0,0.0,8,289,locked_audit,2779e400dca3,0,0.8279082183710484,0.6449032589843167,High-value frequent customers
5,2795.33,227,1531,United Kingdom,559.066,306.2,0.025069637883008356,22,257,locked_audit,dec57c93019c,0,0.5929131108813461,0.6125786924121777,High-value frequent customers
1,277.8,9,132,United Kingdom,277.8,132.0,0.0,75,0,locked_audit,b3ed89518205,2,0.8035417234762058,0.16567088072834124,Recent occasional customers
2,1610.15,39,675,United Kingdom,805.075,337.5,0.0,116,39,locked_audit,300cae109cc2,1,0.8081531647963764,1.0274505076367788,Established mid-value customers
2,977.77,57,509,United Kingdom,488.885,254.5,0.0,213,0,locked_audit,9d0f2beb70e7,1,1.1653894041973505,0.2557258303759242,Established mid-value customers
1,310.05,10,64,United Kingdom,310.05,64.0,0.0,246,0,locked_audit,c37b98d23466,3,0.3374333488015998,1.4611074258289012,Long-recency customers
5,1257.68,30,417,Channel Islands,251.536,83.4,0.023809523809523808,5,236,locked_audit,7b547047e51f,0,0.8233853944806729,0.9375892079008908,High-value frequent customers
3,1621.88,33,484,Channel Islands,540.6266666666667,161.33333333333334,0.02857142857142857,57,74,locked_audit,d689fed5a906,1,0.3574851310676241,1.192902152657818,Established mid-value customers
1,100.9,3,22,United Kingdom,100.9,22.0,0.0,15,0,locked_audit,fca1a418eba5,2,1.1386865462762414,1.1036788493518142,Recent occasional customers
4,695.42,37,494,United Kingdom,173.855,123.5,0.03278688524590164,65,232,locked_audit,0eefd416a2fd,1,0.4285146378790869,1.3006722351758804,Established mid-value customers
1,463.8,6,140,United Kingdom,463.8,140.0,0.0,50,0,locked_audit,b2d0c62758a4,2,0.6604553227763431,0.7424013501978758,Recent occasional customers
1,114.77,18,28,United Kingdom,114.77,28.0,0.0,129,0,locked_audit,941302612cbe,3,0.8283327556179481,0.6676436602838878,Long-recency customers
1,89.94,17,37,United Kingdom,89.94,37.0,0.0,38,0,locked_audit,781f2dc11863,2,1.1653881741000611,0.552234040441181,Recent occasional customers
2,202.37,37,58,United Kingdom,101.185,29.0,0.0,20,161,locked_audit,7936f14d4f70,2,0.7351753406513486,0.979875614550185,Recent occasional customers
3,546.1999999999999,25,1120,United Kingdom,182.06666666666663,373.3333333333333,0.037037037037037035,47,132,locked_audit,8761a68904f4,1,0.5768190338149446,0.7079378513710568,Established mid-value customers
4,1641.76,93,862,United Kingdom,410.44,215.5,0.0,116,252,locked_audit,e13e054f3841,1,0.650468063773907,1.2489921163717068,Established mid-value customers
1,308.94,20,184,United Kingdom,308.94,184.0,0.0,36,0,locked_audit,b754448856c7,2,0.3985169546161878,1.1362292442650213,Recent occasional customers
9,1871.77,287,819,United Kingdom,207.97444444444443,91.0,0.015521064301552107,9,358,locked_audit,31a78781cb3f,0,0.38518011376783284,1.3757022618812627,High-value frequent customers
4,852.39,96,527,United Kingdom,213.0975,131.75,0.0,12,36,locked_audit,8bc737943e6c,0,1.1056945700217051,0.13259824533673226,High-value frequent customers
4,653.19,74,400,United Kingdom,163.2975,100.0,0.0,5,278,locked_audit,7f52893ae82e,0,1.3447218602166526,0.39453793574525253,High-value frequent customers
6,685.74,105,212,United Kingdom,114.29,35.333333333333336,0.0234375,59,311,locked_audit,d94d7c27ba37,1,0.7731004596175859,0.8705252233466736,Established mid-value customers
1,179.93,66,103,United Kingdom,179.93,103.0,0.0,171,0,locked_audit,b49d96a0c064,3,0.3781928474905669,1.1544548803242087,Long-recency customers
1,121.17000000000002,3,63,United Kingdom,121.17000000000002,63.0,0.0,274,0,locked_audit,de057989d00c,3,0.662950375515163,1.4005993453846717,Long-recency customers
3,1383.3600000000001,130,1010,United Kingdom,461.11999999999995,336.6666666666667,0.0,24,127,locked_audit,cbc243591e4f,1,0.7797349162410834,0.42054046807071543,Established mid-value customers
1,370.79999999999995,5,56,United Kingdom,370.79999999999995,56.0,0.0,214,0,locked_audit,cabc11dd0930,3,0.44993766950402786,1.2306193764403226,Long-recency customers
2,982.07,25,269,United Kingdom,491.0350000000001,134.5,0.0,94,182,locked_audit,cd3e156e2a1c,1,0.6401894247638223,0.8219412063430652,Established mid-value customers
6,4597.02,52,3760,United Kingdom,766.1700000000001,626.6666666666666,0.03571428571428571,19,354,locked_audit,a460c07c8a91,0,0.5063017716179153,1.0567673247976859,High-value frequent customers
7,2298.93,90,1211,United Kingdom,328.4185714285714,173.0,0.0,19,116,locked_audit,02adb636122d,0,0.4301403523553531,0.9308130047052112,High-value frequent customers
4,1352.75,37,648,United Kingdom,338.1875,162.0,0.0,18,187,locked_audit,a8e8945a94ed,0,0.890892189316673,0.11243281765565971,High-value frequent customers
1,139.05,9,43,United Kingdom,139.05,43.0,0.1,240,0,locked_audit,8b28f8f2469d,3,0.5139964134941304,1.38586540464359,Long-recency customers
1,301.29,20,187,United Kingdom,301.29,187.0,0.0,11,0,locked_audit,eefd1382e8fd,2,0.7376033579870267,1.4852812217503644,Recent occasional customers
3,961.49,51,597,United Kingdom,320.49666666666667,199.0,0.0,2,32,locked_audit,8ae7340c0acd,0,1.4676660358845997,0.6015095413426779,High-value frequent customers
1,158.16,4,84,United Kingdom,158.16,84.0,0.0,358,0,locked_audit,7ed0d1d26b55,3,0.6235368671862406,1.6064397838207873,Long-recency customers
1,487.75,27,160,United Kingdom,487.75,160.0,0.0,374,0,locked_audit,4b69de5124de,3,0.8453013014753982,1.3975864250735976,Long-recency customers
1,106.56,5,52,United Kingdom,106.56,52.0,0.0,26,0,locked_audit,359530a30331,2,1.0015911374735684,0.8843581228276038,Recent occasional customers
5,1624.05,106,1611,United Kingdom,324.81,322.2,0.0,9,228,locked_audit,734594e22e4d,0,0.5696525855939301,0.9281927950602489,High-value frequent customers
1,224.14,23,454,United Kingdom,224.14,454.0,0.0,72,0,locked_audit,3d48cb634c2b,2,0.8098784650619296,0.17960424889010063,Recent occasional customers
2,622.85,24,253,United Kingdom,311.425,126.5,0.0,155,114,locked_audit,79a330ed29db,1,1.006113413446419,0.17477438778457377,Established mid-value customers
1,310.62,21,666,United Kingdom,310.62,666.0,0.0,71,0,locked_audit,b98d84be096a,2,0.7638424559391939,0.2676792474636476,Recent occasional customers
2,411.41,17,215,United Kingdom,205.70499999999998,107.5,0.0,15,154,locked_audit,ccd75665e055,2,0.8005402214536493,0.6127110000205634,Recent occasional customers
3,1044.32,36,918,United Kingdom,348.1066666666666,306.0,0.0,120,246,locked_audit,5d4a47aea8f0,1,0.500851570214351,1.3759118881428412,Established mid-value customers
4,1268.7,5,396,United Kingdom,317.17499999999995,99.0,0.0,60,249,locked_audit,fbf440fffb4d,1,0.33512649101853764,1.1486277740433488,Established mid-value customers
1,331.18,20,228,United Kingdom,331.18,228.0,0.0,226,0,locked_audit,09b3ad185b00,3,0.3662903543993071,1.3558471759257813,Long-recency customers
6,1778.96,110,1393,United Kingdom,296.49333333333334,232.16666666666666,0.01680672268907563,52,229,locked_audit,7b9dfcd65272,1,0.8249383440163283,0.35206243679242033,Established mid-value customers
2,322.08,13,152,United Kingdom,161.04000000000002,76.0,0.125,359,4,locked_audit,cb2166e3444b,3,0.9540612278816789,0.9311748284943075,Long-recency customers
8,1756.44,82,1818,United Kingdom,219.555,227.25,0.009009009009009009,67,217,locked_audit,1b9c8f69078a,1,1.015981294385257,0.34243634891053376,Established mid-value customers
11,10484.99,97,6171,United Kingdom,953.180909090909,561.0,0.08264462809917356,10,232,locked_audit,cad4d67e35c3,0,0.8668840233899407,1.4996495259325462,High-value frequent customers
1,300.36,18,275,United Kingdom,300.36,275.0,0.0,128,0,locked_audit,00d6926a4e86,3,0.5694908221356438,0.6502168711051968,Long-recency customers
1,890.85,47,489,United Kingdom,890.85,489.0,0.0,67,0,locked_audit,77c1354c6c64,2,1.1615332495621864,0.37056391487336904,Recent occasional customers
1,98.45,6,55,United Kingdom,98.45,55.0,0.0,149,0,locked_audit,53b6fe8cd4dc,3,0.8889887944920414,0.7913263513834656,Long-recency customers
1,254.82,19,270,United Kingdom,254.82,270.0,0.0,136,0,locked_audit,59354a9c83f0,3,0.48137823752492354,0.7956901765833693,Long-recency customers
1,156.51,12,89,United Kingdom,156.51,89.0,0.0,107,0,locked_audit,8e62ae621f28,3,0.7593246131119357,0.45481961733964427,Long-recency customers
1,393.74,23,265,United Kingdom,393.74,265.0,0.0,65,0,locked_audit,74bb47063a40,2,0.7433094674428099,0.41913241019555214,Recent occasional customers
1,408.8,2,26,United Kingdom,408.8,26.0,0.0,24,0,locked_audit,09e72a7c9ff7,2,0.4820130016068219,1.3817912959115906,Recent occasional customers
7,2379.49,22,1521,United Kingdom,339.9271428571428,217.28571428571428,0.14583333333333334,16,295,locked_audit,c34eabe928a1,0,0.32167241536033037,1.1258773797982147,High-value frequent customers
15,2493.34,184,1251,United Kingdom,166.22266666666667,83.4,0.0037735849056603774,8,358,locked_audit,15ae5b101394,0,0.5129609127523255,1.5501133028752117,High-value frequent customers
2,716.57,44,619,United Kingdom,358.285,309.5,0.0,5,14,locked_audit,61e9b35e9449,2,1.4297073168274548,0.3635644085104879,Recent occasional customers
1,128.63,49,61,United Kingdom,128.63,61.0,0.0,67,0,locked_audit,104830de1cc7,2,1.0411572804528493,0.13562183788382542,Recent occasional customers
1,255.89999999999998,12,205,United Kingdom,255.89999999999998,205.0,0.0,47,0,locked_audit,e622609ced23,2,0.5202764701356695,0.8004248649361887,Recent occasional customers
3,1174.35,57,810,United Kingdom,391.45,270.0,0.0,65,84,locked_audit,69e4f0f5be21,1,0.10400438085060108,1.5933530757320145,Established mid-value customers
91,60632.75,567,38147,United Kingdom,666.2939560439561,419.1978021978022,0.04519774011299435,1,373,locked_audit,5bf96935d4d6,0,2.3015594501687127,1.6313298271377885,High-value frequent customers
4,924.85,42,516,United Kingdom,231.2125,129.0,0.020833333333333332,76,279,locked_audit,00e877f0530b,1,0.3242929840484977,1.4254336015563727,Established mid-value customers
1,52.0,1,25,United Kingdom,52.0,25.0,0.0,111,0,locked_audit,db5c5794cf75,3,1.5574905325024446,0.41054439207761884,Long-recency customers
1,327.97,24,313,United Kingdom,327.97,313.0,0.0,200,0,locked_audit,540633872f94,3,0.3675340760828795,1.2427019580473473,Long-recency customers
3,350.82,67,273,United Kingdom,116.94,91.0,0.0,157,17,locked_audit,ed998080486f,1,1.1497321596312784,0.22999730557469533,Established mid-value customers
1,2020.52,17,812,United Kingdom,2020.52,812.0,0.0,81,0,locked_audit,fb0cb54d1a31,1,1.6238228111864321,0.12702380240575106,Established mid-value customers
1,115.65,5,51,United Kingdom,115.65,51.0,0.0,374,0,locked_audit,0945edd23a6f,3,0.8490537672531733,1.5115527588176298,Long-recency customers
2,770.12,59,341,United Kingdom,385.06,170.5,0.0,255,113,locked_audit,3e87608eefdb,3,1.2762269229059573,0.06048706600195697,Long-recency customers
10,2718.03,215,1643,United Kingdom,271.803,164.3,0.0,32,337,locked_audit,753c2849f5cc,0,0.7787656814709654,0.6371807927775648,High-value frequent customers
1,427.93,13,223,United Kingdom,427.93,223.0,0.0,40,0,locked_audit,6519a4e08798,2,0.5344783300187165,0.9963740259077346,Recent occasional customers
1,326.0,16,144,United Kingdom,326.0,144.0,0.058823529411764705,373,0,locked_audit,2ac2494f24b5,3,0.6290066713798866,1.5722738535295586,Long-recency customers
12,2415.91,74,500,United Kingdom,201.32583333333332,41.666666666666664,0.0364963503649635,9,363,locked_audit,1bede3b857c8,0,0.39011883582734264,1.5392677135498705,High-value frequent customers
1,168.0,3,126,United Kingdom,168.0,126.0,0.0,129,0,locked_audit,6d0b4eef0df6,3,0.5944746593404583,0.7308415407176524,Long-recency customers
2,1345.53,60,769,United Kingdom,672.7650000000001,384.5,0.013513513513513514,17,62,locked_audit,fe2fb0365356,1,1.1470531859854247,0.26685490429955205,Established mid-value customers
5,716.2,10,390,United Kingdom,143.24,78.0,0.07692307692307693,93,186,locked_audit,3551adae6913,1,0.6614807752883768,1.2711673082756296,Established mid-value customers
4,1348.93,86,529,United Kingdom,337.2325,132.25,0.010101010101010102,27,156,locked_audit,1d04f72e10ca,1,0.7529091643197224,0.2767927249225185,Established mid-value customers
4,3984.32,165,2090,United Kingdom,996.08,522.5,0.0051813471502590676,65,218,locked_audit,82fda08d507c,1,1.0147229392230124,0.3978347984047148,Established mid-value customers
4,950.36,40,500,United Kingdom,237.59,125.0,0.0,59,252,locked_audit,23967c7e7d4f,1,0.30998962461724644,1.2708009110622873,Established mid-value customers
2,397.35,77,380,United Kingdom,198.675,190.0,0.012048192771084338,27,49,locked_audit,f5ee645a6660,2,0.6535602617954458,0.5168350402362848,Recent occasional customers
5,1041.48,40,647,United Kingdom,208.296,129.4,0.06779661016949153,9,192,locked_audit,a0fe6c9449fc,0,0.8584765870169992,0.6009977309560088,High-value frequent customers
1,1044.65,155,348,United Kingdom,1044.65,348.0,0.0,339,0,locked_audit,a8c6542c265d,3,1.3283272409422946,0.7951011386476099,Long-recency customers
18,7354.62,43,1257,United Kingdom,408.59,69.83333333333333,0.0673076923076923,20,350,locked_audit,c0e4018b60dc,0,0.9167868534583977,1.2500712448576068,High-value frequent customers
2,467.51,24,155,United Kingdom,233.755,77.5,0.1724137931034483,52,0,locked_audit,2046bbd23c9b,2,0.8303722531649826,0.04564633673681495,Recent occasional customers
2,659.4599999999999,32,483,United Kingdom,329.73,241.5,0.0,29,46,locked_audit,37911aedb497,2,0.8999009794954017,0.011991580406439328,Recent occasional customers
27,13316.4,360,6105,United Kingdom,493.2,226.11111111111111,0.021032504780114723,3,364,locked_audit,ac062b920725,0,1.356678136656134,1.6813362188467504,High-value frequent customers
3,972.08,121,842,United Kingdom,324.02666666666664,280.6666666666667,0.0,23,116,locked_audit,512e44e4cf19,1,0.7794954399709851,0.5576518922106933,Established mid-value customers
1,250.0,1,2,United Kingdom,250.0,2.0,0.0,331,0,locked_audit,16dc93a1e47f,3,0.450228476227512,1.636753252740695,Long-recency customers
1,267.03,27,293,United Kingdom,267.03,293.0,0.0,234,0,locked_audit,fdb705cb9675,3,0.23882355726484816,1.514918193867043,Long-recency customers
8,3000.2,116,1836,United Kingdom,375.025,229.5,0.075,41,214,locked_audit,e436112661a1,0,0.92334543437875,0.3471727117793405,High-value frequent customers
2,397.99,47,572,United Kingdom,198.995,286.0,0.0,33,55,locked_audit,397a04b4c172,2,0.6567758227618091,0.4380082883812805,Recent occasional customers
2,1972.39,196,1085,United Kingdom,986.1949999999999,542.5,0.0,9,22,locked_audit,a3b3b75a005e,0,1.4692749677238972,0.08326869931869152,High-value frequent customers
3,807.57,73,289,United Kingdom,269.19,96.33333333333333,0.03488372093023256,20,70,locked_audit,d89a87a66045,1,0.8934251996376297,0.5083403540339289,Established mid-value customers
1,538.46,41,410,United Kingdom,538.46,410.0,0.0,8,0,locked_audit,6107e89a3d0a,2,1.0329802388227043,1.1299451421097244,Recent occasional customers
14,4910.6,441,3999,United Kingdom,350.75714285714287,285.64285714285717,0.0,8,355,locked_audit,ff40f83681e0,0,0.5648690455488782,1.6663855531972471,High-value frequent customers
1,436.06,29,218,United Kingdom,436.06,218.0,0.0,37,0,locked_audit,28596c59837f,2,0.5229199336071244,1.0668079109158368,Recent occasional customers
1,428.93,51,449,United Kingdom,428.93,449.0,0.0,61,0,locked_audit,31f71a03d0d9,2,0.7318138547960222,0.5052909502016327,Recent occasional customers
3,758.29,27,461,United Kingdom,252.76333333333332,153.66666666666666,0.0,3,71,locked_audit,01f02caf8663,0,1.5103112171138522,0.3792546332084956,High-value frequent customers
4,650.4300000000001,47,264,United Kingdom,162.60750000000002,66.0,0.0,12,67,locked_audit,8f9de68d0525,1,1.2830368036510118,0.01035409742948179,Established mid-value customers
1,127.1,13,52,United Kingdom,127.1,52.0,0.0,163,0,locked_audit,20eda0d8f7e2,3,0.644320060224617,0.9720354232357235,Long-recency customers
13,3675.77,134,283,United Kingdom,282.7515384615385,21.76923076923077,0.006756756756756757,121,246,locked_audit,c3e94f80fe09,1,1.639958181832452,0.1999154739450537,Established mid-value customers
1,455.3,31,320,United Kingdom,455.3,320.0,0.0,177,0,locked_audit,07a6fe32f6b3,3,0.6404452849381309,0.9023558411481992,Long-recency customers
1,48.480000000000004,2,96,United Kingdom,48.480000000000004,96.0,0.0,79,0,locked_audit,7d549896e83d,3,1.7493246003875313,0.1475450734845527,Long-recency customers
5,1198.23,61,441,United Kingdom,239.64600000000002,88.2,0.0,37,337,locked_audit,e5889cd28272,1,0.6920964247268963,0.44300161963009976,Established mid-value customers
1,301.03,19,125,United Kingdom,301.03,125.0,0.0,142,0,locked_audit,1c3167d37b26,3,0.4947087597080723,0.8124438783550738,Long-recency customers
5,1024.1000000000001,40,242,United Kingdom,204.82,48.4,0.14285714285714285,191,182,locked_audit,fe6dc5c67bc8,1,1.0533505686100482,1.1822062701789806,Established mid-value customers
1,306.45,11,111,United Kingdom,306.45,111.0,0.0,44,0,locked_audit,bddde8db9ff1,2,0.4732178436473215,0.9152344563724668,Recent occasional customers
9,1600.86,55,1050,United Kingdom,177.87333333333333,116.66666666666667,0.0425531914893617,26,340,locked_audit,84c648f78a0f,0,0.7659701218062555,0.5125484746917212,High-value frequent customers
1,76.32000000000001,1,72,United Kingdom,76.32000000000001,72.0,0.0,218,0,locked_audit,9e1338e6ddcf,3,1.057342356675721,1.0411897288438212,Long-recency customers
1,173.05,12,91,United Kingdom,173.05,91.0,0.0,297,0,locked_audit,56a1f090331c,3,0.4417835804479071,1.591462591648754,Long-recency customers
3,3435.76,191,2252,United Kingdom,1145.2533333333333,750.6666666666666,0.06481481481481481,19,265,locked_audit,b99cabcc7ea7,0,0.9914688420583686,0.26500888137016476,High-value frequent customers
1,657.23,33,319,United Kingdom,657.23,319.0,0.0,50,0,locked_audit,050731d61054,2,0.8579917054710816,0.6872803154060939,Recent occasional customers
4,781.28,98,1170,United Kingdom,195.32,292.5,0.0,25,158,locked_audit,6aca96538612,1,0.8069600516269352,0.48483174542150975,Established mid-value customers
2,409.98,22,212,United Kingdom,204.99,106.0,0.0,267,0,locked_audit,2d0920d53b3c,3,0.9345475439689374,0.6150123482599111,Long-recency customers
8,2711.11,140,1015,United Kingdom,338.88875,126.875,0.034482758620689655,34,293,locked_audit,7a3c45446b11,0,0.7903168467266369,0.4856252266256874,High-value frequent customers
4,2293.62,79,1028,United Kingdom,573.405,257.0,0.0,141,75,locked_audit,0857b27b09f7,1,0.9160391103932558,1.1043199114777278,Established mid-value customers
4,916.98,126,594,United Kingdom,229.245,148.5,0.0,36,51,locked_audit,10b5fb5d2cc8,1,0.5529008043859537,0.7852013412958908,Established mid-value customers
1,133.25,6,121,United Kingdom,133.25,121.0,0.0,284,0,locked_audit,04ffc2f349fd,3,0.5979811486616453,1.4644630438083295,Long-recency customers
2,356.7,18,150,United Kingdom,178.35000000000002,75.0,0.05,144,223,locked_audit,820cfdf1778f,3,0.9388637338359286,0.29024767173412147,Long-recency customers
4,1101.1100000000001,101,738,United Kingdom,275.27750000000003,184.5,0.0,146,224,locked_audit,ad9960dc319f,1,0.7321891784286723,1.3760757523275875,Established mid-value customers
1,471.40000000000003,80,388,United Kingdom,471.40000000000003,388.0,0.0,12,0,locked_audit,d9206d307bde,2,0.7981641047257969,1.2485165622932004,Recent occasional customers
1,190.7,37,73,United Kingdom,190.7,73.0,0.0,365,0,locked_audit,09bebabd0c1d,3,0.5640619362114052,1.648338917257598,Long-recency customers
1,449.12,8,472,United Kingdom,449.12,472.0,0.0,67,0,locked_audit,9a61890d1029,2,0.8052510822926148,0.383851123368797,Recent occasional customers
4,1094.59,57,421,United Kingdom,273.64750000000004,105.25,0.046153846153846156,20,217,locked_audit,3cda701c8fe7,1,0.9179779299634068,0.11161571404357273,Established mid-value customers
7,2626.6,236,1960,United Kingdom,375.2285714285714,280.0,0.0024630541871921183,40,333,locked_audit,dc03f14fe966,0,0.9086557981828696,0.2325656948016992,High-value frequent customers
3,458.57,24,199,United Kingdom,152.85666666666668,66.33333333333333,0.034482758620689655,52,195,locked_audit,6d7046134176,1,0.6832340781528803,0.574193395078856,Established mid-value customers
6,2364.25,127,1427,United Kingdom,394.0416666666667,237.83333333333334,0.053691275167785234,11,284,locked_audit,c4691196fc58,0,0.24794566235347668,1.30367116292579,High-value frequent customers
4,528.01,160,241,United Kingdom,132.0025,60.25,0.0,62,188,locked_audit,aa1eb25e2240,1,0.6140000257038081,1.0223805987545482,Established mid-value customers
2,583.75,37,251,United Kingdom,291.875,125.5,0.0,66,12,locked_audit,7811fa5aaa6d,1,0.7297583284267338,0.29882412322755714,Established mid-value customers
1,315.06,11,170,United Kingdom,315.06,170.0,0.0,65,0,locked_audit,d6aeaaae3fe1,2,0.703748118812307,0.3980913489108008,Recent occasional customers
1,241.62,18,138,United Kingdom,241.62,138.0,0.0,134,0,locked_audit,1289a5c63595,3,0.48768177209446184,0.7826330809769856,Long-recency customers
4,1047.11,18,378,United Kingdom,261.7775,94.5,0.045454545454545456,242,120,locked_audit,3845844f80dc,1,1.1729596172638728,0.8811962463820249,Established mid-value customers
3,475.28000000000003,26,220,United Kingdom,158.42666666666668,73.33333333333333,0.0,184,174,locked_audit,accbe182b227,1,1.0813557380766883,0.3625347114183535,Established mid-value customers
3,345.46,20,180,United Kingdom,115.15333333333335,60.0,0.047619047619047616,26,280,locked_audit,9f5740457e7f,1,1.132602328312402,0.002597532629603716,Established mid-value customers
3,2614.7400000000002,34,864,United Kingdom,871.58,288.0,0.022727272727272728,10,80,locked_audit,26f6d6fce712,0,0.9168007757188206,0.5533878012704736,High-value frequent customers
1,246.3,14,212,United Kingdom,246.3,212.0,0.0,11,0,locked_audit,b715636ba70e,2,0.7544839320558312,1.541407334216529,Recent occasional customers
1,610.01,42,581,United Kingdom,610.01,581.0,0.0,150,0,locked_audit,be849836bfe9,3,0.9093070547242772,0.5748725218263269,Long-recency customers
1,451.42,1,1,United Kingdom,451.42,1.0,0.6666666666666666,143,0,locked_audit,1aeacf2f33f3,3,0.7170770016517705,0.6444997776045103,Long-recency customers
17,5488.18,220,3367,United Kingdom,322.83411764705886,198.05882352941177,0.019672131147540985,24,341,locked_audit,86ab79bf5abf,0,0.8597257499595113,1.1236035932002095,High-value frequent customers
4,1391.98,66,861,United Kingdom,347.995,215.25,0.20535714285714285,79,218,locked_audit,68ebae2b85dd,1,0.39311130326785937,1.2506081959450532,Established mid-value customers
1,206.98,17,128,United Kingdom,206.98,128.0,0.0,320,0,locked_audit,71ffcaf05a3a,3,0.42870186353362144,1.644139655836703,Long-recency customers
3,794.64,63,1092,United Kingdom,264.88,364.0,0.014925373134328358,59,266,locked_audit,4969453b7d0e,1,0.23144046794147605,1.253904551126917,Established mid-value customers
4,2225.15,242,961,United Kingdom,556.2875,240.25,0.011029411764705883,71,207,locked_audit,c230d08046ef,1,0.6386069422763605,0.8421336878148338,Established mid-value customers
4,1224.06,36,942,United Kingdom,306.015,235.5,0.06,73,266,locked_audit,f72ea07d78e9,1,0.32577604204690447,1.2991184614532936,Established mid-value customers
2,389.27,22,449,United Kingdom,194.635,224.5,0.0,39,250,locked_audit,01656b43415e,2,0.6762531134656238,0.3797429948414812,Recent occasional customers
2,234.88,87,298,United Kingdom,117.44,149.0,0.0,20,149,locked_audit,38e639aee820,2,0.68500651457384,0.9263443135722604,Recent occasional customers
12,2969.12,105,926,United Kingdom,247.42666666666665,77.16666666666667,0.0,5,357,locked_audit,2478b8c57995,0,0.5223610474165642,1.6855807301749555,High-value frequent customers
5,712.24,59,470,United Kingdom,142.448,94.0,0.0,137,127,locked_audit,fd18b50f6210,1,0.8594800759091492,1.2721727537818532,Established mid-value customers
8,3146.92,339,2528,United Kingdom,393.365,316.0,0.0018484288354898336,13,255,locked_audit,8ddb97f6e60b,0,0.15911291232601096,1.5277098462269865,High-value frequent customers
4,832.88,142,585,United Kingdom,208.22,146.25,0.0,9,365,locked_audit,faea47721919,0,1.1200701375680053,0.2838209945020871,High-value frequent customers
1,211.89,43,124,United Kingdom,211.89,124.0,0.0,102,0,locked_audit,feaa4b3c6693,3,0.7135780978198264,0.36213269537118375,Long-recency customers
15,3810.14,302,2052,United Kingdom,254.00933333333333,136.8,0.004338394793926247,6,364,locked_audit,016dea5a2d8d,0,0.5808396334423065,1.6972289371438911,High-value frequent customers
2,316.25,101,187,United Kingdom,158.125,93.5,0.0,15,0,locked_audit,e9a5857c33c1,2,0.7512906008489184,0.7921704826783869,Recent occasional customers
7,4405.88,110,2534,United Kingdom,629.4114285714286,362.0,0.12408759124087591,64,221,locked_audit,472195261fdb,0,1.2893450708327323,0.041156291415461954,High-value frequent customers
2,490.33,122,368,United Kingdom,245.16500000000002,184.0,0.015625,2,16,locked_audit,3c572c8359c5,2,1.6358825968213044,0.5061438580009883,Recent occasional customers
1,329.03000000000003,95,202,United Kingdom,329.03000000000003,202.0,0.010309278350515464,370,0,locked_audit,f0d5fbcac792,3,0.6260930297636945,1.5674856258147671,Long-recency customers
3,379.35,18,111,United Kingdom,126.45,37.0,0.0,93,217,locked_audit,e0ecdf5fd690,1,0.8639559197607798,0.5852057027460478,Established mid-value customers
2,420.07,79,206,United Kingdom,210.035,103.0,0.0,157,213,locked_audit,353848b9521a,3,0.9749240376854591,0.20720894424380676,Long-recency customers
1,164.68,30,84,United Kingdom,164.68,84.0,0.0,9,0,locked_audit,5a54ff9bbb35,2,0.98905367697659,1.4425619245238077,Recent occasional customers
2,525.69,103,385,United Kingdom,262.845,192.5,0.0,20,349,locked_audit,714c4d4fec5c,2,0.8156499135659379,0.3572677495361478,Recent occasional customers
4,167.5,53,99,United Kingdom,41.875,24.75,0.0,155,0,locked_audit,96613caa2d57,3,1.687324963513903,0.034918774881627535,Long-recency customers
1,323.03000000000003,24,162,United Kingdom,323.03000000000003,162.0,0.0,173,0,locked_audit,6b7b97a53344,3,0.4092468702363256,1.0709405034152275,Long-recency customers
5,404.58,13,240,United Kingdom,80.91600000000001,48.0,0.0,113,211,locked_audit,034aac49e34f,1,1.025531005223334,0.9848838981824624,Established mid-value customers
2,364.72,12,284,United Kingdom,182.36,142.0,0.0,17,55,locked_audit,1b8cae48d6fc,2,0.7269054797051872,0.6865167439662506,Recent occasional customers
2,708.22,36,313,United Kingdom,354.11,156.5,0.046511627906976744,9,277,locked_audit,d510646df6e8,2,1.2084608154252567,0.2987255728650098,Recent occasional customers
14,4416.26,137,2135,United Kingdom,315.44714285714286,152.5,0.010810810810810811,25,348,locked_audit,baedc33c5d7d,0,0.7601641056226758,1.0567498744619166,High-value frequent customers
1,314.1,11,116,United Kingdom,314.1,116.0,0.0,304,0,locked_audit,2ece43b159ad,3,0.45540140763637854,1.544466659818921,Long-recency customers
7,3442.15,141,2262,United Kingdom,491.7357142857143,323.14285714285717,0.005649717514124294,40,249,locked_audit,89e1c4e690cd,0,0.9074821937555458,0.35575631561367216,High-value frequent customers
1,1098.78,49,888,United Kingdom,1098.78,888.0,0.0,78,0,locked_audit,703cc526f9ca,2,1.3560565199434296,0.18750705108631505,Recent occasional customers
8,3408.48,53,1866,United Kingdom,426.06,233.25,0.0,25,287,locked_audit,e35732c95be4,0,0.5765420366182017,0.8876118627383422,High-value frequent customers
7,1432.77,110,1533,United Kingdom,204.68142857142857,219.0,0.0,13,356,locked_audit,5210f2b7e43c,0,0.5596246591921172,0.8750763027593889,High-value frequent customers
1,41.989999999999995,3,17,United Kingdom,41.989999999999995,17.0,0.0,4,0,locked_audit,5d8b1025f80c,2,2.219921350544342,1.0492561519890793,Recent occasional customers
3,12393.7,9,5110,United Kingdom,4131.233333333334,1703.3333333333333,0.0,3,0,locked_audit,9315660a8a90,0,1.4355845408961656,1.1225932911264893,High-value frequent customers
47,37130.6,30,15536,United Kingdom,790.0127659574467,330.5531914893617,0.07947019867549669,4,368,locked_audit,171a111b71b7,0,1.854319910575441,1.5665101447354464,High-value frequent customers
3,704.55,146,907,United Kingdom,234.85,302.3333333333333,0.01092896174863388,4,46,locked_audit,1bc0c5040929,0,1.5043225681694163,0.2753750473699432,High-value frequent customers
1,211.88,26,102,United Kingdom,211.88,102.0,0.0,48,0,locked_audit,ab5b3dfe5428,2,0.5934347041883168,0.7114085094681692,Recent occasional customers
2,408.90000000000003,26,190,United Kingdom,204.45,95.0,0.0,40,141,locked_audit,0b8d9265b0a7,2,0.6976142043786039,0.3203424677318055,Recent occasional customers
9,3786.2400000000002,133,1733,United Kingdom,420.6933333333334,192.55555555555554,0.030303030303030304,47,318,locked_audit,aec25f917166,0,1.0467363504784828,0.3665375523905927,High-value frequent customers
3,719.81,90,358,United Kingdom,239.9366666666667,119.33333333333333,0.0,47,220,locked_audit,53c6ed9f7826,1,0.39256289039609465,0.9972925788568665,Established mid-value customers
1,236.09,30,243,United Kingdom,236.09,243.0,0.0,44,0,locked_audit,8298552586a3,2,0.5116289929697572,0.8557388646725653,Recent occasional customers
3,855.02,37,428,United Kingdom,285.00666666666666,142.66666666666666,0.0,270,89,locked_audit,8cd57961eda7,1,1.2518584274458766,0.45289789902934663,Established mid-value customers
3,471.78000000000003,24,244,United Kingdom,157.26,81.33333333333333,0.07142857142857142,8,194,locked_audit,56d26008ae58,2,1.4477516846744416,0.11564126400651187,Recent occasional customers
3,1074.81,248,763,United Kingdom,358.27,254.33333333333334,0.0,41,35,locked_audit,08ad0104cc90,1,0.3688242990915321,1.1319783319562422,Established mid-value customers
1,335.32,23,262,United Kingdom,335.32,262.0,0.0,261,0,locked_audit,14ec04e1548f,3,0.41013317855840026,1.4466984957926794,Long-recency customers
1,367.14,71,228,United Kingdom,367.14,228.0,0.0,366,0,locked_audit,ee75823879ae,3,0.6681210338673989,1.5206504057559158,Long-recency customers
1,326.24,21,180,United Kingdom,326.24,180.0,0.0,45,0,locked_audit,b3069fe69230,2,0.49040485661642663,0.8920770131628998,Recent occasional customers
5,1121.39,24,511,United Kingdom,224.27799999999996,102.2,0.025,60,308,locked_audit,185516a18456,1,0.5305824659517254,0.9235214137101987,Established mid-value customers
4,1078.23,48,647,United Kingdom,269.5575,161.75,0.05970149253731343,12,208,locked_audit,526fdee83e50,0,0.9555567688189879,0.2733841046801395,High-value frequent customers
6,1429.64,30,558,United Kingdom,238.27333333333334,93.0,0.0,8,226,locked_audit,bad27fe06868,0,0.5862376896879234,1.0211839431802083,High-value frequent customers
1,298.21,28,122,United Kingdom,298.21,122.0,0.0,62,0,locked_audit,b5e0abbfe067,2,0.6700295579717902,0.45748245351241723,Recent occasional customers
2,854.66,170,576,United Kingdom,427.33000000000004,288.0,0.0,58,158,locked_audit,7af7a897bcf1,1,0.5972580267288736,0.5800359211281532,Established mid-value customers
3,635.41,25,330,United Kingdom,211.8033333333333,110.0,0.0,19,188,locked_audit,93e7e977ed04,1,0.9851187776216624,0.34240073929441983,Established mid-value customers
1,535.34,37,422,United Kingdom,535.34,422.0,0.0,250,0,locked_audit,9e929fdaafa7,3,0.7487152515383586,1.1325033670440865,Long-recency customers
3,734.13,26,427,United Kingdom,244.71,142.33333333333334,0.0,158,75,locked_audit,b4f14b013722,1,0.791625959169768,0.8537836411381602,Established mid-value customers
19,5533.67,286,2583,United Kingdom,291.2457894736842,135.94736842105263,0.056112224448897796,2,367,locked_audit,a2f2d7c4a5b6,0,1.059587741680008,1.7351565990505724,High-value frequent customers
2,856.6,5,192,United Kingdom,428.30000000000007,96.0,0.14285714285714285,233,133,locked_audit,394e3b970267,1,1.248039243314635,0.08873491563288582,Established mid-value customers
3,822.48,27,433,United Kingdom,274.16,144.33333333333334,0.02857142857142857,18,25,locked_audit,dfe1e3fba4d4,1,0.95814805070974,0.41446309956874416,Established mid-value customers
4,1037.59,45,533,United Kingdom,259.3975,133.25,0.0,95,146,locked_audit,9b686a507056,1,0.4164680904565946,1.444771597636037,Established mid-value customers
1,331.95,15,95,United Kingdom,331.95,95.0,0.0,51,0,locked_audit,26ea3b721de5,2,0.5583786339208396,0.7357317384368578,Recent occasional customers
1,215.83,11,99,United Kingdom,215.83,99.0,0.0,61,0,locked_audit,22dcd2347d7f,2,0.7150530670529999,0.4058444247301004,Recent occasional customers
8,10254.18,90,5867,United Kingdom,1281.7725,733.375,0.07954545454545454,101,152,locked_audit,f20d995f2a0c,0,1.824230525852751,0.050382483810894385,High-value frequent customers
6,1158.79,26,561,United Kingdom,193.13166666666666,93.5,0.021739130434782608,65,147,locked_audit,b809537d4532,1,0.7000674828996825,0.7651892735411114,Established mid-value customers
1,314.45,19,219,United Kingdom,314.45,219.0,0.0,237,0,locked_audit,5fbe56b3f290,3,0.33685256228555965,1.4272915426247241,Long-recency customers
4,537.0600000000001,52,272,United Kingdom,134.265,68.0,0.0,55,273,locked_audit,67f1d351ef8b,1,0.616412232628358,0.994613330693524,Established mid-value customers
2,664.26,61,333,United Kingdom,332.13,166.5,0.0,45,245,locked_audit,b67e07c13532,1,0.731551116842282,0.22497903294246102,Established mid-value customers
3,1062.75,36,420,United Kingdom,354.25,140.0,0.0,171,99,locked_audit,8aaa06a92ca2,1,0.8147732757859215,1.0056504377056124,Established mid-value customers
1,242.35,14,104,United Kingdom,242.35,104.0,0.0,81,0,locked_audit,3d466c6aff37,2,0.8754460085141836,0.020425094255053566,Recent occasional customers
4,990.88,24,550,United Kingdom,247.72,137.5,0.02631578947368421,44,172,locked_audit,ea8b581bf135,1,0.4274101599162143,0.9708520050283895,Established mid-value customers
13,2590.31,347,1443,United Kingdom,199.2546153846154,111.0,0.0,10,360,locked_audit,fb2b7895eeff,0,0.41016433412976444,1.5241953433344544,High-value frequent customers
5,1800.07,67,950,United Kingdom,360.014,190.0,0.0,53,187,locked_audit,3d182c3def38,1,0.6869994798533255,0.5379812213676473,Established mid-value customers
2,389.44,22,208,United Kingdom,194.72,104.0,0.0,262,112,locked_audit,294c1eba34ce,3,0.9089447337212017,0.647821016088595,Long-recency customers
1,566.38,23,114,United Kingdom,566.38,114.0,0.08,101,0,locked_audit,7a90d320aaa8,3,1.042982709764916,0.12103275312318873,Long-recency customers
1,168.3,11,114,United Kingdom,168.3,114.0,0.0,340,0,locked_audit,bd6e22f42352,3,0.5528451494551874,1.6140911705245249,Long-recency customers
1,142.5,8,298,United Kingdom,142.5,298.0,0.0,170,0,locked_audit,fced6e2e5525,3,0.5384207083829354,1.0641402343271942,Long-recency customers
6,632.27,36,487,United Kingdom,105.37833333333333,81.16666666666667,0.06818181818181818,214,154,locked_audit,f48fd798c25e,1,1.295600482281011,0.9102153196906437,Established mid-value customers
2,616.26,35,394,United Kingdom,308.13,197.0,0.0,18,32,locked_audit,83a3584026a9,2,0.9217137303017411,0.2517260202078362,Recent occasional customers
2,1038.46,56,732,Unspecified,519.23,366.0,0.0,173,41,locked_audit,241ea938b5c8,1,1.0011610862075506,0.4750543577459898,Established mid-value customers
2,326.75,28,231,United Kingdom,163.375,115.5,0.0,2,35,locked_audit,50c16d88f36e,2,1.5809930072136094,0.7617457685678539,Recent occasional customers
3,251.91,39,147,United Kingdom,83.97,49.0,0.04878048780487805,18,95,locked_audit,91793fb39654,2,1.1803320596773528,0.32030821632333084,Recent occasional customers
4,1971.87,60,1398,United Kingdom,492.9675,349.5,0.08333333333333333,25,177,locked_audit,18d0333aa343,0,0.8644060240635293,0.04706294346815998,High-value frequent customers
4,322.41,10,157,United Kingdom,80.60249999999999,39.25,0.0,76,104,locked_audit,4f79790359ff,1,1.0039590173249198,0.6246918978097733,Established mid-value customers
1,53.5,9,9,United Kingdom,53.5,9.0,0.0,291,0,locked_audit,3f178e80a4c3,3,1.4314904802573458,1.0973852029915652,Long-recency customers
3,658.88,31,246,United Kingdom,219.62666666666667,82.0,0.0,34,180,locked_audit,079525877e17,1,0.6193527964125365,0.6935392534218419,Established mid-value customers
4,1301.91,143,640,United Kingdom,325.4775,160.0,0.0,83,143,locked_audit,138e5631138c,1,0.3850475066828931,1.3116366002768536,Established mid-value customers
2,974.96,104,691,United Kingdom,487.48,345.5,0.024,9,9,locked_audit,602f443d2663,2,1.374938226197037,0.10264434444469228,Recent occasional customers
4,1382.07,33,1242,United Kingdom,345.5175,310.5,0.02857142857142857,54,230,locked_audit,b4fbee3defe3,1,0.39373437650763654,0.9960750207694845,Established mid-value customers
5,1555.34,61,2604,United Kingdom,311.068,520.8,0.17,57,233,locked_audit,177e4d630121,1,0.6153167318101226,0.69672249044097,Established mid-value customers
2,1705.8,75,758,United Kingdom,852.9000000000001,379.0,0.046511627906976744,155,99,locked_audit,3b86a7abbf1b,1,0.9938151182182435,0.8222968439027138,Established mid-value customers
2,167.25,3,187,United Kingdom,83.625,93.5,0.0,303,8,locked_audit,79c573877c00,3,0.8853135844017049,1.2277144493123417,Long-recency customers
1,154.35,54,116,United Kingdom,154.35,116.0,0.0,19,0,locked_audit,2a3fec1812bc,2,0.7491336872488253,1.2404819100899003,Recent occasional customers
2,211.7,41,131,United Kingdom,105.85000000000001,65.5,0.0,20,350,locked_audit,b6f5c06a7a8e,2,0.7176954563779269,0.9653986334877164,Recent occasional customers
6,958.71,36,428,United Kingdom,159.785,71.33333333333333,0.0196078431372549,113,199,locked_audit,270bd49c2440,1,0.8287127918128893,1.1076280211132947,Established mid-value customers
51,34684.4,68,33704,United Kingdom,680.086274509804,660.8627450980392,0.07518796992481203,18,352,locked_audit,e391e5504334,0,1.7973749673843125,1.2522874672115754,High-value frequent customers
1,284.55,2,9,United Kingdom,284.55,9.0,0.0,107,0,locked_audit,2798d537bbf3,3,0.6927004280501047,0.38089806775602375,Long-recency customers
7,1511.8,88,760,United Kingdom,215.97142857142856,108.57142857142857,0.0,30,270,locked_audit,b694d9105407,0,0.8562228460946198,0.2012634450642451,High-value frequent customers
1,255.91,34,221,United Kingdom,255.91,221.0,0.0,136,0,locked_audit,88f86ae68e9c,3,0.4820200940046991,0.7946728034672852,Long-recency customers
2,707.69,40,367,United Kingdom,353.845,183.5,0.06976744186046512,198,83,locked_audit,b833f9ae8f18,1,1.146022656777671,0.07268520803766698,Established mid-value customers
1,311.92,11,200,United Kingdom,311.92,200.0,0.0,150,0,locked_audit,a401705b851a,3,0.4727252816140736,0.8820131467295589,Long-recency customers
5,2158.18,80,1147,United Kingdom,431.63599999999997,229.4,0.0,100,274,locked_audit,6baa916845c1,1,0.8284498862001415,0.853508898845166,Established mid-value customers
1,208.36,9,140,United Kingdom,208.36,140.0,0.0,219,0,locked_audit,518523a4ca32,3,0.21866951170852733,1.4996095849781965,Long-recency customers
3,811.23,128,876,United Kingdom,270.41,292.0,0.0,29,53,locked_audit,2966138fc1cb,1,0.6472700245710854,0.7536390933895645,Established mid-value customers
3,136.0,1,16,United Kingdom,45.333333333333336,5.333333333333333,0.25,74,210,locked_audit,94ae7d16ef08,2,1.49733524506057,0.18142921988777605,Recent occasional customers
1,223.95000000000002,13,141,United Kingdom,223.95000000000002,141.0,0.0,275,0,locked_audit,b35dc78521b6,3,0.29522375811122453,1.6234603891364787,Long-recency customers
4,1351.63,40,1164,United Kingdom,337.9075,291.0,0.0967741935483871,80,250,locked_audit,e0191e61e334,1,0.3851515201062901,1.2751948707856842,Established mid-value customers
6,2965.69,128,1396,United Kingdom,494.2816666666667,232.66666666666666,0.0,50,284,locked_audit,df2b18c12f54,1,1.0589768559509551,0.025281655464288955,Established mid-value customers
6,400.86,8,123,United Kingdom,66.81,20.5,0.0,5,326,locked_audit,5ecfd457ae45,0,1.610200567042061,0.3599204789609547,High-value frequent customers
1,777.6,4,576,United Kingdom,777.6,576.0,0.0,32,0,locked_audit,1f2cf4432eb5,2,0.8853400635741147,0.7614624214800627,Recent occasional customers
4,874.59,33,407,United Kingdom,218.6475,101.75,0.0,5,39,locked_audit,b46b135b9f51,0,1.1525498797063491,0.5529983018924798,High-value frequent customers
1,101.69999999999999,6,58,United Kingdom,101.69999999999999,58.0,0.0,31,0,locked_audit,43e0005a5d88,2,1.04015855072627,0.7513298711431866,Recent occasional customers
3,1046.57,129,558,United Kingdom,348.85666666666674,186.0,0.006369426751592357,187,179,locked_audit,e88bb5c55f06,1,0.8963422907960826,0.9075034903980786,Established mid-value customers
1,455.25,30,198,United Kingdom,455.25,198.0,0.0,191,0,locked_audit,8e26566de648,3,0.6225326498862471,0.9862354159473354,Long-recency customers
7,1244.59,68,915,United Kingdom,177.79857142857142,130.71428571428572,0.0,23,338,locked_audit,93124cf6a8fa,0,0.8238757023520493,0.32026795013932974,High-value frequent customers
3,1082.81,112,611,United Kingdom,360.93666666666667,203.66666666666666,0.022222222222222223,20,49,locked_audit,44454c9491c7,1,0.8719927787244618,0.380556344744471,Established mid-value customers
1,119.62,5,46,United Kingdom,119.62,46.0,0.0,54,0,locked_audit,d36bd1ff3c04,2,1.0043962621138829,0.3522699041886881,Recent occasional customers
7,3313.79,144,1890,United Kingdom,473.3985714285714,270.0,0.0,67,294,locked_audit,0f6715dec8b9,1,1.1848175653508344,0.11674361900859487,Established mid-value customers
2,281.85,11,111,United Kingdom,140.925,55.5,0.0,25,113,locked_audit,e42852220a64,2,0.6113951446824042,0.7985323588906372,Recent occasional customers
2,841.41,52,500,United Kingdom,420.70500000000004,250.0,0.017241379310344827,27,332,locked_audit,dbff1c6fa938,1,0.8912416390311378,0.16280550269322192,Established mid-value customers
5,614.66,14,362,United Kingdom,122.93199999999999,72.4,0.05263157894736842,16,277,locked_audit,7bc536f3af06,1,1.2150600784623555,0.06186050364417861,Established mid-value customers
1,451.44,28,416,United Kingdom,451.44,416.0,0.0,72,0,locked_audit,25855b7f0270,2,0.8524448709365348,0.28922989139624355,Recent occasional customers
1,360.16,83,335,United Kingdom,360.16,335.0,0.0,62,0,locked_audit,f6efe0d6873c,2,0.691198294527018,0.47853028627189087,Recent occasional customers
6,813.52,50,1145,United Kingdom,135.58666666666667,190.83333333333334,0.0,5,334,locked_audit,51672636f4f8,0,1.0641242626627545,0.7598233304723605,High-value frequent customers
1,242.7,29,133,United Kingdom,242.7,133.0,0.0,41,0,locked_audit,d4170f62f1eb,2,0.4736716257727367,0.9464084362613754,Recent occasional customers
1,151.85,5,91,United Kingdom,151.85,91.0,0.0,236,0,locked_audit,d76f67ddd72b,3,0.43833456257726316,1.4192187020525349,Long-recency customers
5,2647.59,79,1363,United Kingdom,529.518,272.6,0.010309278350515464,32,291,locked_audit,ae65e92c70a6,0,0.821462389449542,0.2016462459428675,High-value frequent customers
2,178.96,9,88,United Kingdom,89.47999999999999,44.0,0.0,4,257,locked_audit,ba2bf443e974,2,1.3920155734860626,0.9902435773125269,Recent occasional customers
1,333.08,23,164,United Kingdom,333.08,164.0,0.0,275,0,locked_audit,15388af12149,3,0.42907440351519566,1.4768380663782807,Long-recency customers
2,408.63,58,489,United Kingdom,204.315,244.5,0.0,74,23,locked_audit,542bf810df44,1,0.9479910987888946,0.015180851788491934,Established mid-value customers
6,2883.1,115,1138,United Kingdom,480.51666666666665,189.66666666666666,0.006535947712418301,18,217,locked_audit,f9e53986b790,0,0.3880839937715633,1.0003603189577184,High-value frequent customers
4,1154.47,66,927,United Kingdom,288.6175,231.75,0.041666666666666664,33,193,locked_audit,33419e10e695,1,0.6039848975261678,0.5829222381929337,Established mid-value customers
1,231.10000000000002,12,256,United Kingdom,231.10000000000002,256.0,0.0,106,0,locked_audit,13b3d4e06e0c,3,0.6773754522222372,0.40985923519832956,Long-recency customers
2,688.33,32,479,United Kingdom,344.165,239.5,0.02857142857142857,5,203,locked_audit,65b82b78ce5a,2,1.413376391114404,0.3854148701641258,Recent occasional customers
1,290.65999999999997,19,281,United Kingdom,290.65999999999997,281.0,0.09523809523809523,43,0,locked_audit,823fa6a54c96,2,0.46182731386728476,0.9362958200958342,Recent occasional customers
6,3789.52,208,2363,United Kingdom,631.5866666666667,393.8333333333333,0.0,18,314,locked_audit,04aff5d8b8f6,0,0.4162558742039342,1.0825790303628549,High-value frequent customers
1,123.24,8,40,United Kingdom,123.24,40.0,0.0,369,0,locked_audit,707c48966eb7,3,0.79617531062014,1.5309624880691572,Long-recency customers
6,306.71999999999997,9,318,United Kingdom,51.12,53.0,0.0,16,269,locked_audit,5319e7e7f8ba,1,1.5840354342309002,0.22608322818223447,Established mid-value customers
4,1592.1200000000001,75,636,United Kingdom,398.03,159.0,0.03260869565217391,34,304,locked_audit,20588d0d07d3,1,0.6633368810637209,0.4138517613309135,Established mid-value customers
6,1770.34,18,1407,United Kingdom,295.0566666666667,234.5,0.0,73,181,locked_audit,647c747e27a0,1,0.8063052719672866,0.6252656068197974,Established mid-value customers
2,422.59999999999997,12,330,United Kingdom,211.3,165.0,0.1875,76,7,locked_audit,d87c77bdf4bf,1,0.9281502946399048,0.059259837526903225,Established mid-value customers
2,225.57999999999998,10,138,United Kingdom,112.78999999999999,69.0,0.07692307692307693,73,129,locked_audit,e2a51a074cf5,2,0.9445045015687576,0.28693176166734813,Recent occasional customers
4,657.9000000000001,7,146,United Kingdom,164.47500000000002,36.5,0.0,136,113,locked_audit,5ad7151e5cd1,1,0.7639852009620697,1.1385507122209755,Established mid-value customers
3,531.35,108,249,United Kingdom,177.11666666666665,83.0,0.0,38,77,locked_audit,37bc7b831e62,1,0.6819204541396314,0.5604003490318333,Established mid-value customers
5,1651.03,18,833,United Kingdom,330.206,166.6,0.0,4,354,locked_audit,5d6bcec65a2b,0,0.7443307766138786,1.145219306313924,High-value frequent customers
1,301.71999999999997,19,642,United Kingdom,301.71999999999997,642.0,0.0,79,0,locked_audit,5029af4617b2,2,0.839747558790475,0.10335396842681188,Recent occasional customers
1,292.47,37,172,United Kingdom,292.47,172.0,0.0,263,0,locked_audit,13792fc57b25,3,0.3307420599064424,1.5301241588986372,Long-recency customers
13,4730.81,96,5001,United Kingdom,363.9084615384615,384.6923076923077,0.013157894736842105,18,351,locked_audit,bf96ab8a6aba,0,0.606940273886604,1.3056407105466534,High-value frequent customers
2,576.4,37,398,United Kingdom,288.2,199.0,0.0,92,16,locked_audit,b97aa1c9fc1b,1,0.7851602256097622,0.41905043229570993,Established mid-value customers
5,1358.74,121,945,United Kingdom,271.748,189.0,0.0,27,335,locked_audit,5b3d54b774cb,1,0.8706566243180806,0.045468397727094434,Established mid-value customers
1,256.32,41,167,United Kingdom,256.32,167.0,0.0,365,0,locked_audit,d9fe2e38a754,3,0.542092332319243,1.639577770333779,Long-recency customers
1,417.59999999999997,1,288,United Kingdom,417.59999999999997,288.0,0.0,54,0,locked_audit,5302fe007ea5,2,0.6532343024026269,0.6606169206574389,Recent occasional customers
1,3.75,1,3,United Kingdom,3.75,3.0,0.0,298,0,locked_audit,88b15c865731,3,4.222338961241255,0.618538094584979,Long-recency customers
1,464.9,1,1,United Kingdom,464.9,1.0,0.75,47,0,locked_audit,733a84d38b74,2,0.6347783138886807,0.8112923086752095,Recent occasional customers
7,2213.13,89,2035,United Kingdom,316.1614285714286,290.7142857142857,0.010416666666666666,30,329,locked_audit,e5e1e92e616e,0,0.7293833999912471,0.4341903689124229,High-value frequent customers
7,1291.91,198,798,United Kingdom,184.5585714285714,114.0,0.0,12,162,locked_audit,2e6153c653cc,0,0.6260761698330436,0.8369675832481586,High-value frequent customers
1,1764.72,24,1031,United Kingdom,1764.72,1031.0,0.0,31,0,locked_audit,67c32700d7a6,2,1.4749129834837538,0.21154805261294274,Recent occasional customers
1,2002.4,2,4280,United Kingdom,2002.4,4280.0,0.0,373,0,locked_audit,d226f9f039ab,3,1.8168388706690217,0.4279743223942958,Long-recency customers
1,106.83000000000001,7,81,United Kingdom,106.83000000000001,81.0,0.0,319,0,locked_audit,1fb37593cb48,3,0.8256870501563908,1.4195477655655124,Long-recency customers
5,757.1,116,456,United Kingdom,151.42000000000002,91.2,0.0070921985815602835,58,315,locked_audit,1842af78bb4b,1,0.5868119261210967,1.022328328666287,Established mid-value customers
1,171.59,23,171,United Kingdom,171.59,171.0,0.0,58,0,locked_audit,16f0d3730839,2,0.7918273769599038,0.39801836518030664,Recent occasional customers
1,305.62,18,186,United Kingdom,305.62,186.0,0.0,90,0,locked_audit,f2acd6bb5eb2,3,0.8448624034393105,0.09301815939767677,Long-recency customers
11,3349.57,172,2164,United Kingdom,304.50636363636363,196.72727272727272,0.010471204188481676,11,195,locked_audit,f51c3b53f883,0,0.3045538450561876,1.6002806410484811,High-value frequent customers
2,775.1800000000001,27,566,United Kingdom,387.59000000000003,283.0,0.0,39,147,locked_audit,9a5a582c6c9d,1,0.7334016755649566,0.28732160048039357,Established mid-value customers
6,1869.82,101,2250,United Kingdom,311.63666666666666,375.0,0.008547008547008548,37,251,locked_audit,e200428ffcaa,0,0.9281726899032802,0.005321723127399203,High-value frequent customers
1,214.32,11,135,United Kingdom,214.32,135.0,0.0,51,0,locked_audit,0d2466ec3761,2,0.6179654081766442,0.640516408283141,Recent occasional customers
1,281.42,14,182,United Kingdom,281.42,182.0,0.0,53,0,locked_audit,7de9c6d1f2bc,2,0.5732267601306268,0.6652421383233121,Recent occasional customers
3,342.45,17,271,United Kingdom,114.15000000000002,90.33333333333333,0.0,5,47,locked_audit,cbeea715d96e,2,1.5556415678456692,0.3480363297917881,Recent occasional customers
2,328.4,19,164,United Kingdom,164.2,82.0,0.0,24,20,locked_audit,3d5ed954d117,2,0.6224321225045929,0.7054093431991316,Recent occasional customers
1,432.0,1,600,United Kingdom,432.0,600.0,0.0,67,0,locked_audit,8a84c9a04c63,2,0.7914188581316236,0.38255891446883383,Recent occasional customers
1,192.32999999999998,35,156,United Kingdom,192.32999999999998,156.0,0.0,36,0,locked_audit,7a62c130c692,2,0.5495153117156042,0.9745273884086627,Recent occasional customers
5,742.43,166,265,United Kingdom,148.486,53.0,0.0,2,370,locked_audit,de1d54a024e4,0,1.3519525082029704,0.7970218526290076,High-value frequent customers
1,154.18,50,154,United Kingdom,154.18,154.0,0.0,62,0,locked_audit,f2868d4e5cdd,2,0.887337500421385,0.2797112088733986,Recent occasional customers
1,261.9,56,171,United Kingdom,261.9,171.0,0.0,26,0,locked_audit,bcf2c325371b,2,0.3927288735069045,1.3546141531023324,Recent occasional customers
6,1286.27,57,791,United Kingdom,214.37833333333333,131.83333333333334,0.01639344262295082,4,313,locked_audit,1e2f2888f2fe,0,0.8135224529007179,1.1062148023411231,High-value frequent customers
4,518.67,18,266,United Kingdom,129.6675,66.5,0.038461538461538464,185,189,locked_audit,58fb264c4299,1,1.0837774908396702,0.6921090787707034,Established mid-value customers
1,201.19,26,291,United Kingdom,201.19,291.0,0.0,227,0,locked_audit,78063c8b8278,3,0.2370889942370022,1.5194860135620463,Long-recency customers
3,650.41,42,816,United Kingdom,216.8033333333333,272.0,0.0,40,152,locked_audit,c811a6398142,1,0.534598766285667,0.7878784829075751,Established mid-value customers
1,344.33,39,166,United Kingdom,344.33,166.0,0.0,78,0,locked_audit,c17b80c4591e,2,0.8405749535890065,0.14579854443725693,Recent occasional customers
1,384.06,22,182,United Kingdom,384.06,182.0,0.0,61,0,locked_audit,bc473c7c0ab9,2,0.6964797578526022,0.5038708624188634,Recent occasional customers
7,1905.87,112,1335,United Kingdom,272.26714285714286,190.71428571428572,0.006944444444444444,13,357,locked_audit,35098519e5d3,0,0.36050879467705615,1.1245199749945203,High-value frequent customers
1,126.12,7,43,United Kingdom,126.12,43.0,0.0,6,0,locked_audit,bc0a69b4666c,2,1.2955387581894955,1.3944169487246383,Recent occasional customers
1,179.0,1,100,United Kingdom,179.0,100.0,0.0,219,0,locked_audit,ca86d7aa9f7f,3,0.305773958569003,1.4422923423158087,Long-recency customers
3,702.0,7,360,United Kingdom,234.0,120.0,0.0,289,37,locked_audit,4f7e19717c93,1,1.3444487902395794,0.2746409031876238,Established mid-value customers
3,1493.73,41,679,United Kingdom,497.91,226.33333333333334,0.02,86,205,locked_audit,23e3ad020fd1,1,0.3527128093438115,1.4767029673219687,Established mid-value customers
1,195.36,11,118,United Kingdom,195.36,118.0,0.08333333333333333,19,0,locked_audit,91dca3848116,2,0.5983216684564423,1.3626804775190904,Recent occasional customers
2,716.0,1,400,United Kingdom,358.0,200.0,0.0,111,126,locked_audit,3b08e2662941,1,0.7715912045412006,0.5941706424515378,Established mid-value customers
2,380.35,19,235,United Kingdom,190.175,117.5,0.0,12,143,locked_audit,e84c892d12d0,2,0.8662466594631384,0.6863765926020304,Recent occasional customers
3,1030.14,24,750,United Kingdom,343.37999999999994,250.0,0.0,87,273,locked_audit,a7bf047891ea,1,0.23061765107022927,1.5026441870612062,Established mid-value customers
2,433.53000000000003,27,229,United Kingdom,216.765,114.5,0.125,246,66,locked_audit,f3206829803a,3,0.9475111709524755,0.5172582673694917,Long-recency customers
1,449.73,15,181,United Kingdom,449.73,181.0,0.0,138,0,locked_audit,34c4f0ca0e81,3,0.7321880180412407,0.5994257369547024,Long-recency customers
3,1071.49,59,927,United Kingdom,357.16333333333336,309.0,0.014285714285714285,27,334,locked_audit,f4a50fad923f,1,0.6680635105770022,0.6707590019454105,Established mid-value customers
1,240.89000000000001,40,179,United Kingdom,240.89000000000001,179.0,0.0,195,0,locked_audit,9bbf96f8f5c1,3,0.22485087531956716,1.3701338739823172,Long-recency customers
4,533.33,52,418,United Kingdom,133.3325,104.5,0.014285714285714285,314,56,locked_audit,570bff39da3b,1,1.5152019700972297,0.29668660517083256,Established mid-value customers
3,841.0799999999999,17,295,United Kingdom,280.35999999999996,98.33333333333333,0.0,37,328,locked_audit,6d23d9cc6376,1,0.4729414151549382,0.954864270839846,Established mid-value customers
2,2747.9900000000002,146,1702,United Kingdom,1373.995,851.0,0.0,36,0,locked_audit,989609613718,1,1.0240123017753164,0.6327953813854961,Established mid-value customers
9,3827.76,119,1746,United Kingdom,425.3066666666667,194.0,0.015151515151515152,3,365,locked_audit,377eff1d675c,0,0.6628111031350277,1.7009980580137385,High-value frequent customers
1,25.5,1,2,United Kingdom,25.5,2.0,0.0,262,0,locked_audit,c5f55c67b64e,3,2.171753659853941,0.8362825677874928,Long-recency customers
1,157.02,10,154,United Kingdom,157.02,154.0,0.0,318,0,locked_audit,0c5050924db3,3,0.5425723465890473,1.5769101919537312,Long-recency customers
1,307.46,18,120,United Kingdom,307.46,120.0,0.0,234,0,locked_audit,92157005af1e,3,0.31924277641729193,1.4325958212051577,Long-recency customers
1,454.12,16,296,United Kingdom,454.12,296.0,0.0,248,0,locked_audit,61d489c43895,3,0.6192627470396852,1.2229566812450197,Long-recency customers
1,579.0,15,81,United Kingdom,579.0,81.0,0.0,240,0,locked_audit,0e8c43a457d0,3,0.8047203493041364,1.0582343329929564,Long-recency customers
2,984.57,42,483,United Kingdom,492.28499999999997,241.5,0.0,2,83,locked_audit,ef9ee6e2fba9,0,1.83127131490617,0.0308116225062276,High-value frequent customers
4,1714.59,68,882,United Kingdom,428.64750000000004,220.5,0.047058823529411764,23,289,locked_audit,1c7aa7adf335,0,0.870976295439571,0.03933375628900815,High-value frequent customers
3,1689.5,9,517,United Kingdom,563.1666666666666,172.33333333333334,0.125,195,69,locked_audit,aa23f489c8e2,1,1.004041093099516,1.0629746222472778,Established mid-value customers
1,329.34,23,490,United Kingdom,329.34,490.0,0.0,76,0,locked_audit,922bb58508c9,2,0.8166604341053542,0.1768477998437088,Recent occasional customers
3,711.79,56,290,United Kingdom,237.26333333333332,96.66666666666667,0.0,179,183,locked_audit,560b128131cd,1,0.9064078684041926,0.707715821128898,Established mid-value customers
2,239.92000000000002,23,241,United Kingdom,119.96000000000001,120.5,0.0,58,316,locked_audit,71d1c010044f,2,0.8062289032396313,0.5366054671623455,Recent occasional customers
7,1699.3000000000002,17,1254,United Kingdom,242.75714285714284,179.14285714285714,0.08571428571428572,36,141,locked_audit,40555583e8d9,0,0.9236469000312192,0.09458814322070574,High-value frequent customers
3,692.22,89,357,United Kingdom,230.74,119.0,0.0,24,348,locked_audit,ee747dcddb32,1,0.8141891608848882,0.5225915425466169,Established mid-value customers
8,2317.2200000000003,150,1323,United Kingdom,289.65250000000003,165.375,0.009389671361502348,27,343,locked_audit,94fba2e6bc56,0,0.6516330364093053,0.6423463339755728,High-value frequent customers
8,1906.09,140,1532,United Kingdom,238.26125000000002,191.5,0.0,16,357,locked_audit,f520e5cd7bb9,0,0.4321339565493101,1.021788596744579,High-value frequent customers
10,3124.72,292,1724,United Kingdom,312.472,172.4,0.009328358208955223,13,349,locked_audit,60ea61bce694,0,0.27141339940976683,1.507920142646598,High-value frequent customers
2,348.91,86,192,United Kingdom,174.45499999999998,96.0,0.0,117,70,locked_audit,242b455a772a,3,1.0197376648903365,0.13661218849095547,Long-recency customers
3,1685.46,79,1866,United Kingdom,561.82,622.0,0.0,131,169,locked_audit,74ab24486196,1,0.6824023983362705,1.4319145516313307,Established mid-value customers
2,513.01,92,397,United Kingdom,256.505,198.5,0.0,4,13,locked_audit,6a0058ce704e,2,1.398835278822786,0.5547424703973209,Recent occasional customers
3,547.0,53,293,United Kingdom,182.33333333333334,97.66666666666667,0.0,29,36,locked_audit,c07ce921c8c7,1,0.8013039165028258,0.4368276658785405,Established mid-value customers
1,163.24,59,137,United Kingdom,163.24,137.0,0.0,22,0,locked_audit,7b76d38c8395,2,0.6750919808696816,1.2098458340228404,Recent occasional customers
1,250.04,53,144,United Kingdom,250.04,144.0,0.0,362,0,locked_audit,99529e019f4f,3,0.5314104343986565,1.6434525140341847,Long-recency customers
19,8631.31,13,11491,United Kingdom,454.2794736842105,604.7894736842105,0.043478260869565216,11,343,locked_audit,fa0ee611337c,0,0.9100823378008126,1.5089285916061073,High-value frequent customers
3,644.3,11,372,United Kingdom,214.76666666666665,124.0,0.0,139,21,locked_audit,38f7b72ae052,1,0.7336117042656559,0.8780082269284734,Established mid-value customers
1,2328.84,24,1402,United Kingdom,2328.84,1402.0,0.14285714285714285,32,0,locked_audit,8690fd184111,2,1.670639292361844,0.066871542861479,Recent occasional customers
1,96.8,6,60,United Kingdom,96.8,60.0,0.0,281,0,locked_audit,f6caf88c12a1,3,0.8660886146784752,1.3108623851816068,Long-recency customers
2,523.11,29,142,United Kingdom,261.555,71.0,0.0,15,301,locked_audit,7de9be66de5b,2,0.8909375767876931,0.42763186914843543,Recent occasional customers
11,12353.29,229,5967,United Kingdom,1123.0263636363636,542.4545454545455,0.04009433962264151,30,337,locked_audit,a89378913fd6,0,1.1860918579281396,0.9557060356205909,High-value frequent customers
1,157.62,31,65,United Kingdom,157.62,65.0,0.0,47,0,locked_audit,ceac63858887,2,0.7550676124720196,0.6089875054585742,Recent occasional customers
1,228.96,1,216,United Kingdom,228.96,216.0,0.0,87,0,locked_audit,8aedb9c9bd8d,3,0.8378245127754819,0.10093726086067178,Long-recency customers
1,98.25,8,102,United Kingdom,98.25,102.0,0.0,180,0,locked_audit,5af83a7a782e,3,0.8381185820836913,0.9784301252070159,Long-recency customers
4,1281.32,66,770,United Kingdom,320.33,192.5,0.014084507042253521,9,43,locked_audit,59c3c4a324fc,0,0.8538234899244135,0.5485258680793916,High-value frequent customers
1,178.22,19,166,United Kingdom,178.22,166.0,0.0,312,0,locked_audit,222ed03d9532,3,0.4608876937252711,1.6126703640163251,Long-recency customers
3,488.2,26,157,United Kingdom,162.73333333333332,52.333333333333336,0.0,50,242,locked_audit,ddd4f28fa009,1,0.6429208875022658,0.6212520695511801,Established mid-value customers
11,4462.68,288,2692,United Kingdom,405.69818181818187,244.72727272727272,0.007334963325183374,1,331,locked_audit,ca4cc105586a,0,1.0712824096264864,1.6949664623724814,High-value frequent customers
8,4767.36,278,4749,United Kingdom,595.92,593.625,0.0,13,320,locked_audit,3e8bb8058084,0,0.3467031408468265,1.4926872504517754,High-value frequent customers
1,167.55,33,149,United Kingdom,167.55,149.0,0.0,239,0,locked_audit,a8c714baf4af,3,0.36401806489131017,1.4778601634974962,Long-recency customers
8,1878.87,93,1377,United Kingdom,234.85875,172.125,0.13709677419354838,24,314,locked_audit,b8c25bfdab28,0,0.6407109855275426,0.6368289662715914,High-value frequent customers
3,418.4,83,151,United Kingdom,139.46666666666667,50.333333333333336,0.0,18,344,locked_audit,9a5e0ef3f7ee,1,1.1923635834792414,0.016651009429166086,Established mid-value customers
2,203.2,23,86,United Kingdom,101.6,43.0,0.0,71,241,locked_audit,24f0b9d278be,2,0.9563988991896265,0.2980900984983893,Recent occasional customers
29,20275.61,40,25649,United Kingdom,699.1589655172414,884.448275862069,0.00909090909090909,9,364,locked_audit,783357a3b26a,0,1.426463934855163,1.4806150727124576,High-value frequent customers
4,1259.56,13,1068,United Kingdom,314.89,267.0,0.0,78,210,locked_audit,adee90cb980c,1,0.35186209841648064,1.3101970877127462,Established mid-value customers
2,508.8,2,480,United Kingdom,254.4,240.0,0.0,164,1,locked_audit,8a51945815b7,3,1.0565307812471143,0.06133527238892267,Long-recency customers
2,417.27,53,277,United Kingdom,208.635,138.5,0.0,307,52,locked_audit,f6b36fd39c9c,3,0.9789584168326373,0.6740745223095617,Long-recency customers
2,681.41,88,250,United Kingdom,340.705,125.0,0.0,23,0,locked_audit,2b704d51adfc,2,0.9350483998381315,0.0831644803244761,Recent occasional customers
1,263.92,32,111,United Kingdom,263.92,111.0,0.0,37,0,locked_audit,9b2e63d6b073,2,0.41638483478488447,1.082412521237608,Recent occasional customers
3,1031.41,77,726,United Kingdom,343.80333333333334,242.0,0.1276595744680851,2,149,locked_audit,49430a5800f0,0,1.4370813969936482,0.6312216384702412,High-value frequent customers
7,1258.06,48,738,United Kingdom,179.72285714285712,105.42857142857143,0.0,3,370,locked_audit,1b024f3fe561,0,0.8928956733534712,1.1936438636725202,High-value frequent customers
1,507.84,14,114,United Kingdom,507.84,114.0,0.0,80,0,locked_audit,00169ac8e162,2,0.964518724229432,0.16046169999422166,Recent occasional customers
6,1979.37,93,2253,United Kingdom,329.895,375.5,0.13333333333333333,17,280,locked_audit,91d0e51894bd,0,0.46534202561181504,0.8264808101562542,High-value frequent customers
2,759.17,42,407,United Kingdom,379.58500000000004,203.5,0.0,20,41,locked_audit,d7f50f0df015,2,1.0210725990929506,0.04725543296864321,Recent occasional customers
3,524.9200000000001,36,624,United Kingdom,174.97333333333336,208.0,0.07142857142857142,129,90,locked_audit,86fa13d01314,1,0.7835166822404892,0.7643509645933612,Established mid-value customers
1,403.3,41,292,United Kingdom,403.3,292.0,0.0,314,0,locked_audit,6ed98c1d178c,3,0.621326230145936,1.4264923715086786,Long-recency customers
1,303.15999999999997,53,185,United Kingdom,303.15999999999997,185.0,0.0,89,0,locked_audit,120188296c7c,3,0.8515940802393042,0.07755499181568593,Long-recency customers
6,2248.56,96,1496,United Kingdom,374.76,249.33333333333334,0.03571428571428571,37,254,locked_audit,df1e5cd4e7a4,0,0.8874797810979251,0.11581727511367701,High-value frequent customers
3,2940.04,132,2119,Canada,980.0133333333333,706.3333333333334,0.0,148,25,locked_audit,f4fab16da9f0,1,1.0254375829302527,1.1443439665959665,Established mid-value customers
2,541.53,33,443,United Kingdom,270.765,221.5,0.0,41,31,locked_audit,075ec0ba0d41,2,0.8241592237044826,0.027800520009489293,Recent occasional customers
4,517.53,57,243,United Kingdom,129.3825,60.75,0.0,193,167,locked_audit,d71261de990f,1,1.116784177382935,0.6554121678703291,Established mid-value customers
5,1737.7,14,826,United Kingdom,347.54,165.2,0.0,127,213,locked_audit,2d4ad53b450d,1,0.8501348968622994,1.0579131285963226,Established mid-value customers
3,735.82,104,770,United Kingdom,245.27333333333334,256.6666666666667,0.0,23,7,locked_audit,6e81619a264b,1,0.8235771489024515,0.5430331305747456,Established mid-value customers
5,1875.86,162,1086,United Kingdom,375.172,217.2,0.018867924528301886,17,297,locked_audit,18a1961fe91c,0,0.5752042470966884,0.617408545896376,High-value frequent customers
5,1125.07,67,1675,United Kingdom,225.01399999999998,335.0,0.0,45,323,locked_audit,8c3e16513206,1,0.6030684657433021,0.6707788909146712,Established mid-value customers
3,697.54,142,455,United Kingdom,232.51333333333332,151.66666666666666,0.0,192,108,locked_audit,bb3dab4da8b6,1,0.9725515475608238,0.6260031666060867,Established mid-value customers
1,194.37,14,178,United Kingdom,194.37,178.0,0.0,80,0,locked_audit,34110a3fd1c5,3,0.919232829700967,0.007033894146778241,Long-recency customers
3,1138.0,3,17,United Kingdom,379.3333333333333,5.666666666666667,0.0,18,12,locked_audit,8b5272d3610d,1,0.9431519147591184,0.26524239908664315,Established mid-value customers
1,387.31,22,289,Greece,387.31,289.0,0.0,281,0,locked_audit,53646071933c,3,0.5392126413674808,1.3983613916824176,Long-recency customers
31,91062.38,453,64549,United Kingdom,2937.496129032258,2082.2258064516127,0.1050185873605948,3,371,locked_audit,ae0bfc9ee605,0,2.2529944653204357,1.5164046558955273,High-value frequent customers
10,2924.9900000000002,61,2753,United Kingdom,292.49899999999997,275.3,0.009433962264150943,29,273,locked_audit,da1fb0208d58,0,0.7090327719479945,0.761252343381505,High-value frequent customers
1,208.65,40,135,United Kingdom,208.65,135.0,0.0,129,0,locked_audit,8b0ac8a4e048,3,0.5262724911850718,0.7377118704184367,Long-recency customers
5,764.88,113,414,United Kingdom,152.97599999999997,82.8,0.0,16,270,locked_audit,24ecc61a4f86,0,1.1138028968637719,0.05299469767451881,High-value frequent customers
8,3628.5,183,2138,United Kingdom,453.5625,267.25,0.026923076923076925,2,70,locked_audit,25df0255bd81,0,0.7948116351944932,1.6502169958798145,High-value frequent customers
1,170.75,24,134,United Kingdom,170.75,134.0,0.0,270,0,locked_audit,fa6b2a1c1b2b,3,0.39488657099346913,1.5530005882971518,Long-recency customers
1,1487.6,2,1048,United Kingdom,1487.6,1048.0,0.0,130,0,locked_audit,23b247395d0c,3,1.5954410751150536,0.06569100602553268,Long-recency customers
2,480.31,101,348,United Kingdom,240.155,174.0,0.0,20,315,locked_audit,d5fb7a263dc2,2,0.7734969958083101,0.43575006295678176,Recent occasional customers
1,157.9,6,101,United Kingdom,157.9,101.0,0.0,206,0,locked_audit,2054baae8b96,3,0.4045257224391525,1.3232220043255005,Long-recency customers
1,165.12,44,144,United Kingdom,165.12,144.0,0.0,20,0,locked_audit,7fb653125360,2,0.6886163541672385,1.2571268495644883,Recent occasional customers
7,1122.38,48,817,United Kingdom,160.34,116.71428571428571,0.015625,15,159,locked_audit,bde06b45d0e7,0,0.7615335783238084,0.5825373588837406,High-value frequent customers
2,869.77,113,497,United Kingdom,434.885,248.5,0.0,9,17,locked_audit,4fd8142ec35f,2,1.312951880340434,0.17029213429499257,Recent occasional customers
19,3564.83,245,1967,United Kingdom,187.62263157894736,103.52631578947368,0.014705882352941176,9,357,locked_audit,790a9b8eab41,0,0.6030251532924752,1.582253513985993,High-value frequent customers
3,448.90000000000003,46,258,United Kingdom,149.63333333333333,86.0,0.038461538461538464,5,175,locked_audit,2f4dc1914299,2,1.590729348764244,0.1719380698493771,Recent occasional customers
3,1240.2,19,676,United Kingdom,413.40000000000003,225.33333333333334,0.0,101,132,locked_audit,2295093c5d91,1,0.37886753895026826,1.5022961592640902,Established mid-value customers
4,2404.17,172,1631,United Kingdom,601.0425,407.75,0.0,61,180,locked_audit,bf5b2dcdbc78,1,0.68817432924172,0.6758070112434515,Established mid-value customers
3,1468.02,162,822,United Kingdom,489.34,274.0,0.0,3,38,locked_audit,43b29cf654f5,0,1.2209991752145597,0.7066306813300292,High-value frequent customers
2,993.18,42,550,United Kingdom,496.59,275.0,0.0,86,169,locked_audit,9655f745a543,1,0.6095600293838357,0.8143356511098987,Established mid-value customers
1,2044.3700000000001,55,1176,United Kingdom,2044.3700000000001,1176.0,0.0,214,0,locked_audit,3a3d6dca92b7,3,1.7558104570715258,0.15697987698243954,Long-recency customers
1,386.32,97,235,United Kingdom,386.32,235.0,0.0,58,0,locked_audit,991fd4463a8c,2,0.6675302601255237,0.571037553090723,Recent occasional customers
1,81.44,4,60,United Kingdom,81.44,60.0,0.0,60,0,locked_audit,cc69d688adfd,2,1.3516768041600977,0.1426589308463937,Recent occasional customers
4,2020.4,223,1180,United Kingdom,505.1,295.0,0.0,19,239,locked_audit,5b8673d6cb8d,0,0.7494300205200117,0.3219292257948094,High-value frequent customers
8,1814.12,106,1629,United Kingdom,226.765,203.625,0.008064516129032258,6,354,locked_audit,009f70ee7dfe,0,0.4765358322723408,1.409762480462168,High-value frequent customers
1,285.56,20,182,United Kingdom,285.56,182.0,0.16666666666666666,20,0,locked_audit,50889814f49c,2,0.4536993024101978,1.4758135094043938,Recent occasional customers
1,133.06,7,30,United Kingdom,133.06,30.0,0.0,66,0,locked_audit,6cf66734cf7a,2,1.0113426780834294,0.16189039779637326,Recent occasional customers
4,1797.5,81,487,United Kingdom,449.375,121.75,0.010869565217391304,61,189,locked_audit,0c4dbd41b2e9,1,0.5066801304060143,0.8978838842185067,Established mid-value customers
1,117.55,22,41,United Kingdom,117.55,41.0,0.0,278,0,locked_audit,37fa1b51541e,3,0.6932469115032627,1.3942521625639832,Long-recency customers
7,2638.94,66,1116,United Kingdom,376.99142857142857,159.42857142857142,0.021505376344086023,11,356,locked_audit,e5150becb130,0,0.11100742357136453,1.536037797902159,High-value frequent customers
12,2999.46,127,1525,United Kingdom,249.955,127.08333333333333,0.018633540372670808,18,355,locked_audit,a54561b45b69,0,0.49090836690564993,1.2300067935995218,High-value frequent customers
6,1371.18,49,922,United Kingdom,228.53,153.66666666666666,0.01282051282051282,5,362,locked_audit,c64d33154dc3,0,0.7140193193652826,1.1120777128776467,High-value frequent customers
1,239.41,15,145,United Kingdom,239.41,145.0,0.0,44,0,locked_audit,2e87bb475a5c,2,0.5069976592252448,0.8605444956791215,Recent occasional customers
4,740.9399999999999,34,672,United Kingdom,185.23499999999999,168.0,0.02127659574468085,128,232,locked_audit,d12eda8993a0,1,0.6798360319685638,1.2810161553974408,Established mid-value customers
1,283.12,15,184,United Kingdom,283.12,184.0,0.0,142,0,locked_audit,bc64fea0db3f,3,0.47275338183326715,0.8348387010372254,Long-recency customers
2,765.34,30,779,United Kingdom,382.67,389.5,0.0,132,40,locked_audit,3da42165f534,1,0.8482571709633147,0.49637815057718226,Established mid-value customers
4,2534.64,116,1266,United Kingdom,633.6600000000001,316.5,0.0273972602739726,17,265,locked_audit,2b7e18fd1943,0,0.6667910314194399,0.5463186751710869,High-value frequent customers
4,1824.37,58,1353,United Kingdom,456.0925,338.25,0.075,31,176,locked_audit,86fe4a8df8fe,1,0.7652618420503738,0.223855713092455,Established mid-value customers
3,798.74,47,590,United Kingdom,266.24666666666667,196.66666666666666,0.0,36,103,locked_audit,5d20faa0eec9,1,0.5067892173948202,0.8944898160929117,Established mid-value customers
9,1823.52,63,963,United Kingdom,202.61333333333334,107.0,0.046296296296296294,4,298,locked_audit,ccc35e2f0719,0,0.6340860351568667,1.4641902245514693,High-value frequent customers
1,137.45,7,17,United Kingdom,137.45,17.0,0.0,170,0,locked_audit,4f06e1f8e255,3,0.5663885362259881,1.0501437079746125,Long-recency customers
1,153.0,10,92,United Kingdom,153.0,92.0,0.0,321,0,locked_audit,2509d4f67b6f,3,0.5645159000955,1.5702276766748366,Long-recency customers
11,3439.08,115,2162,United Kingdom,312.64363636363635,196.54545454545453,0.030303030303030304,17,251,locked_audit,23f18ee64466,0,0.4356003944863227,1.3138236856568222,High-value frequent customers
13,5298.4800000000005,127,3576,United Kingdom,407.5753846153847,275.0769230769231,0.00909090909090909,4,323,locked_audit,efbe07532871,0,0.7388862111574799,1.7350753241697578,High-value frequent customers
1,303.97,18,93,United Kingdom,303.97,93.0,0.0,373,0,locked_audit,a85ea8855f5d,3,0.603086234449581,1.5967006570007305,Long-recency customers
4,1879.05,89,1029,United Kingdom,469.7625,257.25,0.020202020202020204,20,263,locked_audit,9839f7e25871,0,0.7884907390044454,0.23041224581939102,High-value frequent customers
5,1664.65,82,1816,United Kingdom,332.93,363.2,0.011111111111111112,1,260,locked_audit,f9fa62326e8c,0,1.1374250267563795,1.2298492820286142,High-value frequent customers
8,3408.2000000000003,310,2054,United Kingdom,426.025,256.75,0.0,20,231,locked_audit,5d7e35d402fb,0,0.42928675426321766,1.114538418256562,High-value frequent customers
1,712.78,19,398,United Kingdom,712.78,398.0,0.0,33,0,locked_audit,288fb5ca7d98,2,0.8250011487161034,0.8256242798692003,Recent occasional customers
2,245.81,51,287,United Kingdom,122.905,143.5,0.0,57,267,locked_audit,bc447f9d1f5d,2,0.7931144355048934,0.5315090846612633,Recent occasional customers
1,56.4,3,72,United Kingdom,56.4,72.0,0.0,255,0,locked_audit,047861399644,3,1.3604849522680427,1.038117585831467,Long-recency customers
3,647.56,141,501,United Kingdom,215.85333333333332,167.0,0.0,25,76,locked_audit,fdd351a247fa,1,0.8117676738693931,0.49463149326238187,Established mid-value customers
3,650.32,73,396,United Kingdom,216.7733333333333,132.0,0.024096385542168676,22,122,locked_audit,a5b6ffc6ed2f,1,0.888430257292261,0.4300069186640195,Established mid-value customers
2,283.47,67,354,United Kingdom,141.735,177.0,0.0,73,175,locked_audit,e800a156f476,2,0.9148996945341654,0.29603381843558796,Recent occasional customers
4,1817.54,94,896,United Kingdom,454.385,224.0,0.0,153,219,locked_audit,2d3e988f841f,1,0.8764177739007418,1.2358846047197578,Established mid-value customers
10,3039.17,280,1753,United Kingdom,303.91700000000003,175.3,0.0049261083743842365,23,339,locked_audit,e0c5747f0be1,0,0.5594331208287298,0.9982663613455209,High-value frequent customers
4,36.56,16,30,United Kingdom,9.14,7.5,0.0,37,329,locked_audit,0086bee70284,2,2.472077973665816,0.36031565959619005,Recent occasional customers
5,1987.33,190,1240,United Kingdom,397.466,248.0,0.0,6,359,locked_audit,77af0dc29018,0,0.5446805680063631,1.1915182172975105,High-value frequent customers
3,398.7,18,92,United Kingdom,132.9,30.666666666666668,0.0,2,287,locked_audit,fb787f02879a,2,1.8605119295840522,0.10588864450050006,Recent occasional customers
1,318.15,50,257,United Kingdom,318.15,257.0,0.0,43,0,locked_audit,0ec503425335,2,0.46596575412292585,0.9452218602804427,Recent occasional customers
124,40519.84,1323,22834,United Kingdom,326.77290322580643,184.1451612903226,0.017409114183307733,2,372,locked_audit,a3671b2b0783,0,2.0651730960148784,1.6249690547015594,High-value frequent customers
4,605.8000000000001,14,114,United Kingdom,151.45,28.5,0.0,219,115,locked_audit,89218d62bff2,1,1.162901430121086,0.6591168166068071,Established mid-value customers
6,3160.0,110,2638,United Kingdom,526.6666666666666,439.6666666666667,0.0,60,310,locked_audit,8fed8f15bdd1,1,1.0725518211327114,0.15191692300178894,Established mid-value customers
1,329.65,9,174,United Kingdom,329.65,174.0,0.1,143,0,locked_audit,c437b2f898ef,3,0.5304778366092525,0.7859288238252912,Long-recency customers
12,1865.89,214,1351,United Kingdom,155.49083333333334,112.58333333333333,0.0036900369003690036,3,364,locked_audit,add8d3234e16,0,0.7928831279385609,1.5119768980081751,High-value frequent customers
1,178.51999999999998,6,45,United Kingdom,178.51999999999998,45.0,0.0,174,0,locked_audit,0c07a378fa9a,3,0.37339275433021635,1.175997703124196,Long-recency customers
4,695.0699999999999,107,817,United Kingdom,173.76749999999998,204.25,0.0,4,368,locked_audit,f83c725ecadb,0,1.338041941779531,0.49490189863005085,High-value frequent customers
1,203.85999999999999,34,393,United Kingdom,203.85999999999999,393.0,0.0,163,0,locked_audit,d924c97e5258,3,0.35413781451278603,1.1090197556670307,Long-recency customers
1,110.38,19,24,United Kingdom,110.38,24.0,0.0,30,0,locked_audit,cebbdbd5cbdc,2,0.9671201216912803,0.8139963548650248,Recent occasional customers
4,798.99,33,406,United Kingdom,199.7475,101.5,0.0,72,302,locked_audit,030bc93c7b38,1,0.3619372639362285,1.4142340688481418,Established mid-value customers
3,335.03,77,184,United Kingdom,111.67666666666666,61.333333333333336,0.0,46,317,locked_audit,e903658dc94f,1,0.9637712007508915,0.21227161968344854,Established mid-value customers
17,4119.5,407,2473,United Kingdom,242.3235294117647,145.47058823529412,0.0,5,369,locked_audit,108a9fc63d30,0,0.6953580451630715,1.705587457980529,High-value frequent customers
4,820.23,114,425,United Kingdom,205.0575,106.25,0.0,65,202,locked_audit,4ada85978838,1,0.34341088964050737,1.3590575817072477,Established mid-value customers
7,2962.5,26,1160,United Kingdom,423.2142857142857,165.71428571428572,0.18421052631578946,12,362,locked_audit,66a1041f133d,0,0.10046242284200702,1.5438594118361149,High-value frequent customers
2,397.29,17,306,United Kingdom,198.645,153.0,0.0,134,70,locked_audit,c6581223dd73,3,1.0052296090846429,0.12638097890467015,Long-recency customers
2,408.36,63,249,United Kingdom,204.18,124.5,0.0,135,121,locked_audit,8bacfa2c8d6f,3,1.013262650454014,0.10608224651845899,Long-recency customers
1,380.13,68,257,United Kingdom,380.13,257.0,0.0,6,0,locked_audit,58b8f742b374,2,1.0651819732645966,1.286679204724767,Recent occasional customers
10,4020.04,6,9323,United Kingdom,402.004,932.3,0.18181818181818182,50,253,locked_audit,4ff2ce220cbb,0,1.1123167446409317,0.37396879430108454,High-value frequent customers
1,358.56000000000006,1,144,United Kingdom,358.56000000000006,144.0,0.0,148,0,locked_audit,69854d419de8,3,0.5545755261960303,0.7980760144337202,Long-recency customers
4,557.3,14,273,United Kingdom,139.325,68.25,0.0,199,21,locked_audit,d4e0eb5a7c51,1,1.1120108459701992,0.6828884219289635,Established mid-value customers
14,2599.19,274,1532,United Kingdom,185.65642857142856,109.42857142857143,0.0,38,332,locked_audit,d87a8dc3c50e,0,0.9743243856629439,0.5531833840546015,High-value frequent customers
3,703.99,143,500,United Kingdom,234.66333333333333,166.66666666666666,0.0,25,195,locked_audit,bcc76d4b2714,1,0.7831780020910136,0.5581930253907171,Established mid-value customers
1,321.79,56,93,United Kingdom,321.79,93.0,0.0,373,0,locked_audit,05b7ecb3f399,3,0.6238446502470822,1.5770342699103856,Long-recency customers
1,20.8,1,10,United Kingdom,20.8,10.0,0.0,57,0,locked_audit,c99fd853c111,3,2.6458232672897912,0.00911616159040296,Long-recency customers
1,198.57,13,261,United Kingdom,198.57,261.0,0.0,186,0,locked_audit,62a9a218c981,3,0.2842991993904477,1.297759241656808,Long-recency customers
7,201.12,37,43,United Kingdom,28.731428571428573,6.142857142857143,0.02564102564102564,12,315,locked_audit,ed163d68d2f8,1,1.997192793954924,0.11199701104971771,Established mid-value customers
3,630.84,27,414,United Kingdom,210.28,138.0,0.0,237,125,locked_audit,af60988a8a5a,1,1.1852669062720715,0.3649598099806688,Established mid-value customers
4,674.89,63,495,United Kingdom,168.7225,123.75,0.036585365853658534,122,169,locked_audit,3550f75d7747,1,0.6802028919173219,1.2556191424510992,Established mid-value customers
1,76.1,2,133,United Kingdom,76.1,133.0,0.0,282,0,locked_audit,0daed053dd6c,3,1.0876374435751297,1.2104557186514444,Long-recency customers
9,2116.19,24,1581,United Kingdom,235.13222222222223,175.66666666666666,0.0,71,248,locked_audit,a6dbb30d9b82,1,1.1546942015233466,0.224141411481674,Established mid-value customers
1,174.8,14,60,United Kingdom,174.8,60.0,0.0,257,0,locked_audit,046db89c0927,3,0.3572903361333458,1.5401408669819476,Long-recency customers
2,389.78,21,184,United Kingdom,194.89,92.0,0.045454545454545456,153,0,locked_audit,15f6d4b2fee1,3,0.9511824759044553,0.257068508844548,Long-recency customers
1,115.31,21,78,United Kingdom,115.31,78.0,0.0,99,0,locked_audit,903a4ee2f25e,3,0.974770562938464,0.3480824518085395,Long-recency customers
1,73.5,5,42,United Kingdom,73.5,42.0,0.0,335,0,locked_audit,db5fee47d4e1,3,1.168814800724099,1.2882512114165519,Long-recency customers
6,70.02,19,20,United Kingdom,11.67,3.3333333333333335,0.0,155,208,locked_audit,039f01d9155d,3,2.3473831342326656,0.22037744817723937,Long-recency customers
2,357.20000000000005,18,148,United Kingdom,178.6,74.0,0.0,20,226,locked_audit,5f365063f687,2,0.6746438968787196,0.6788425987941964,Recent occasional customers
3,529.29,106,265,United Kingdom,176.43000000000004,88.33333333333333,0.0,25,342,locked_audit,8f46b2b94c95,1,0.8991651364511544,0.3329570309767633,Established mid-value customers
14,2392.83,110,1027,United Kingdom,170.91642857142855,73.35714285714286,0.007246376811594203,6,359,locked_audit,c0a985f36cb0,0,0.5535305946188479,1.5880859791583752,High-value frequent customers
1,101.69999999999999,1,6,United Kingdom,101.69999999999999,6.0,0.0,290,0,locked_audit,2fe8c3649b98,3,0.8316146487013302,1.3505797938753088,Long-recency customers
5,2009.24,334,1296,United Kingdom,401.848,259.2,0.004357298474945534,27,301,locked_audit,5f774ab59a69,0,0.766595958374518,0.21274224904215355,High-value frequent customers
1,247.44,18,288,United Kingdom,247.44,288.0,0.5,186,0,locked_audit,6659cd205ea9,3,0.2526051899694351,1.2977255558295389,Long-recency customers
2,336.13,27,145,United Kingdom,168.065,72.5,0.0,218,42,locked_audit,5bb06a9e4a09,3,0.8369090804912959,0.661264098817021,Long-recency customers
3,343.45,14,195,United Kingdom,114.48333333333335,65.0,0.0,37,97,locked_audit,42d7881181d4,1,1.0033982239063117,0.14022740557329683,Established mid-value customers
6,2662.4,65,1662,United Kingdom,443.73333333333335,277.0,0.009345794392523364,8,347,locked_audit,d221cfc77c85,0,0.2409697362467628,1.492948404933861,High-value frequent customers
1,754.64,38,362,United Kingdom,754.64,362.0,0.0,38,0,locked_audit,442797426c76,2,0.881511773090375,0.7317651570963577,Recent occasional customers
1,271.0,17,84,United Kingdom,271.0,84.0,0.10526315789473684,255,0,locked_audit,a551e46ab623,3,0.27847865561475244,1.5548228272791262,Long-recency customers
26,8004.92,119,4230,United Kingdom,307.88153846153847,162.69230769230768,0.022172949002217297,2,368,locked_audit,4d9e004116a9,0,1.2399090641548396,1.7293957825863275,High-value frequent customers
26,5625.08,424,2865,United Kingdom,216.34923076923076,110.1923076923077,0.003943217665615142,11,359,locked_audit,20c3dbb7381d,0,0.8277169783363515,1.5162658670977778,High-value frequent customers
1,180.7,29,124,United Kingdom,180.7,124.0,0.0,368,0,locked_audit,236f85900cd3,3,0.5883639931654747,1.641071346009446,Long-recency customers
6,1793.06,239,1225,United Kingdom,298.8433333333333,204.16666666666666,0.0,9,142,locked_audit,a4899c2f6f78,0,0.4189231136535475,1.1648343051631747,High-value frequent customers
1,112.55000000000001,13,48,United Kingdom,112.55000000000001,48.0,0.0,244,0,locked_audit,1cdc96bb9c6f,3,0.7012421653517096,1.2918064255101516,Long-recency customers
1,152.65,8,38,United Kingdom,152.65,38.0,0.0,296,0,locked_audit,dea98855194f,3,0.5172780596831777,1.5427940746773423,Long-recency customers
3,371.62,19,266,United Kingdom,123.87333333333333,88.66666666666667,0.10714285714285714,76,216,locked_audit,066c9ae8aec0,1,0.8420800877315141,0.5086169098101566,Established mid-value customers
1,530.15,23,139,United Kingdom,530.15,139.0,0.0,302,0,locked_audit,0dac66975dfd,3,0.7932726687611249,1.2597157864046118,Long-recency customers
5,1618.69,49,812,United Kingdom,323.738,162.4,0.012345679012345678,16,304,locked_audit,c53ebed4de06,0,0.6276544391026448,0.5621496863682791,High-value frequent customers
1,399.65000000000003,24,184,United Kingdom,399.65000000000003,184.0,0.04,38,0,locked_audit,c5ea1cb67ec3,2,0.48697982950741786,1.060806163853456,Recent occasional customers
20,7561.68,100,3184,United Kingdom,378.084,159.2,0.04060913705583756,15,275,locked_audit,649c23c8a80f,0,0.8926678292331937,1.3963014863594698,High-value frequent customers
6,1340.8700000000001,53,709,United Kingdom,223.47833333333335,118.16666666666667,0.013513513513513514,32,224,locked_audit,c3cdee5cc399,1,0.9049474018807191,0.056804227971905985,Established mid-value customers
6,1793.17,86,1360,United Kingdom,298.8616666666667,226.66666666666666,0.0,10,327,locked_audit,9e244822fff8,0,0.41208169928865385,1.119805874130176,High-value frequent customers
6,1843.75,108,1721,United Kingdom,307.2916666666667,286.8333333333333,0.0,5,138,locked_audit,1e677ff7279e,0,0.5535830006750337,1.3105994696449323,High-value frequent customers
1,49.8,1,60,United Kingdom,49.8,60.0,0.0,16,0,locked_audit,cfbad8b72632,2,1.761766224376946,0.769787854133618,Recent occasional customers
1,207.79999999999998,7,140,United Kingdom,207.79999999999998,140.0,0.0,262,0,locked_audit,b542b5a639bb,3,0.27903806640895634,1.6040211782897047,Long-recency customers
10,2069.77,58,885,United Kingdom,206.977,88.5,0.008695652173913044,3,366,locked_audit,a314f0be04c3,0,0.717518535361143,1.5439916360897956,High-value frequent customers
1,158.95000000000002,10,69,United Kingdom,158.95000000000002,69.0,0.0,264,0,locked_audit,b8407dfc1067,3,0.4340896354981181,1.5108465065680405,Long-recency customers
1,93.75,5,21,United Kingdom,93.75,21.0,0.0,218,0,locked_audit,61fb6022cf8e,3,0.8621661241889907,1.1241387371679568,Long-recency customers
5,2071.77,106,819,United Kingdom,414.354,163.8,0.016,193,96,locked_audit,f5d1f797b25f,1,1.1798633594584766,1.0732734156004045,Established mid-value customers
5,987.1,40,622,United Kingdom,197.42,124.4,0.0,3,132,locked_audit,a7eddbc42cb1,0,1.0891119306935304,0.8906583895586366,High-value frequent customers
17,2073.09,60,1051,United Kingdom,121.9464705882353,61.8235294117647,0.009523809523809525,10,208,locked_audit,c947f816dd49,0,0.5998209363388083,1.3821544139184478,High-value frequent customers
2,596.1,3,166,United Kingdom,298.05,83.0,0.0,24,210,locked_audit,f3f1a295863f,2,0.8522762726236884,0.18503761426789211,Recent occasional customers
2,804.02,39,511,United Kingdom,402.01,255.5,0.04081632653061224,123,64,locked_audit,2b7fc87cb09b,1,0.7964455410006861,0.5993004736629328,Established mid-value customers
1,4314.72,16,7824,United Kingdom,4314.72,7824.0,0.0,88,0,locked_audit,468012aff7f9,1,1.8631211686866547,0.3894048277743616,Established mid-value customers
3,2338.6000000000004,27,714,United Kingdom,779.5333333333334,238.0,0.0,25,342,locked_audit,6a15229f4c13,1,0.9389982323088218,0.1490024079768849,Established mid-value customers
6,2628.35,86,1475,United Kingdom,438.05833333333334,245.83333333333334,0.04316546762589928,173,186,locked_audit,409b6f393ee5,1,1.2769939313586083,0.842225702891304,Established mid-value customers
2,324.24,19,146,United Kingdom,162.12,73.0,0.0,44,52,locked_audit,facd7b0de1bc,2,0.6730646871882212,0.47703171249372744,Recent occasional customers
1,25.5,1,2,United Kingdom,25.5,2.0,0.5,135,0,locked_audit,95593704872d,3,2.2090021382331417,0.47376628509559016,Long-recency customers
1,168.6,7,76,United Kingdom,168.6,76.0,0.125,367,0,locked_audit,f622980a424c,3,0.6131737199090469,1.6268417392734293,Long-recency customers
6,3078.58,99,2050,United Kingdom,513.0966666666667,341.6666666666667,0.023529411764705882,3,244,locked_audit,7aeee8f34546,0,0.6465764677690122,1.535387526463481,High-value frequent customers
3,204.0,1,80,United Kingdom,68.0,26.666666666666668,0.0,3,255,locked_audit,92371d88584b,2,1.7507223935261849,0.591963913379902,Recent occasional customers
1,173.9,9,66,United Kingdom,173.9,66.0,0.0,74,0,locked_audit,e74792a227d2,2,0.9218402924732076,0.08010232911662829,Recent occasional customers
16,2045.53,263,1357,United Kingdom,127.845625,84.8125,0.0,4,334,locked_audit,32c2e8b2cc54,0,0.7615889262717371,1.5440642964847404,High-value frequent customers
